CREATE DATABASE  IF NOT EXISTS `gls` /*!40100 DEFAULT CHARACTER SET utf8 COLLATE utf8_unicode_ci */;
USE `gls`;
-- MySQL dump 10.13  Distrib 5.5.46, for debian-linux-gnu (i686)
--
-- Host: 127.0.0.1    Database: gls
-- ------------------------------------------------------
-- Server version	5.5.46-0ubuntu0.14.04.2

/*!40101 SET @OLD_CHARACTER_SET_CLIENT=@@CHARACTER_SET_CLIENT */;
/*!40101 SET @OLD_CHARACTER_SET_RESULTS=@@CHARACTER_SET_RESULTS */;
/*!40101 SET @OLD_COLLATION_CONNECTION=@@COLLATION_CONNECTION */;
/*!40101 SET NAMES utf8 */;
/*!40103 SET @OLD_TIME_ZONE=@@TIME_ZONE */;
/*!40103 SET TIME_ZONE='+00:00' */;
/*!40014 SET @OLD_UNIQUE_CHECKS=@@UNIQUE_CHECKS, UNIQUE_CHECKS=0 */;
/*!40014 SET @OLD_FOREIGN_KEY_CHECKS=@@FOREIGN_KEY_CHECKS, FOREIGN_KEY_CHECKS=0 */;
/*!40101 SET @OLD_SQL_MODE=@@SQL_MODE, SQL_MODE='NO_AUTO_VALUE_ON_ZERO' */;
/*!40111 SET @OLD_SQL_NOTES=@@SQL_NOTES, SQL_NOTES=0 */;

--
-- Table structure for table `BldChange`
--

DROP TABLE IF EXISTS `BldChange`;
/*!40101 SET @saved_cs_client     = @@character_set_client */;
/*!40101 SET character_set_client = utf8 */;
CREATE TABLE `BldChange` (
  `id` int(11) NOT NULL AUTO_INCREMENT,
  `ChangeTime` datetime DEFAULT NULL,
  `BldNew_id` int(11) NOT NULL,
  `Tag_id` varchar(20) COLLATE utf8_unicode_ci NOT NULL,
  PRIMARY KEY (`id`),
  KEY `BldChange_BldNew_id_c0121e42_fk_Building_id` (`BldNew_id`),
  KEY `BldChange_Tag_id_8673e350_fk_Tag_TagId` (`Tag_id`),
  CONSTRAINT `BldChange_BldNew_id_c0121e42_fk_Building_id` FOREIGN KEY (`BldNew_id`) REFERENCES `Building` (`id`),
  CONSTRAINT `BldChange_Tag_id_8673e350_fk_Tag_TagId` FOREIGN KEY (`Tag_id`) REFERENCES `Tag` (`TagId`)
) ENGINE=InnoDB DEFAULT CHARSET=utf8 COLLATE=utf8_unicode_ci;
/*!40101 SET character_set_client = @saved_cs_client */;

--
-- Dumping data for table `BldChange`
--

LOCK TABLES `BldChange` WRITE;
/*!40000 ALTER TABLE `BldChange` DISABLE KEYS */;
/*!40000 ALTER TABLE `BldChange` ENABLE KEYS */;
UNLOCK TABLES;

--
-- Table structure for table `Building`
--

DROP TABLE IF EXISTS `Building`;
/*!40101 SET @saved_cs_client     = @@character_set_client */;
/*!40101 SET character_set_client = utf8 */;
CREATE TABLE `Building` (
  `id` int(11) NOT NULL AUTO_INCREMENT,
  `BuildingName` varchar(200) COLLATE utf8_unicode_ci DEFAULT NULL,
  `dae_BuildingName` varchar(200) COLLATE utf8_unicode_ci NOT NULL,
  `maxx` double,
  `maxy` double,
  `maxz` double,
  `minx` double,
  `miny` double,
  `minz` double,
  `LoadLandscape_id` varchar(20) COLLATE utf8_unicode_ci NOT NULL,
  PRIMARY KEY (`id`),
  KEY `Building_5813e371` (`LoadLandscape_id`),
  CONSTRAINT `Building_LoadLandscape_id_aa6ef871_fk_LoadLandscape_landscape_id` FOREIGN KEY (`LoadLandscape_id`) REFERENCES `LoadLandscape` (`landscape_id`)
) ENGINE=InnoDB AUTO_INCREMENT=234 DEFAULT CHARSET=utf8 COLLATE=utf8_unicode_ci;
/*!40101 SET character_set_client = @saved_cs_client */;

--
-- Dumping data for table `Building`
--

LOCK TABLES `Building` WRITE;
/*!40000 ALTER TABLE `Building` DISABLE KEYS */;
INSERT INTO `Building` VALUES (187,NULL,'building_001',80.6492271920776,50.4396579757324,9.18000030570923,31.2370394393811,-2.48821339962332,0.0100002298131319,'0003'),(222,'Киров','building_001',82.5761748166353,77.5596201776309,8.40143313436565,-25.1665100266247,40.6651115372033,6.01000022888183,'0001'),(230,NULL,'building_001',90.1150162072754,40.9600160719607,9.18000030517578,42.0920912593098,11.1001695125332,0.010000229813152,'0002'),(232,NULL,'building_001',90.1848915091003,40.9600160719607,9.19401546975327,42.0209769694502,11.1001695125332,0.010000229813152,'0000'),(233,NULL,'building_001',94.8243568411316,85.9966247679445,9.19401546975327,46.6604423014814,56.1367782085171,0.010000229813152,'0004');
/*!40000 ALTER TABLE `Building` ENABLE KEYS */;
UNLOCK TABLES;

--
-- Table structure for table `BuildingColor`
--

DROP TABLE IF EXISTS `BuildingColor`;
/*!40101 SET @saved_cs_client     = @@character_set_client */;
/*!40101 SET character_set_client = utf8 */;
CREATE TABLE `BuildingColor` (
  `id` int(11) NOT NULL AUTO_INCREMENT,
  `bcolor` varchar(50) COLLATE utf8_unicode_ci DEFAULT NULL,
  `Building_id` int(11) NOT NULL,
  `User_id` int(11) NOT NULL,
  PRIMARY KEY (`id`),
  KEY `BuildingColor_Building_id_e5b85583_fk_Building_id` (`Building_id`),
  KEY `BuildingColor_User_id_75f27709_fk_auth_user_id` (`User_id`),
  CONSTRAINT `BuildingColor_Building_id_e5b85583_fk_Building_id` FOREIGN KEY (`Building_id`) REFERENCES `Building` (`id`),
  CONSTRAINT `BuildingColor_User_id_75f27709_fk_auth_user_id` FOREIGN KEY (`User_id`) REFERENCES `auth_user` (`id`)
) ENGINE=InnoDB AUTO_INCREMENT=2 DEFAULT CHARSET=utf8 COLLATE=utf8_unicode_ci;
/*!40101 SET character_set_client = @saved_cs_client */;

--
-- Dumping data for table `BuildingColor`
--

LOCK TABLES `BuildingColor` WRITE;
/*!40000 ALTER TABLE `BuildingColor` DISABLE KEYS */;
INSERT INTO `BuildingColor` VALUES (1,'9C3A3A',233,1);
/*!40000 ALTER TABLE `BuildingColor` ENABLE KEYS */;
UNLOCK TABLES;

--
-- Table structure for table `BuildingExcludeZone`
--

DROP TABLE IF EXISTS `BuildingExcludeZone`;
/*!40101 SET @saved_cs_client     = @@character_set_client */;
/*!40101 SET character_set_client = utf8 */;
CREATE TABLE `BuildingExcludeZone` (
  `id` int(11) NOT NULL AUTO_INCREMENT,
  `Building_id` int(11) NOT NULL,
  `ExcludeZone_id` int(11) NOT NULL,
  PRIMARY KEY (`id`),
  KEY `BuildingExcludeZone_Building_id_2d28645b_fk_Building_id` (`Building_id`),
  KEY `BuildingExcludeZone_d0fbb491` (`ExcludeZone_id`),
  CONSTRAINT `BuildingExcludeZone_Building_id_2d28645b_fk_Building_id` FOREIGN KEY (`Building_id`) REFERENCES `Building` (`id`),
  CONSTRAINT `BuildingExcludeZone_ExcludeZone_id_088d4248_fk_ExcludeZone_id` FOREIGN KEY (`ExcludeZone_id`) REFERENCES `ExcludeZone` (`id`)
) ENGINE=InnoDB DEFAULT CHARSET=utf8 COLLATE=utf8_unicode_ci;
/*!40101 SET character_set_client = @saved_cs_client */;

--
-- Dumping data for table `BuildingExcludeZone`
--

LOCK TABLES `BuildingExcludeZone` WRITE;
/*!40000 ALTER TABLE `BuildingExcludeZone` DISABLE KEYS */;
/*!40000 ALTER TABLE `BuildingExcludeZone` ENABLE KEYS */;
UNLOCK TABLES;

--
-- Table structure for table `BuildingIncomeZone`
--

DROP TABLE IF EXISTS `BuildingIncomeZone`;
/*!40101 SET @saved_cs_client     = @@character_set_client */;
/*!40101 SET character_set_client = utf8 */;
CREATE TABLE `BuildingIncomeZone` (
  `id` int(11) NOT NULL AUTO_INCREMENT,
  `Building_id` int(11) NOT NULL,
  `IncomeZone_id` int(11) NOT NULL,
  PRIMARY KEY (`id`),
  KEY `BuildingIncomeZone_Building_id_089e8b71_fk_Building_id` (`Building_id`),
  KEY `BuildingIncomeZone_7a2c7c3f` (`IncomeZone_id`),
  CONSTRAINT `BuildingIncomeZone_Building_id_089e8b71_fk_Building_id` FOREIGN KEY (`Building_id`) REFERENCES `Building` (`id`),
  CONSTRAINT `BuildingIncomeZone_IncomeZone_id_d100bfa0_fk_IncomeZone_id` FOREIGN KEY (`IncomeZone_id`) REFERENCES `IncomeZone` (`id`)
) ENGINE=InnoDB DEFAULT CHARSET=utf8 COLLATE=utf8_unicode_ci;
/*!40101 SET character_set_client = @saved_cs_client */;

--
-- Dumping data for table `BuildingIncomeZone`
--

LOCK TABLES `BuildingIncomeZone` WRITE;
/*!40000 ALTER TABLE `BuildingIncomeZone` DISABLE KEYS */;
/*!40000 ALTER TABLE `BuildingIncomeZone` ENABLE KEYS */;
UNLOCK TABLES;

--
-- Table structure for table `BuildingUserZone`
--

DROP TABLE IF EXISTS `BuildingUserZone`;
/*!40101 SET @saved_cs_client     = @@character_set_client */;
/*!40101 SET character_set_client = utf8 */;
CREATE TABLE `BuildingUserZone` (
  `id` int(11) NOT NULL AUTO_INCREMENT,
  `Building_id` int(11) NOT NULL,
  `UserZone_id` int(11) NOT NULL,
  PRIMARY KEY (`id`),
  KEY `BuildingUserZone_Building_id_82c8de80_fk_Building_id` (`Building_id`),
  KEY `BuildingUserZone_90e651b5` (`UserZone_id`),
  CONSTRAINT `BuildingUserZone_Building_id_82c8de80_fk_Building_id` FOREIGN KEY (`Building_id`) REFERENCES `Building` (`id`),
  CONSTRAINT `BuildingUserZone_UserZone_id_deb46117_fk_UserZone_id` FOREIGN KEY (`UserZone_id`) REFERENCES `UserZone` (`id`)
) ENGINE=InnoDB DEFAULT CHARSET=utf8 COLLATE=utf8_unicode_ci;
/*!40101 SET character_set_client = @saved_cs_client */;

--
-- Dumping data for table `BuildingUserZone`
--

LOCK TABLES `BuildingUserZone` WRITE;
/*!40000 ALTER TABLE `BuildingUserZone` DISABLE KEYS */;
/*!40000 ALTER TABLE `BuildingUserZone` ENABLE KEYS */;
UNLOCK TABLES;

--
-- Table structure for table `Command`
--

DROP TABLE IF EXISTS `Command`;
/*!40101 SET @saved_cs_client     = @@character_set_client */;
/*!40101 SET character_set_client = utf8 */;
CREATE TABLE `Command` (
  `id` int(11) NOT NULL AUTO_INCREMENT,
  `Name` varchar(200) COLLATE utf8_unicode_ci DEFAULT NULL,
  PRIMARY KEY (`id`)
) ENGINE=InnoDB AUTO_INCREMENT=7 DEFAULT CHARSET=utf8 COLLATE=utf8_unicode_ci;
/*!40101 SET character_set_client = @saved_cs_client */;

--
-- Dumping data for table `Command`
--

LOCK TABLES `Command` WRITE;
/*!40000 ALTER TABLE `Command` DISABLE KEYS */;
INSERT INTO `Command` VALUES (1,'saveNewSession'),(2,'loadSession'),(3,'getListSessions'),(4,'deleteSession'),(5,'updateSession'),(6,'addPlanToSession');
/*!40000 ALTER TABLE `Command` ENABLE KEYS */;
UNLOCK TABLES;

--
-- Table structure for table `ExcludeZone`
--

DROP TABLE IF EXISTS `ExcludeZone`;
/*!40101 SET @saved_cs_client     = @@character_set_client */;
/*!40101 SET character_set_client = utf8 */;
CREATE TABLE `ExcludeZone` (
  `id` int(11) NOT NULL AUTO_INCREMENT,
  `LoadLandscape_id` varchar(20) COLLATE utf8_unicode_ci NOT NULL,
  PRIMARY KEY (`id`),
  KEY `ExcludeZone_5813e371` (`LoadLandscape_id`),
  CONSTRAINT `ExcludeZ_LoadLandscape_id_295e248a_fk_LoadLandscape_landscape_id` FOREIGN KEY (`LoadLandscape_id`) REFERENCES `LoadLandscape` (`landscape_id`)
) ENGINE=InnoDB AUTO_INCREMENT=42 DEFAULT CHARSET=utf8 COLLATE=utf8_unicode_ci;
/*!40101 SET character_set_client = @saved_cs_client */;

--
-- Dumping data for table `ExcludeZone`
--

LOCK TABLES `ExcludeZone` WRITE;
/*!40000 ALTER TABLE `ExcludeZone` DISABLE KEYS */;
INSERT INTO `ExcludeZone` VALUES (20,'0000'),(21,'0000'),(24,'0000'),(25,'0000'),(29,'0000'),(30,'0000'),(34,'0000'),(37,'0004'),(38,'0004'),(39,'0004'),(40,'0004'),(41,'0004');
/*!40000 ALTER TABLE `ExcludeZone` ENABLE KEYS */;
UNLOCK TABLES;

--
-- Table structure for table `ExcludeZoneUserZone`
--

DROP TABLE IF EXISTS `ExcludeZoneUserZone`;
/*!40101 SET @saved_cs_client     = @@character_set_client */;
/*!40101 SET character_set_client = utf8 */;
CREATE TABLE `ExcludeZoneUserZone` (
  `id` int(11) NOT NULL AUTO_INCREMENT,
  `ExcludeZone_id` int(11) NOT NULL,
  `UserZone_id` int(11) NOT NULL,
  PRIMARY KEY (`id`),
  KEY `ExcludeZoneUserZone_ExcludeZone_id_d1a92726_fk_ExcludeZone_id` (`ExcludeZone_id`),
  KEY `ExcludeZoneUserZone_UserZone_id_2b0e8b8d_fk_UserZone_id` (`UserZone_id`),
  CONSTRAINT `ExcludeZoneUserZone_ExcludeZone_id_d1a92726_fk_ExcludeZone_id` FOREIGN KEY (`ExcludeZone_id`) REFERENCES `ExcludeZone` (`id`),
  CONSTRAINT `ExcludeZoneUserZone_UserZone_id_2b0e8b8d_fk_UserZone_id` FOREIGN KEY (`UserZone_id`) REFERENCES `UserZone` (`id`)
) ENGINE=InnoDB AUTO_INCREMENT=12 DEFAULT CHARSET=utf8 COLLATE=utf8_unicode_ci;
/*!40101 SET character_set_client = @saved_cs_client */;

--
-- Dumping data for table `ExcludeZoneUserZone`
--

LOCK TABLES `ExcludeZoneUserZone` WRITE;
/*!40000 ALTER TABLE `ExcludeZoneUserZone` DISABLE KEYS */;
INSERT INTO `ExcludeZoneUserZone` VALUES (7,34,28),(10,37,42),(11,41,40);
/*!40000 ALTER TABLE `ExcludeZoneUserZone` ENABLE KEYS */;
UNLOCK TABLES;

--
-- Table structure for table `Floor`
--

DROP TABLE IF EXISTS `Floor`;
/*!40101 SET @saved_cs_client     = @@character_set_client */;
/*!40101 SET character_set_client = utf8 */;
CREATE TABLE `Floor` (
  `id` int(11) NOT NULL AUTO_INCREMENT,
  `FloorName` varchar(200) COLLATE utf8_unicode_ci DEFAULT NULL,
  `dae_FloorName` varchar(200) COLLATE utf8_unicode_ci NOT NULL,
  `Building_id` int(11) NOT NULL,
  `maxx` double,
  `maxy` double,
  `maxz` double,
  `minx` double,
  `miny` double,
  `minz` double,
  `LoadLandscape_id` varchar(20) COLLATE utf8_unicode_ci NOT NULL,
  PRIMARY KEY (`id`),
  KEY `Floor_Building_id_4b3bc6f6_fk_Building_id` (`Building_id`),
  KEY `Floor_5813e371` (`LoadLandscape_id`),
  CONSTRAINT `Floor_Building_id_4b3bc6f6_fk_Building_id` FOREIGN KEY (`Building_id`) REFERENCES `Building` (`id`),
  CONSTRAINT `Floor_LoadLandscape_id_38f225f0_fk_LoadLandscape_landscape_id` FOREIGN KEY (`LoadLandscape_id`) REFERENCES `LoadLandscape` (`landscape_id`)
) ENGINE=InnoDB AUTO_INCREMENT=644 DEFAULT CHARSET=utf8 COLLATE=utf8_unicode_ci;
/*!40101 SET character_set_client = @saved_cs_client */;

--
-- Dumping data for table `Floor`
--

LOCK TABLES `Floor` WRITE;
/*!40000 ALTER TABLE `Floor` DISABLE KEYS */;
INSERT INTO `Floor` VALUES (513,NULL,'floor_003',187,80.6492271920776,50.4396579757324,9.18000030570923,31.2426535344367,-2.48821339962332,6.05000019073484,'0003'),(514,NULL,'floor_002',187,80.6488895082578,50.4396579757324,6.07000005245215,31.2370394625734,-2.48651290737304,3.03000020980832,'0003'),(515,NULL,'floor_001',187,80.6488895082578,50.4396579757324,3.02000045962638,31.2370394393811,-2.48651290737304,0.0100002298131319,'0003'),(610,'Этаж 1','floor_001',222,82.5761748166353,77.5596201776309,8.40143313436565,-25.1665100266247,40.6651115372033,6.02000045776366,'0001'),(632,NULL,'floor_003',230,90.1150162072754,40.9508270015986,9.18000030517578,42.1099951905966,11.1001695125332,6,'0002'),(633,NULL,'floor_002',230,90.1136521723125,40.9600160719607,6.07000005245211,42.0920912593098,11.101213098499,2.9800007343292,'0002'),(634,NULL,'floor_001',230,90.1136521723125,40.9600160719607,3.02000045962633,42.0920915212443,11.101213098499,0.010000229813152,'0002'),(638,NULL,'floor_003',232,90.1848915091003,40.9508270015986,9.19401546975327,42.0209769694502,11.1001695125332,6,'0000'),(639,NULL,'floor_002',232,90.1136521723125,40.9600160719607,6.07000005245211,42.0920912593098,11.101213098499,2.9800007343292,'0000'),(640,NULL,'floor_001',232,90.1136521723125,40.9600160719607,3.02000045962633,42.0920915212443,11.101213098499,0.010000229813152,'0000'),(641,NULL,'floor_003',233,94.8243568411316,85.9874366512568,9.19401546975327,46.6604423014814,56.1367782085171,6,'0004'),(642,NULL,'floor_002',233,94.7531175043437,85.9966247679445,6.07000005245211,46.7315565913411,56.1378227481572,2.9800007343292,'0004'),(643,NULL,'floor_001',233,94.7531175043437,85.9966247679445,3.02000045962633,46.7315568532756,56.1378227481572,0.010000229813152,'0004');
/*!40000 ALTER TABLE `Floor` ENABLE KEYS */;
UNLOCK TABLES;

--
-- Table structure for table `FloorColor`
--

DROP TABLE IF EXISTS `FloorColor`;
/*!40101 SET @saved_cs_client     = @@character_set_client */;
/*!40101 SET character_set_client = utf8 */;
CREATE TABLE `FloorColor` (
  `id` int(11) NOT NULL AUTO_INCREMENT,
  `fcolor` varchar(50) COLLATE utf8_unicode_ci DEFAULT NULL,
  `Floor_id` int(11) NOT NULL,
  `User_id` int(11) NOT NULL,
  PRIMARY KEY (`id`),
  KEY `FloorColor_Floor_id_fb1d3fd8_fk_Floor_id` (`Floor_id`),
  KEY `FloorColor_User_id_807a28a9_fk_auth_user_id` (`User_id`),
  CONSTRAINT `FloorColor_Floor_id_fb1d3fd8_fk_Floor_id` FOREIGN KEY (`Floor_id`) REFERENCES `Floor` (`id`),
  CONSTRAINT `FloorColor_User_id_807a28a9_fk_auth_user_id` FOREIGN KEY (`User_id`) REFERENCES `auth_user` (`id`)
) ENGINE=InnoDB AUTO_INCREMENT=4 DEFAULT CHARSET=utf8 COLLATE=utf8_unicode_ci;
/*!40101 SET character_set_client = @saved_cs_client */;

--
-- Dumping data for table `FloorColor`
--

LOCK TABLES `FloorColor` WRITE;
/*!40000 ALTER TABLE `FloorColor` DISABLE KEYS */;
INSERT INTO `FloorColor` VALUES (1,'00CED1',641,1),(2,'00CED1',642,1),(3,'00CED1',643,1);
/*!40000 ALTER TABLE `FloorColor` ENABLE KEYS */;
UNLOCK TABLES;

--
-- Table structure for table `FloorExcludeZone`
--

DROP TABLE IF EXISTS `FloorExcludeZone`;
/*!40101 SET @saved_cs_client     = @@character_set_client */;
/*!40101 SET character_set_client = utf8 */;
CREATE TABLE `FloorExcludeZone` (
  `id` int(11) NOT NULL AUTO_INCREMENT,
  `ExcludeZone_id` int(11) NOT NULL,
  `Floor_id` int(11) NOT NULL,
  PRIMARY KEY (`id`),
  KEY `FloorExcludeZone_ExcludeZone_id_3a2118f4_fk_ExcludeZone_id` (`ExcludeZone_id`),
  KEY `FloorExcludeZone_Floor_id_b01ba8e7_fk_Floor_id` (`Floor_id`),
  CONSTRAINT `FloorExcludeZone_ExcludeZone_id_3a2118f4_fk_ExcludeZone_id` FOREIGN KEY (`ExcludeZone_id`) REFERENCES `ExcludeZone` (`id`),
  CONSTRAINT `FloorExcludeZone_Floor_id_b01ba8e7_fk_Floor_id` FOREIGN KEY (`Floor_id`) REFERENCES `Floor` (`id`)
) ENGINE=InnoDB AUTO_INCREMENT=9 DEFAULT CHARSET=utf8 COLLATE=utf8_unicode_ci;
/*!40101 SET character_set_client = @saved_cs_client */;

--
-- Dumping data for table `FloorExcludeZone`
--

LOCK TABLES `FloorExcludeZone` WRITE;
/*!40000 ALTER TABLE `FloorExcludeZone` DISABLE KEYS */;
INSERT INTO `FloorExcludeZone` VALUES (7,21,638),(8,20,638);
/*!40000 ALTER TABLE `FloorExcludeZone` ENABLE KEYS */;
UNLOCK TABLES;

--
-- Table structure for table `FloorIncomeZone`
--

DROP TABLE IF EXISTS `FloorIncomeZone`;
/*!40101 SET @saved_cs_client     = @@character_set_client */;
/*!40101 SET character_set_client = utf8 */;
CREATE TABLE `FloorIncomeZone` (
  `id` int(11) NOT NULL AUTO_INCREMENT,
  `Floor_id` int(11) NOT NULL,
  `IncomeZone_id` int(11) NOT NULL,
  PRIMARY KEY (`id`),
  KEY `FloorIncomeZone_Floor_id_c6184406_fk_Floor_id` (`Floor_id`),
  KEY `FloorIncomeZone_7a2c7c3f` (`IncomeZone_id`),
  CONSTRAINT `FloorIncomeZone_Floor_id_c6184406_fk_Floor_id` FOREIGN KEY (`Floor_id`) REFERENCES `Floor` (`id`),
  CONSTRAINT `FloorIncomeZone_IncomeZone_id_596525ea_fk_IncomeZone_id` FOREIGN KEY (`IncomeZone_id`) REFERENCES `IncomeZone` (`id`)
) ENGINE=InnoDB AUTO_INCREMENT=15 DEFAULT CHARSET=utf8 COLLATE=utf8_unicode_ci;
/*!40101 SET character_set_client = @saved_cs_client */;

--
-- Dumping data for table `FloorIncomeZone`
--

LOCK TABLES `FloorIncomeZone` WRITE;
/*!40000 ALTER TABLE `FloorIncomeZone` DISABLE KEYS */;
INSERT INTO `FloorIncomeZone` VALUES (9,638,63),(10,638,64),(11,642,123),(12,642,124),(13,641,125),(14,641,126);
/*!40000 ALTER TABLE `FloorIncomeZone` ENABLE KEYS */;
UNLOCK TABLES;

--
-- Table structure for table `FloorUserZone`
--

DROP TABLE IF EXISTS `FloorUserZone`;
/*!40101 SET @saved_cs_client     = @@character_set_client */;
/*!40101 SET character_set_client = utf8 */;
CREATE TABLE `FloorUserZone` (
  `id` int(11) NOT NULL AUTO_INCREMENT,
  `Floor_id` int(11) NOT NULL,
  `UserZone_id` int(11) NOT NULL,
  PRIMARY KEY (`id`),
  KEY `FloorUserZone_Floor_id_560ed1a2_fk_Floor_id` (`Floor_id`),
  KEY `FloorUserZone_bb9de7a6` (`UserZone_id`),
  CONSTRAINT `FloorUserZone_Floor_id_560ed1a2_fk_Floor_id` FOREIGN KEY (`Floor_id`) REFERENCES `Floor` (`id`),
  CONSTRAINT `FloorUserZone_UserZone_id_236b4758_fk_UserZone_id` FOREIGN KEY (`UserZone_id`) REFERENCES `UserZone` (`id`)
) ENGINE=InnoDB AUTO_INCREMENT=6 DEFAULT CHARSET=utf8 COLLATE=utf8_unicode_ci;
/*!40101 SET character_set_client = @saved_cs_client */;

--
-- Dumping data for table `FloorUserZone`
--

LOCK TABLES `FloorUserZone` WRITE;
/*!40000 ALTER TABLE `FloorUserZone` DISABLE KEYS */;
INSERT INTO `FloorUserZone` VALUES (3,610,35),(4,610,36),(5,610,37);
/*!40000 ALTER TABLE `FloorUserZone` ENABLE KEYS */;
UNLOCK TABLES;

--
-- Table structure for table `FlrChange`
--

DROP TABLE IF EXISTS `FlrChange`;
/*!40101 SET @saved_cs_client     = @@character_set_client */;
/*!40101 SET character_set_client = utf8 */;
CREATE TABLE `FlrChange` (
  `id` int(11) NOT NULL AUTO_INCREMENT,
  `ChangeTime` datetime DEFAULT NULL,
  `FlrNew_id` int(11) NOT NULL,
  `Tag_id` varchar(20) COLLATE utf8_unicode_ci NOT NULL,
  PRIMARY KEY (`id`),
  KEY `FlrChange_FlrNew_id_f0c8c029_fk_Floor_id` (`FlrNew_id`),
  KEY `FlrChange_Tag_id_c2211ea2_fk_Tag_TagId` (`Tag_id`),
  CONSTRAINT `FlrChange_FlrNew_id_f0c8c029_fk_Floor_id` FOREIGN KEY (`FlrNew_id`) REFERENCES `Floor` (`id`),
  CONSTRAINT `FlrChange_Tag_id_c2211ea2_fk_Tag_TagId` FOREIGN KEY (`Tag_id`) REFERENCES `Tag` (`TagId`)
) ENGINE=InnoDB DEFAULT CHARSET=utf8 COLLATE=utf8_unicode_ci;
/*!40101 SET character_set_client = @saved_cs_client */;

--
-- Dumping data for table `FlrChange`
--

LOCK TABLES `FlrChange` WRITE;
/*!40000 ALTER TABLE `FlrChange` DISABLE KEYS */;
/*!40000 ALTER TABLE `FlrChange` ENABLE KEYS */;
UNLOCK TABLES;

--
-- Table structure for table `GroupUserZone`
--

DROP TABLE IF EXISTS `GroupUserZone`;
/*!40101 SET @saved_cs_client     = @@character_set_client */;
/*!40101 SET character_set_client = utf8 */;
CREATE TABLE `GroupUserZone` (
  `id` int(11) NOT NULL AUTO_INCREMENT,
  `GroupName` varchar(200) COLLATE utf8_unicode_ci NOT NULL,
  `GroupDescription` longtext COLLATE utf8_unicode_ci NOT NULL,
  `User_id` int(11) NOT NULL,
  `LoadLandscape_id` varchar(20) COLLATE utf8_unicode_ci NOT NULL,
  PRIMARY KEY (`id`),
  KEY `GroupUserZone_User_id_326a6a75_fk_auth_user_id` (`User_id`),
  KEY `GroupUserZone_5813e371` (`LoadLandscape_id`),
  CONSTRAINT `GroupUserZone_User_id_326a6a75_fk_auth_user_id` FOREIGN KEY (`User_id`) REFERENCES `auth_user` (`id`),
  CONSTRAINT `GroupUse_LoadLandscape_id_bd802176_fk_LoadLandscape_landscape_id` FOREIGN KEY (`LoadLandscape_id`) REFERENCES `LoadLandscape` (`landscape_id`)
) ENGINE=InnoDB AUTO_INCREMENT=17 DEFAULT CHARSET=utf8 COLLATE=utf8_unicode_ci;
/*!40101 SET character_set_client = @saved_cs_client */;

--
-- Dumping data for table `GroupUserZone`
--

LOCK TABLES `GroupUserZone` WRITE;
/*!40000 ALTER TABLE `GroupUserZone` DISABLE KEYS */;
INSERT INTO `GroupUserZone` VALUES (11,'Рабочие помещения','',1,'0000'),(14,'Остальные','',1,'0000'),(15,'киров_тест','',1,'0001'),(16,'киров_тест2','',1,'0001');
/*!40000 ALTER TABLE `GroupUserZone` ENABLE KEYS */;
UNLOCK TABLES;

--
-- Table structure for table `GroupUserZoneUserZone`
--

DROP TABLE IF EXISTS `GroupUserZoneUserZone`;
/*!40101 SET @saved_cs_client     = @@character_set_client */;
/*!40101 SET character_set_client = utf8 */;
CREATE TABLE `GroupUserZoneUserZone` (
  `id` int(11) NOT NULL AUTO_INCREMENT,
  `GroupUserZone_id` int(11) NOT NULL,
  `UserZone_id` int(11) NOT NULL,
  PRIMARY KEY (`id`),
  KEY `GroupUserZoneUserZ_GroupUserZone_id_02d88f73_fk_GroupUserZone_id` (`GroupUserZone_id`),
  KEY `GroupUserZoneUserZone_90e651b5` (`UserZone_id`),
  CONSTRAINT `GroupUserZoneUserZone_UserZone_id_4d26c25f_fk_UserZone_id` FOREIGN KEY (`UserZone_id`) REFERENCES `UserZone` (`id`),
  CONSTRAINT `GroupUserZoneUserZ_GroupUserZone_id_02d88f73_fk_GroupUserZone_id` FOREIGN KEY (`GroupUserZone_id`) REFERENCES `GroupUserZone` (`id`)
) ENGINE=InnoDB AUTO_INCREMENT=31 DEFAULT CHARSET=utf8 COLLATE=utf8_unicode_ci;
/*!40101 SET character_set_client = @saved_cs_client */;

--
-- Dumping data for table `GroupUserZoneUserZone`
--

LOCK TABLES `GroupUserZoneUserZone` WRITE;
/*!40000 ALTER TABLE `GroupUserZoneUserZone` DISABLE KEYS */;
INSERT INTO `GroupUserZoneUserZone` VALUES (19,11,22),(21,11,24),(23,11,27),(24,11,28),(25,14,29),(26,11,30),(27,11,31),(28,11,32),(29,15,36),(30,16,37);
/*!40000 ALTER TABLE `GroupUserZoneUserZone` ENABLE KEYS */;
UNLOCK TABLES;

--
-- Table structure for table `IncomeZone`
--

DROP TABLE IF EXISTS `IncomeZone`;
/*!40101 SET @saved_cs_client     = @@character_set_client */;
/*!40101 SET character_set_client = utf8 */;
CREATE TABLE `IncomeZone` (
  `id` int(11) NOT NULL AUTO_INCREMENT,
  `LoadLandscape_id` varchar(20) COLLATE utf8_unicode_ci NOT NULL,
  PRIMARY KEY (`id`),
  KEY `IncomeZone_5813e371` (`LoadLandscape_id`),
  CONSTRAINT `IncomeZo_LoadLandscape_id_63212a09_fk_LoadLandscape_landscape_id` FOREIGN KEY (`LoadLandscape_id`) REFERENCES `LoadLandscape` (`landscape_id`)
) ENGINE=InnoDB AUTO_INCREMENT=132 DEFAULT CHARSET=utf8 COLLATE=utf8_unicode_ci;
/*!40101 SET character_set_client = @saved_cs_client */;

--
-- Dumping data for table `IncomeZone`
--

LOCK TABLES `IncomeZone` WRITE;
/*!40000 ALTER TABLE `IncomeZone` DISABLE KEYS */;
INSERT INTO `IncomeZone` VALUES (63,'0000'),(64,'0000'),(65,'0000'),(66,'0000'),(67,'0000'),(69,'0000'),(70,'0000'),(71,'0000'),(72,'0000'),(73,'0000'),(74,'0000'),(76,'0000'),(77,'0000'),(78,'0000'),(79,'0000'),(80,'0000'),(81,'0000'),(82,'0000'),(83,'0000'),(84,'0000'),(85,'0000'),(87,'0000'),(89,'0000'),(90,'0000'),(91,'0000'),(92,'0000'),(93,'0000'),(95,'0000'),(97,'0000'),(99,'0000'),(100,'0000'),(101,'0000'),(102,'0000'),(103,'0000'),(105,'0000'),(106,'0000'),(107,'0004'),(108,'0004'),(109,'0004'),(110,'0004'),(111,'0004'),(112,'0004'),(113,'0004'),(114,'0004'),(116,'0004'),(117,'0004'),(118,'0004'),(119,'0004'),(120,'0004'),(121,'0004'),(122,'0004'),(123,'0004'),(124,'0004'),(125,'0004'),(126,'0004'),(127,'0004'),(128,'0004'),(129,'0004'),(130,'0004'),(131,'0004');
/*!40000 ALTER TABLE `IncomeZone` ENABLE KEYS */;
UNLOCK TABLES;

--
-- Table structure for table `IncomeZoneUserZone`
--

DROP TABLE IF EXISTS `IncomeZoneUserZone`;
/*!40101 SET @saved_cs_client     = @@character_set_client */;
/*!40101 SET character_set_client = utf8 */;
CREATE TABLE `IncomeZoneUserZone` (
  `id` int(11) NOT NULL AUTO_INCREMENT,
  `IncomeZone_id` int(11) NOT NULL,
  `UserZone_id` int(11) NOT NULL,
  PRIMARY KEY (`id`),
  KEY `IncomeZoneUserZone_IncomeZone_id_7822e1eb_fk_IncomeZone_id` (`IncomeZone_id`),
  KEY `IncomeZoneUserZone_UserZone_id_71ce4d4d_fk_UserZone_id` (`UserZone_id`),
  CONSTRAINT `IncomeZoneUserZone_IncomeZone_id_7822e1eb_fk_IncomeZone_id` FOREIGN KEY (`IncomeZone_id`) REFERENCES `IncomeZone` (`id`),
  CONSTRAINT `IncomeZoneUserZone_UserZone_id_71ce4d4d_fk_UserZone_id` FOREIGN KEY (`UserZone_id`) REFERENCES `UserZone` (`id`)
) ENGINE=InnoDB AUTO_INCREMENT=28 DEFAULT CHARSET=utf8 COLLATE=utf8_unicode_ci;
/*!40101 SET character_set_client = @saved_cs_client */;

--
-- Dumping data for table `IncomeZoneUserZone`
--

LOCK TABLES `IncomeZoneUserZone` WRITE;
/*!40000 ALTER TABLE `IncomeZoneUserZone` DISABLE KEYS */;
INSERT INTO `IncomeZoneUserZone` VALUES (5,95,22),(7,97,24),(9,99,27),(10,100,28),(11,101,29),(12,102,30),(14,103,30),(15,105,31),(16,106,32),(17,107,38),(18,108,38),(19,109,38),(20,110,40),(21,111,41),(22,112,43),(23,113,44),(24,114,42),(25,116,45),(26,117,46),(27,118,47);
/*!40000 ALTER TABLE `IncomeZoneUserZone` ENABLE KEYS */;
UNLOCK TABLES;

--
-- Table structure for table `KabinetColor`
--

DROP TABLE IF EXISTS `KabinetColor`;
/*!40101 SET @saved_cs_client     = @@character_set_client */;
/*!40101 SET character_set_client = utf8 */;
CREATE TABLE `KabinetColor` (
  `id` int(11) NOT NULL AUTO_INCREMENT,
  `kcolor` varchar(50) COLLATE utf8_unicode_ci DEFAULT NULL,
  `Kabinet_id` int(11) NOT NULL,
  `User_id` int(11) NOT NULL,
  PRIMARY KEY (`id`),
  KEY `KabinetColor_Kabinet_id_264a1bc7_fk_Kabinet_n_Outer_id` (`Kabinet_id`),
  KEY `KabinetColor_User_id_82026089_fk_auth_user_id` (`User_id`),
  CONSTRAINT `KabinetColor_Kabinet_id_264a1bc7_fk_Kabinet_n_Outer_id` FOREIGN KEY (`Kabinet_id`) REFERENCES `Kabinet_n_Outer` (`id`),
  CONSTRAINT `KabinetColor_User_id_82026089_fk_auth_user_id` FOREIGN KEY (`User_id`) REFERENCES `auth_user` (`id`)
) ENGINE=InnoDB AUTO_INCREMENT=21 DEFAULT CHARSET=utf8 COLLATE=utf8_unicode_ci;
/*!40101 SET character_set_client = @saved_cs_client */;

--
-- Dumping data for table `KabinetColor`
--

LOCK TABLES `KabinetColor` WRITE;
/*!40000 ALTER TABLE `KabinetColor` DISABLE KEYS */;
INSERT INTO `KabinetColor` VALUES (1,'0E2F44',1138,1),(2,'0E2F44',1140,1),(3,'0E2F44',1141,1),(4,'0E2F44',1142,1),(5,'0E2F44',1143,1),(6,'0E2F44',1144,1),(7,'0E2F44',1145,1),(8,'0E2F44',1146,1),(9,'0E2F44',1147,1),(10,'0E2F44',1148,1),(11,'0E2F44',1149,1),(12,'0E2F44',1150,1),(13,'0E2F44',1151,1),(14,'0E2F44',1152,1),(15,'0E2F44',1153,1),(16,'0E2F44',1154,1),(17,'0E2F44',1155,1),(18,'0E2F44',1156,1),(19,'0E2F44',1158,1),(20,'0E2F44',1159,1);
/*!40000 ALTER TABLE `KabinetColor` ENABLE KEYS */;
UNLOCK TABLES;

--
-- Table structure for table `KabinetExcludeZone`
--

DROP TABLE IF EXISTS `KabinetExcludeZone`;
/*!40101 SET @saved_cs_client     = @@character_set_client */;
/*!40101 SET character_set_client = utf8 */;
CREATE TABLE `KabinetExcludeZone` (
  `id` int(11) NOT NULL AUTO_INCREMENT,
  `ExcludeZone_id` int(11) NOT NULL,
  `Kabinet_id` int(11) NOT NULL,
  PRIMARY KEY (`id`),
  KEY `KabinetExcludeZone_ExcludeZone_id_f058165b_fk_ExcludeZone_id` (`ExcludeZone_id`),
  KEY `KabinetExcludeZone_Kabinet_id_0540c6e5_fk_Kabinet_n_Outer_id` (`Kabinet_id`),
  CONSTRAINT `KabinetExcludeZone_ExcludeZone_id_f058165b_fk_ExcludeZone_id` FOREIGN KEY (`ExcludeZone_id`) REFERENCES `ExcludeZone` (`id`),
  CONSTRAINT `KabinetExcludeZone_Kabinet_id_0540c6e5_fk_Kabinet_n_Outer_id` FOREIGN KEY (`Kabinet_id`) REFERENCES `Kabinet_n_Outer` (`id`)
) ENGINE=InnoDB AUTO_INCREMENT=23 DEFAULT CHARSET=utf8 COLLATE=utf8_unicode_ci;
/*!40101 SET character_set_client = @saved_cs_client */;

--
-- Dumping data for table `KabinetExcludeZone`
--

LOCK TABLES `KabinetExcludeZone` WRITE;
/*!40000 ALTER TABLE `KabinetExcludeZone` DISABLE KEYS */;
INSERT INTO `KabinetExcludeZone` VALUES (13,24,1117),(14,25,1119),(18,29,1117),(19,30,1117),(20,38,1140),(21,39,1140),(22,40,1140);
/*!40000 ALTER TABLE `KabinetExcludeZone` ENABLE KEYS */;
UNLOCK TABLES;

--
-- Table structure for table `KabinetIncomeZone`
--

DROP TABLE IF EXISTS `KabinetIncomeZone`;
/*!40101 SET @saved_cs_client     = @@character_set_client */;
/*!40101 SET character_set_client = utf8 */;
CREATE TABLE `KabinetIncomeZone` (
  `id` int(11) NOT NULL AUTO_INCREMENT,
  `Kabinet_id` int(11) NOT NULL,
  `IncomeZone_id` int(11) NOT NULL,
  PRIMARY KEY (`id`),
  KEY `KabinetIncomeZone_Kabinet_id_3f486768_fk_Kabinet_n_Outer_id` (`Kabinet_id`),
  KEY `KabinetIncomeZone_7a2c7c3f` (`IncomeZone_id`),
  CONSTRAINT `KabinetIncomeZone_IncomeZone_id_b69af831_fk_IncomeZone_id` FOREIGN KEY (`IncomeZone_id`) REFERENCES `IncomeZone` (`id`),
  CONSTRAINT `KabinetIncomeZone_Kabinet_id_3f486768_fk_Kabinet_n_Outer_id` FOREIGN KEY (`Kabinet_id`) REFERENCES `Kabinet_n_Outer` (`id`)
) ENGINE=InnoDB AUTO_INCREMENT=56 DEFAULT CHARSET=utf8 COLLATE=utf8_unicode_ci;
/*!40101 SET character_set_client = @saved_cs_client */;

--
-- Dumping data for table `KabinetIncomeZone`
--

LOCK TABLES `KabinetIncomeZone` WRITE;
/*!40000 ALTER TABLE `KabinetIncomeZone` DISABLE KEYS */;
INSERT INTO `KabinetIncomeZone` VALUES (16,1115,65),(17,1117,66),(18,1117,67),(20,1117,69),(21,1117,70),(22,1118,71),(24,1120,73),(25,1121,74),(27,1122,76),(28,1123,77),(29,1124,78),(30,1125,79),(31,1125,80),(32,1126,81),(33,1127,82),(34,1128,83),(35,1128,84),(36,1129,85),(38,1129,87),(40,1130,89),(42,1131,90),(43,1133,91),(44,1135,92),(45,1135,93),(46,1119,72),(47,1140,119),(48,1140,120),(49,1138,121),(50,1158,122),(51,1152,127),(52,1152,128),(53,1152,129),(54,1152,130),(55,1156,131);
/*!40000 ALTER TABLE `KabinetIncomeZone` ENABLE KEYS */;
UNLOCK TABLES;

--
-- Table structure for table `KabinetUserZone`
--

DROP TABLE IF EXISTS `KabinetUserZone`;
/*!40101 SET @saved_cs_client     = @@character_set_client */;
/*!40101 SET character_set_client = utf8 */;
CREATE TABLE `KabinetUserZone` (
  `id` int(11) NOT NULL AUTO_INCREMENT,
  `Kabinet_id` int(11) NOT NULL,
  `UserZone_id` int(11) NOT NULL,
  PRIMARY KEY (`id`),
  KEY `KabinetUzerZone_Kabinet_id_57463714_fk_Kabinet_n_Outer_id` (`Kabinet_id`),
  KEY `KabinetUzerZone_90e651b5` (`UserZone_id`),
  CONSTRAINT `KabinetUzerZone_Kabinet_id_57463714_fk_Kabinet_n_Outer_id` FOREIGN KEY (`Kabinet_id`) REFERENCES `Kabinet_n_Outer` (`id`),
  CONSTRAINT `KabinetUzerZone_UserZone_id_3a8021f3_fk_UserZone_id` FOREIGN KEY (`UserZone_id`) REFERENCES `UserZone` (`id`)
) ENGINE=InnoDB AUTO_INCREMENT=25 DEFAULT CHARSET=utf8 COLLATE=utf8_unicode_ci;
/*!40101 SET character_set_client = @saved_cs_client */;

--
-- Dumping data for table `KabinetUserZone`
--

LOCK TABLES `KabinetUserZone` WRITE;
/*!40000 ALTER TABLE `KabinetUserZone` DISABLE KEYS */;
INSERT INTO `KabinetUserZone` VALUES (4,1115,22),(5,1115,24),(6,1115,27),(7,1115,28),(8,1115,29),(9,1115,30),(10,1115,31),(11,1115,32),(12,1115,33),(13,1115,34),(14,1138,38),(16,1138,40),(17,1138,41),(18,1138,42),(19,1138,43),(20,1138,44),(21,1138,45),(22,1138,46),(23,1138,47);
/*!40000 ALTER TABLE `KabinetUserZone` ENABLE KEYS */;
UNLOCK TABLES;

--
-- Table structure for table `Kabinet_n_Outer`
--

DROP TABLE IF EXISTS `Kabinet_n_Outer`;
/*!40101 SET @saved_cs_client     = @@character_set_client */;
/*!40101 SET character_set_client = utf8 */;
CREATE TABLE `Kabinet_n_Outer` (
  `id` int(11) NOT NULL AUTO_INCREMENT,
  `Kabinet_n_OuterName` varchar(200) COLLATE utf8_unicode_ci DEFAULT NULL,
  `dae_Kabinet_n_OuterName` varchar(200) COLLATE utf8_unicode_ci NOT NULL,
  `Floor_id` int(11) NOT NULL,
  `maxx` double,
  `maxy` double,
  `maxz` double,
  `minx` double,
  `miny` double,
  `minz` double,
  `LoadLandscape_id` varchar(20) COLLATE utf8_unicode_ci NOT NULL,
  PRIMARY KEY (`id`),
  KEY `Kabinet_n_Outer_Floor_id_a3cef8e4_fk_Floor_id` (`Floor_id`),
  KEY `Kabinet_n_Outer_5813e371` (`LoadLandscape_id`),
  CONSTRAINT `Kabinet_n_Outer_Floor_id_a3cef8e4_fk_Floor_id` FOREIGN KEY (`Floor_id`) REFERENCES `Floor` (`id`),
  CONSTRAINT `Kabinet__LoadLandscape_id_59bbd128_fk_LoadLandscape_landscape_id` FOREIGN KEY (`LoadLandscape_id`) REFERENCES `LoadLandscape` (`landscape_id`)
) ENGINE=InnoDB AUTO_INCREMENT=1161 DEFAULT CHARSET=utf8 COLLATE=utf8_unicode_ci;
/*!40101 SET character_set_client = @saved_cs_client */;

--
-- Dumping data for table `Kabinet_n_Outer`
--

LOCK TABLES `Kabinet_n_Outer` WRITE;
/*!40000 ALTER TABLE `Kabinet_n_Outer` DISABLE KEYS */;
INSERT INTO `Kabinet_n_Outer` VALUES (863,NULL,'kabinet_001',513,80.6033735275269,31.3999967575073,9.18000030570923,59.3825120925903,10.1944894790649,6.11000013351439,'0003'),(864,NULL,'outer_001',513,80.6033735275269,31.3999967575073,9.18000030570923,59.3825120925903,10.1944894790649,6.11000013351439,'0003'),(865,NULL,'kabinet_002',513,72.4185702842629,41.5851557634189,9.18000030517579,36.3048810652822,2.90229430460984,6.07999992370605,'0003'),(866,NULL,'outer',514,80.6488895082578,50.4396579757324,6.07000005245215,31.2370394625734,-2.48651290737304,3.03000020980832,'0003'),(867,NULL,'outer_003',515,80.6488895082578,50.4396579757324,3.02000045962638,31.2370394393811,-2.48651290737304,0.0100002298131319,'0003'),(1050,NULL,'outer',610,82.5761748166353,77.5596201776309,8.40143313436565,-25.1665100266247,40.6651115372033,6.02000045776366,'0001'),(1051,'Балкон','kabinet_001',610,-13.0999947428703,77.5000031770766,7.05000073835398,-23.1999887228012,75.1000008195785,6.05000066739207,'0001'),(1052,'Общая комната','kabinet_000',610,-17.299991673758,74.4000003463558,8.3901069304921,-22.8999816481585,63.9999982507542,6.05000058406522,'0001'),(1053,'С/У','kabinet_003',610,-13.4495313810399,67.6903920918703,8.40143313436565,-16.2465596944094,64.1024851735725,6.0500006675239,'0001'),(1054,'Кухня','kabinet_004',610,-13.4982773065567,74.5512999892235,6.05000066762175,-17.2618510632906,64.1253316106597,6.05000066755403,'0001'),(1055,'Спальня','kabinet_005',610,-19.1829566508103,64.110872587862,8.37877382999843,-24.1906621456146,54.1329130967147,6.05000066752731,'0001'),(1056,'С/У','kabinet_006',610,-13.1744368934135,60.2517219620547,8.36577388587613,-16.2794052065169,54.1083532545802,6.05000066754076,'0001'),(1057,'Передняя','kabinet_007',610,-10.535719326643,64.1250532865524,6.05000066759859,-19.1490401029587,54.0965175672221,6.05000066744359,'0001'),(1058,'Спальня','kabinet_008',610,-17.5585667639554,54.0949559211731,8.37333370366083,-22.8926921405487,43.2593716823478,6.05000066753005,'0001'),(1059,'Спальня','kabinet_009',610,-13.1521034450365,54.0305937323005,8.37877687061674,-17.5165036916733,45.7949217208891,6.05000066753417,'0001'),(1060,'Лоджия','kabinet_010',610,-13.1605422571133,45.1639311686158,6.99702471897817,-17.4664070606232,43.192820250988,6.05001592630636,'0001'),(1103,NULL,'kabinet_001',632,77.3300118539482,40.8900084495544,9.18000030517578,59.2199926376343,28.9999864845323,6.1100001335144,'0002'),(1104,NULL,'outer_001',632,77.3300118539482,40.8900084495544,9.18000030517578,59.2199926376343,28.9999864845323,6.1100001335144,'0002'),(1105,NULL,'kabinet_002',632,90.0655009627502,29.2941486542094,9.13288902607323,45.6934001370315,19.124695337043,6,'0002'),(1106,NULL,'outer',633,90.1136521723125,40.9600160719607,6.07000005245211,42.0920912593098,11.101213098499,2.9800007343292,'0002'),(1107,NULL,'kabinet_000',633,90.015422367736,36.0665984812965,5.99000112874821,45.7969409961186,21.9649192407219,2.9800007343292,'0002'),(1108,NULL,'outer_003',634,90.1136521723125,40.9600160719607,3.02000045962633,42.0920915212443,11.101213098499,0.010000229813152,'0002'),(1115,NULL,'kabinet_001',638,77.3300118539482,40.8900084495544,9.18000030517578,59.2199926376343,28.9999864845323,6.1100001335144,'0000'),(1116,NULL,'outer_001',638,77.3300118539482,40.8900084495544,9.18000030517578,59.2199926376343,28.9999864845323,6.1100001335144,'0000'),(1117,NULL,'kabinet_002',638,90.0655009627502,29.2941486542094,9.13288902607323,45.6934001370315,19.124695337043,6,'0000'),(1118,NULL,'kabinet_003',638,90.1848915091003,19.4569468769629,9.10770585521031,84.939161590721,11.8071717666748,6,'0000'),(1119,NULL,'kabinet_004',638,84.9321733195951,22.0002674948622,9.10172342251957,78.9771414641847,11.7962976548645,6,'0000'),(1120,NULL,'kabinet_005',638,78.9120986898133,22.0413045247967,9.12479622888184,73.6432833005771,11.7788298776312,6,'0000'),(1121,NULL,'kabinet_006',638,73.5961416444989,21.9943115601785,9.04788704780966,67.6094205366738,11.799921927157,6,'0000'),(1122,NULL,'kabinet_007',638,67.5894527105098,21.9800843980246,9.05557967437947,62.2138610032571,17.7364268737256,6,'0000'),(1123,NULL,'kabinet_008',638,62.1862505232294,22.0197079764336,9.10696622888184,56.3314859687175,17.7764385744336,6,'0000'),(1124,NULL,'kabinet_009',638,67.5959580644745,21.928730794933,9.16325322888184,50.7699444581473,11.7652358809509,6,'0000'),(1125,NULL,'kabinet_010',638,56.6471235291737,26.9475386614236,9.1203273593533,50.2927679091332,24.3018336950851,6,'0000'),(1126,NULL,'kabinet_011',638,60.035968794432,26.9459901166848,9.11838885833299,56.6778191140293,24.3407133103043,6,'0000'),(1127,NULL,'kabinet_012',638,62.4781196586797,26.959503777068,9.13441111150503,60.058087961727,24.3977556747543,6,'0000'),(1128,NULL,'kabinet_013',638,64.0319820891016,26.9378998438091,9.13441204265237,62.51278046362,24.3810514554834,6,'0000'),(1129,NULL,'kabinet_014',638,71.7157294949435,26.946092273534,9.13441222888184,64.0498633739,24.377302825905,6,'0000'),(1130,NULL,'kabinet_015',638,73.5251014778324,26.9108671716183,9.13441222888184,71.7475500732781,24.392975955784,6,'0000'),(1131,NULL,'kabinet_017',638,82.6270397262988,26.9083672177568,9.08634422888184,78.2343867701801,24.4061601797568,6,'0000'),(1132,NULL,'kabinet_016',638,78.2445578783705,26.8908657619268,6.00000476837158,73.5653241240961,24.4236824329268,6.00000476837158,'0000'),(1133,NULL,'kabinet',638,45.6546901415512,29.237357491658,9.19401546975327,42.0209769694502,23.4304156950348,6,'0000'),(1134,NULL,'outer',639,90.1136521723125,40.9600160719607,6.07000005245211,42.0920912593098,11.101213098499,2.9800007343292,'0000'),(1135,NULL,'kabinet_000',639,90.015422367736,36.0665984812965,5.99000112874821,45.7969409961186,21.9649192407219,2.9800007343292,'0000'),(1136,NULL,'outer_003',640,90.1136521723125,40.9600160719607,3.02000045962633,42.0920915212443,11.101213098499,0.010000229813152,'0000'),(1137,NULL,'kabinet_018',639,56.4078015572952,40.4048476931924,6.03240590370178,50.2200711769178,32.5652679684287,3.03000068664551,'0000'),(1138,NULL,'kabinet_001',641,81.9694771859795,85.9266142845154,9.18000030517578,63.8594579696655,74.0365942268419,6.1100001335144,'0004'),(1139,NULL,'outer_001',641,81.9694771859795,85.9266142845154,9.18000030517578,63.8594579696655,74.0365942268419,6.1100001335144,'0004'),(1140,NULL,'kabinet_002',641,94.7049662947815,74.3307525818217,9.13288902607323,50.3328654690627,64.1612992646553,6,'0004'),(1141,NULL,'kabinet_003',641,94.8243568411316,64.4935546192725,9.10770585521031,89.5786269227523,56.8437795089844,6,'0004'),(1142,NULL,'kabinet_004',641,89.5716386516263,67.0368771445204,9.10172342251957,83.6166067962159,56.8329073045227,6,'0004'),(1143,NULL,'kabinet_005',641,83.5515640218445,67.0779122671062,9.12479622888184,78.2827486326083,56.8154376199408,6,'0004'),(1144,NULL,'kabinet_006',641,78.2356069765301,67.030919302488,9.04788704780966,72.2488858687051,56.8365296694666,6,'0004'),(1145,NULL,'kabinet_007',641,72.2289218572383,67.0166940476828,9.05557967437947,66.8533301499856,62.7730346160352,6,'0004'),(1146,NULL,'kabinet_008',641,66.8257158552606,67.0563214407891,9.10696622888184,60.9709513007487,62.8130520387891,6,'0004'),(1147,NULL,'kabinet_009',641,72.2354233965057,66.9653423519398,9.16325322888184,55.4094097901785,56.8018474379578,6,'0004'),(1148,NULL,'kabinet_010',641,61.2865888612049,71.9841502184305,9.1203273593533,54.9322332411644,69.3384433447433,6,'0004'),(1149,NULL,'kabinet_011',641,64.6754341264633,71.982599766343,9.11838885833299,61.3172844460605,69.3773229599625,6,'0004'),(1150,NULL,'kabinet_012',641,67.1175926201055,71.9961172414234,9.13441111150503,64.6975571084555,69.4343691391098,6,'0004'),(1151,NULL,'kabinet_013',641,68.6714436064355,71.9745075861186,9.13441204265237,67.152241980954,69.417659197793,6,'0004'),(1152,NULL,'kabinet_014',641,76.3551948269747,71.9827019231922,9.13441222888184,68.6893287059313,69.4139143829119,6,'0004'),(1153,NULL,'kabinet_015',641,78.1645668098637,71.9474768212766,9.13441222888184,76.3870154053094,69.4295856054422,6,'0004'),(1154,NULL,'kabinet_017',641,87.2665050583301,71.9449749600664,9.08634422888184,82.8738521022113,69.4427679220664,6,'0004'),(1155,NULL,'kabinet_016',641,82.8840232104017,71.9274773189336,6.00000476837158,78.2047894561274,69.4602939899336,6.00000476837158,'0004'),(1156,NULL,'kabinet',641,50.2941554735824,74.2739690486648,9.19401546975327,46.6604423014814,68.4670291593903,6,'0004'),(1157,NULL,'outer',642,94.7531175043437,85.9966247679445,6.07000005245211,46.7315565913411,56.1378227481572,2.9800007343292,'0004'),(1158,NULL,'kabinet_000',642,94.6548876997673,81.1032043162574,5.99000112874821,50.4364063281499,67.0015250756828,2.9800007343292,'0004'),(1159,NULL,'kabinet_018',642,61.0472668893264,85.4414573428506,6.03240590370178,54.8595365089491,77.6018776180869,3.03000068664551,'0004'),(1160,NULL,'outer_003',643,94.7531175043437,85.9966247679445,3.02000045962633,46.7315568532756,56.1378227481572,0.010000229813152,'0004');
/*!40000 ALTER TABLE `Kabinet_n_Outer` ENABLE KEYS */;
UNLOCK TABLES;

--
-- Table structure for table `KbntChange`
--

DROP TABLE IF EXISTS `KbntChange`;
/*!40101 SET @saved_cs_client     = @@character_set_client */;
/*!40101 SET character_set_client = utf8 */;
CREATE TABLE `KbntChange` (
  `id` int(11) NOT NULL AUTO_INCREMENT,
  `ChangeTime` datetime DEFAULT NULL,
  `KbntNew_id` int(11) NOT NULL,
  `Tag_id` varchar(20) COLLATE utf8_unicode_ci NOT NULL,
  PRIMARY KEY (`id`),
  KEY `KbntChange_KbntNew_id_39d1c123_fk_Kabinet_n_Outer_id` (`KbntNew_id`),
  KEY `KbntChange_Tag_id_b5d41fa9_fk_Tag_TagId` (`Tag_id`),
  CONSTRAINT `KbntChange_KbntNew_id_39d1c123_fk_Kabinet_n_Outer_id` FOREIGN KEY (`KbntNew_id`) REFERENCES `Kabinet_n_Outer` (`id`),
  CONSTRAINT `KbntChange_Tag_id_b5d41fa9_fk_Tag_TagId` FOREIGN KEY (`Tag_id`) REFERENCES `Tag` (`TagId`)
) ENGINE=InnoDB DEFAULT CHARSET=utf8 COLLATE=utf8_unicode_ci;
/*!40101 SET character_set_client = @saved_cs_client */;

--
-- Dumping data for table `KbntChange`
--

LOCK TABLES `KbntChange` WRITE;
/*!40000 ALTER TABLE `KbntChange` DISABLE KEYS */;
/*!40000 ALTER TABLE `KbntChange` ENABLE KEYS */;
UNLOCK TABLES;

--
-- Table structure for table `LMDM_Format`
--

DROP TABLE IF EXISTS `LMDM_Format`;
/*!40101 SET @saved_cs_client     = @@character_set_client */;
/*!40101 SET character_set_client = utf8 */;
CREATE TABLE `LMDM_Format` (
  `id` int(11) NOT NULL AUTO_INCREMENT,
  `LMDMFormatName` varchar(200) COLLATE utf8_unicode_ci NOT NULL,
  PRIMARY KEY (`id`)
) ENGINE=InnoDB AUTO_INCREMENT=5 DEFAULT CHARSET=utf8 COLLATE=utf8_unicode_ci;
/*!40101 SET character_set_client = @saved_cs_client */;

--
-- Dumping data for table `LMDM_Format`
--

LOCK TABLES `LMDM_Format` WRITE;
/*!40000 ALTER TABLE `LMDM_Format` DISABLE KEYS */;
INSERT INTO `LMDM_Format` VALUES (1,'Std0'),(2,'Std1'),(3,'Std2'),(4,'NGLL');
/*!40000 ALTER TABLE `LMDM_Format` ENABLE KEYS */;
UNLOCK TABLES;

--
-- Table structure for table `LandscapeColor`
--

DROP TABLE IF EXISTS `LandscapeColor`;
/*!40101 SET @saved_cs_client     = @@character_set_client */;
/*!40101 SET character_set_client = utf8 */;
CREATE TABLE `LandscapeColor` (
  `id` int(11) NOT NULL AUTO_INCREMENT,
  `lcolor` varchar(50) COLLATE utf8_unicode_ci DEFAULT NULL,
  `User_id` int(11) NOT NULL,
  `LoadLandscape_id` varchar(20) COLLATE utf8_unicode_ci NOT NULL,
  PRIMARY KEY (`id`),
  KEY `LandscapeColor_User_id_51ff935a_fk_auth_user_id` (`User_id`),
  KEY `LandscapeColor_5813e371` (`LoadLandscape_id`),
  CONSTRAINT `LandscapeColor_User_id_51ff935a_fk_auth_user_id` FOREIGN KEY (`User_id`) REFERENCES `auth_user` (`id`),
  CONSTRAINT `Landscap_LoadLandscape_id_e8b23447_fk_LoadLandscape_landscape_id` FOREIGN KEY (`LoadLandscape_id`) REFERENCES `LoadLandscape` (`landscape_id`)
) ENGINE=InnoDB AUTO_INCREMENT=3 DEFAULT CHARSET=utf8 COLLATE=utf8_unicode_ci;
/*!40101 SET character_set_client = @saved_cs_client */;

--
-- Dumping data for table `LandscapeColor`
--

LOCK TABLES `LandscapeColor` WRITE;
/*!40000 ALTER TABLE `LandscapeColor` DISABLE KEYS */;
INSERT INTO `LandscapeColor` VALUES (1,'CAD1C2',2,'0000'),(2,'F7F7F7',1,'0004');
/*!40000 ALTER TABLE `LandscapeColor` ENABLE KEYS */;
UNLOCK TABLES;

--
-- Table structure for table `LoadLandscape`
--

DROP TABLE IF EXISTS `LoadLandscape`;
/*!40101 SET @saved_cs_client     = @@character_set_client */;
/*!40101 SET character_set_client = utf8 */;
CREATE TABLE `LoadLandscape` (
  `landscape_name` varchar(100) COLLATE utf8_unicode_ci NOT NULL,
  `landscape_id` varchar(20) COLLATE utf8_unicode_ci NOT NULL,
  `landscape_source` varchar(100) COLLATE utf8_unicode_ci,
  `camera_position_x` double,
  `camera_position_y` double,
  `camera_position_z` double,
  `camera_up_x` double,
  `camera_up_y` double,
  `camera_up_z` double,
  `circle_step_symbol` tinyint(1) NOT NULL,
  `dae_rotation_x` double,
  `dae_rotation_y` double,
  `dae_rotation_z` double,
  `get_wall_height_symbol` tinyint(1) NOT NULL,
  `light_target_symbol` tinyint(1) NOT NULL,
  `dae_position_x` double,
  `dae_position_y` double,
  `dae_position_z` double,
  `controls_target_x` double,
  `controls_target_y` double,
  `controls_target_z` double,
  `server_id` int(11),
  `session_id` int(11),
  PRIMARY KEY (`landscape_id`)
) ENGINE=InnoDB DEFAULT CHARSET=utf8 COLLATE=utf8_unicode_ci;
/*!40101 SET character_set_client = @saved_cs_client */;

--
-- Dumping data for table `LoadLandscape`
--

LOCK TABLES `LoadLandscape` WRITE;
/*!40000 ALTER TABLE `LoadLandscape` DISABLE KEYS */;
INSERT INTO `LoadLandscape` VALUES ('cцена 1','0000','oneHouse6.dae',70,-80,50,0,0,1,1,3.14159265358979,3.14159265358979,3.14159265358979,1,1,72,29,6,67,40,0,12,56),('Сложная сцена','0001','complex_building.dae',70,-80,50,0,0,1,1,3.14159265358979,3.14159265358979,3.14159265358979,1,1,28,59,6,67,40,0,NULL,NULL),('Сцена с одним зданием','0002','oneHouse.dae',70,-80,50,0,0,1,1,3.14159265358979,3.14159265358979,3.14159265358979,1,1,72,29,6,67,40,0,NULL,NULL),('Сцена с двумя сданиями','0003','landscapeWithHouses6duplicate2.dae',70,-80,50,0,0,1,1,3.14159265358979,3.14159265358979,3.14159265358979,1,1,59,28,6,67,40,0,NULL,NULL),('Сцена для тестирования взаимодействия ws - sp','0004','1462882852/oneHouse6.dae',70,-80,50,0,0,1,1,3.14159265358979,3.14159265358979,3.14159265358979,1,1,76.639466894532,74.0366073974609,6,67,40,0,8,13);
/*!40000 ALTER TABLE `LoadLandscape` ENABLE KEYS */;
UNLOCK TABLES;

--
-- Table structure for table `LoadLandscapeUserZone`
--

DROP TABLE IF EXISTS `LoadLandscapeUserZone`;
/*!40101 SET @saved_cs_client     = @@character_set_client */;
/*!40101 SET character_set_client = utf8 */;
CREATE TABLE `LoadLandscapeUserZone` (
  `id` int(11) NOT NULL AUTO_INCREMENT,
  `LoadLandscape_id` varchar(20) COLLATE utf8_unicode_ci NOT NULL,
  `UserZone_id` int(11) NOT NULL,
  PRIMARY KEY (`id`),
  KEY `LoadLand_LoadLandscape_id_c0d12ae1_fk_LoadLandscape_landscape_id` (`LoadLandscape_id`),
  KEY `LoadLandscapeUserZone_90e651b5` (`UserZone_id`),
  CONSTRAINT `LoadLandscapeUserZone_UserZone_id_a78f8fc5_fk_UserZone_id` FOREIGN KEY (`UserZone_id`) REFERENCES `UserZone` (`id`),
  CONSTRAINT `LoadLand_LoadLandscape_id_c0d12ae1_fk_LoadLandscape_landscape_id` FOREIGN KEY (`LoadLandscape_id`) REFERENCES `LoadLandscape` (`landscape_id`)
) ENGINE=InnoDB DEFAULT CHARSET=utf8 COLLATE=utf8_unicode_ci;
/*!40101 SET character_set_client = @saved_cs_client */;

--
-- Dumping data for table `LoadLandscapeUserZone`
--

LOCK TABLES `LoadLandscapeUserZone` WRITE;
/*!40000 ALTER TABLE `LoadLandscapeUserZone` DISABLE KEYS */;
/*!40000 ALTER TABLE `LoadLandscapeUserZone` ENABLE KEYS */;
UNLOCK TABLES;

--
-- Table structure for table `Locate_Message_Definition_Message`
--

DROP TABLE IF EXISTS `Locate_Message_Definition_Message`;
/*!40101 SET @saved_cs_client     = @@character_set_client */;
/*!40101 SET character_set_client = utf8 */;
CREATE TABLE `Locate_Message_Definition_Message` (
  `id` int(11) NOT NULL AUTO_INCREMENT,
  `Source` varchar(200) COLLATE utf8_unicode_ci NOT NULL,
  `Format_id` int(11) NOT NULL,
  PRIMARY KEY (`id`),
  KEY `Locate_Message_Definition_M_Format_id_ae57b8ef_fk_LMDM_Format_id` (`Format_id`),
  CONSTRAINT `Locate_Message_Definition_M_Format_id_ae57b8ef_fk_LMDM_Format_id` FOREIGN KEY (`Format_id`) REFERENCES `LMDM_Format` (`id`)
) ENGINE=InnoDB AUTO_INCREMENT=3 DEFAULT CHARSET=utf8 COLLATE=utf8_unicode_ci;
/*!40101 SET character_set_client = @saved_cs_client */;

--
-- Dumping data for table `Locate_Message_Definition_Message`
--

LOCK TABLES `Locate_Message_Definition_Message` WRITE;
/*!40000 ALTER TABLE `Locate_Message_Definition_Message` DISABLE KEYS */;
INSERT INTO `Locate_Message_Definition_Message` VALUES (1,'LabD',1),(2,'LabD',2);
/*!40000 ALTER TABLE `Locate_Message_Definition_Message` ENABLE KEYS */;
UNLOCK TABLES;

--
-- Table structure for table `LogsJournal`
--

DROP TABLE IF EXISTS `LogsJournal`;
/*!40101 SET @saved_cs_client     = @@character_set_client */;
/*!40101 SET character_set_client = utf8 */;
CREATE TABLE `LogsJournal` (
  `id` int(11) NOT NULL AUTO_INCREMENT,
  `CommandName` varchar(200) COLLATE utf8_unicode_ci NOT NULL,
  `ResponseText` varchar(200) COLLATE utf8_unicode_ci NOT NULL,
  `DateImport` datetime DEFAULT NULL,
  PRIMARY KEY (`id`)
) ENGINE=InnoDB AUTO_INCREMENT=12 DEFAULT CHARSET=utf8 COLLATE=utf8_unicode_ci;
/*!40101 SET character_set_client = @saved_cs_client */;

--
-- Dumping data for table `LogsJournal`
--

LOCK TABLES `LogsJournal` WRITE;
/*!40000 ALTER TABLE `LogsJournal` DISABLE KEYS */;
INSERT INTO `LogsJournal` VALUES (1,'parse','success','2016-01-14 04:39:22'),(2,'clear_old_metka','Cleared 0 lines','2016-01-14 05:47:42'),(3,'clear_old_metka','Cleared 0 lines','2016-01-14 05:51:22'),(4,'clear_old_metka','Cleared 0 lines','2016-01-14 05:51:50'),(5,'clear_old_metka','Cleared 0 lines','2016-01-14 05:52:30'),(6,'clear_old_std0','Cleared 200 lines','2016-01-14 05:53:18'),(7,'parse','received 200 lines','2016-01-14 06:07:52'),(8,'parse','received 0 lines','2016-01-14 06:18:22'),(9,'parse','received 0 lines','2016-01-14 06:22:26'),(10,'parse','received 200 lines','2016-01-14 07:41:17'),(11,'parse','received 200 lines','2016-01-14 07:44:41');
/*!40000 ALTER TABLE `LogsJournal` ENABLE KEYS */;
UNLOCK TABLES;

--
-- Table structure for table `Metka`
--

DROP TABLE IF EXISTS `Metka`;
/*!40101 SET @saved_cs_client     = @@character_set_client */;
/*!40101 SET character_set_client = utf8 */;
CREATE TABLE `Metka` (
  `id` int(11) NOT NULL AUTO_INCREMENT,
  `text` longtext COLLATE utf8_unicode_ci NOT NULL,
  `DateImport` datetime,
  `readed` tinyint(1),
  PRIMARY KEY (`id`)
) ENGINE=InnoDB AUTO_INCREMENT=101 DEFAULT CHARSET=utf8 COLLATE=utf8_unicode_ci;
/*!40101 SET character_set_client = @saved_cs_client */;

--
-- Dumping data for table `Metka`
--

LOCK TABLES `Metka` WRITE;
/*!40000 ALTER TABLE `Metka` DISABLE KEYS */;
INSERT INTO `Metka` VALUES (97,'LabR,Std0,0000,000000a8,39.681625,76.457092,6.803710,7,2016-01-13T13:51:31:239+3,2,0038,0000\nLabR,Std0,0001,000000a9,39.691624,76.467094,6.803710,7,2016-01-13T13:51:31:239+3,2,0038,0000\nLabR,Std0,0002,000000aa,39.701626,76.477089,6.803710,7,2016-01-13T13:51:31:239+3,2,0038,0000\nLabR,Std0,0003,000000ab,39.711624,76.487091,6.803710,7,2016-01-13T13:51:31:239+3,2,0038,0000\nLabR,Std0,0004,000000ac,39.721626,76.497093,6.803710,7,2016-01-13T13:51:31:239+3,2,0038,0000\nLabR,Std0,0005,000000ad,39.731625,76.507095,6.803710,7,2016-01-13T13:51:31:239+3,2,0038,0000\nLabR,Std0,0006,000000ae,39.741627,76.517090,6.803710,7,2016-01-13T13:51:31:239+3,2,0038,0000\nLabR,Std0,0007,000000af,39.751625,76.527092,6.803710,7,2016-01-13T13:51:31:239+3,2,0038,0000\nLabR,Std0,0008,000000b0,39.761627,76.537094,6.803710,7,2016-01-13T13:51:31:239+3,2,0038,0000\nLabR,Std0,0009,000000b1,39.771626,76.547089,6.803710,7,2016-01-13T13:51:31:239+3,2,0038,0000\nLabR,Std0,000a,000000b2,39.781624,76.557091,6.803710,7,2016-01-13T13:51:31:239+3,2,0038,0000\nLabR,Std0,000b,000000b3,39.791626,76.567093,6.803710,7,2016-01-13T13:51:31:239+3,2,0038,0000\nLabR,Std0,000c,000000b4,39.801624,76.577095,6.803710,7,2016-01-13T13:51:31:239+3,2,0038,0000\nLabR,Std0,000d,000000b5,39.811626,76.587090,6.803710,7,2016-01-13T13:51:31:239+3,2,0038,0000\nLabR,Std0,000e,000000b6,39.821625,76.597092,6.803710,7,2016-01-13T13:51:31:239+3,2,0038,0000\nLabR,Std0,000f,000000b7,39.831627,76.607094,6.803710,7,2016-01-13T13:51:31:239+3,2,0038,0000\nLabR,Std0,0010,000000b8,39.841625,76.617096,6.803710,7,2016-01-13T13:51:31:239+3,2,0038,0000\nLabR,Std0,0011,000000b9,39.851624,76.627090,6.803710,7,2016-01-13T13:51:31:239+3,2,0038,0000\nLabR,Std0,0012,000000ba,39.861626,76.637093,6.803710,7,2016-01-13T13:51:31:239+3,2,0038,0000\nLabR,Std0,0013,000000bb,39.871624,76.647095,6.803710,7,2016-01-13T13:51:31:239+3,2,0038,0000\nLabR,Std0,0014,000000bc,39.881626,76.657089,6.803710,7,2016-01-13T13:51:31:239+3,2,0038,0000\nLabR,Std0,0015,000000bd,39.891624,76.667091,6.803710,7,2016-01-13T13:51:31:239+3,2,0038,0000\nLabR,Std0,0016,000000be,39.901627,76.677094,6.803710,7,2016-01-13T13:51:31:239+3,2,0038,0000\nLabR,Std0,0017,000000bf,39.911625,76.687096,6.803710,7,2016-01-13T13:51:31:239+3,2,0038,0000\nLabR,Std0,0018,000000c0,39.921627,76.697090,6.803710,7,2016-01-13T13:51:31:239+3,2,0038,0000\nLabR,Std0,0019,000000c1,39.931625,76.707092,6.803710,7,2016-01-13T13:51:31:239+3,2,0038,0000\nLabR,Std0,001a,000000c2,39.941624,76.717094,6.803710,7,2016-01-13T13:51:31:239+3,2,0038,0000\nLabR,Std0,001b,000000c3,39.951626,76.727089,6.803710,7,2016-01-13T13:51:31:239+3,2,0038,0000\nLabR,Std0,001c,000000c4,39.961624,76.737091,6.803710,7,2016-01-13T13:51:31:239+3,2,0038,0000\nLabR,Std0,001d,000000c5,39.971626,76.747093,6.803710,7,2016-01-13T13:51:31:239+3,2,0038,0000\nLabR,Std0,001e,000000c6,39.981625,76.757095,6.803710,7,2016-01-13T13:51:31:239+3,2,0038,0000\nLabR,Std0,001f,000000c7,39.991627,76.767090,6.803710,7,2016-01-13T13:51:31:239+3,2,0038,0000\nLabR,Std0,0020,000000c8,40.001625,76.777092,6.803710,7,2016-01-13T13:51:31:239+3,2,0038,0000\nLabR,Std0,0021,000000c9,40.011627,76.787094,6.803710,7,2016-01-13T13:51:31:239+3,2,0038,0000\nLabR,Std0,0022,000000ca,40.021626,76.797089,6.803710,7,2016-01-13T13:51:31:239+3,2,0038,0000\nLabR,Std0,0023,000000cb,40.031624,76.807091,6.803710,7,2016-01-13T13:51:31:239+3,2,0038,0000\nLabR,Std0,0024,000000cc,40.041626,76.817093,6.803710,7,2016-01-13T13:51:31:239+3,2,0038,0000\nLabR,Std0,0025,000000cd,40.051624,76.827095,6.803710,7,2016-01-13T13:51:31:239+3,2,0038,0000\nLabR,Std0,0026,000000ce,40.061626,76.837090,6.803710,7,2016-01-13T13:51:31:239+3,2,0038,0000\nLabR,Std0,0027,000000cf,40.071625,76.847092,6.803710,7,2016-01-13T13:51:31:239+3,2,0038,0000\nLabR,Std0,0028,000000d0,40.081627,76.857094,6.803710,7,2016-01-13T13:51:31:239+3,2,0038,0000\nLabR,Std0,0029,000000d1,40.091625,76.867096,6.803710,7,2016-01-13T13:51:31:239+3,2,0038,0000\nLabR,Std0,002a,000000d2,40.101624,76.877090,6.803710,7,2016-01-13T13:51:31:239+3,2,0038,0000\nLabR,Std0,002b,000000d3,40.111626,76.887093,6.803710,7,2016-01-13T13:51:31:239+3,2,0038,0000\nLabR,Std0,002c,000000d4,40.121624,76.897095,6.803710,7,2016-01-13T13:51:31:239+3,2,0038,0000\nLabR,Std0,002d,000000d5,40.131626,76.907089,6.803710,7,2016-01-13T13:51:31:239+3,2,0038,0000\nLabR,Std0,002e,000000d6,40.141624,76.917091,6.803710,7,2016-01-13T13:51:31:239+3,2,0038,0000\nLabR,Std0,002f,000000d7,40.151627,76.927094,6.803710,7,2016-01-13T13:51:31:239+3,2,0038,0000\nLabR,Std0,0030,000000d8,40.161625,76.937096,6.803710,7,2016-01-13T13:51:31:239+3,2,0038,0000\nLabR,Std0,0031,000000d9,40.171627,76.947090,6.803710,7,2016-01-13T13:51:31:239+3,2,0038,0000\nLabR,Std0,0032,000000da,40.181625,76.957092,6.803710,7,2016-01-13T13:51:31:239+3,2,0038,0000\nLabR,Std0,0033,000000db,40.191624,76.967094,6.803710,7,2016-01-13T13:51:31:239+3,2,0038,0000\nLabR,Std0,0034,000000dc,40.201626,76.977089,6.803710,7,2016-01-13T13:51:31:239+3,2,0038,0000\nLabR,Std0,0035,000000dd,40.211624,76.987091,6.803710,7,2016-01-13T13:51:31:239+3,2,0038,0000\nLabR,Std0,0036,000000de,40.221626,76.997093,6.803710,7,2016-01-13T13:51:31:239+3,2,0038,0000\nLabR,Std0,0037,000000df,40.231625,77.007095,6.803710,7,2016-01-13T13:51:31:239+3,2,0038,0000\nLabR,Std0,0038,000000e0,40.241627,77.017090,6.803710,7,2016-01-13T13:51:31:239+3,2,0038,0000\nLabR,Std0,0039,000000e1,40.251625,77.027092,6.803710,7,2016-01-13T13:51:31:239+3,2,0038,0000\nLabR,Std0,003a,000000e2,40.261627,77.037094,6.803710,7,2016-01-13T13:51:31:239+3,2,0038,0000\nLabR,Std0,003b,000000e3,40.271626,77.047089,6.803710,7,2016-01-13T13:51:31:239+3,2,0038,0000\nLabR,Std0,003c,000000e4,40.281624,77.057091,6.803710,7,2016-01-13T13:51:31:239+3,2,0038,0000\nLabR,Std0,003d,000000e5,40.291626,77.067093,6.803710,7,2016-01-13T13:51:31:239+3,2,0038,0000\nLabR,Std0,003e,000000e6,40.301624,77.077095,6.803710,7,2016-01-13T13:51:31:239+3,2,0038,0000\nLabR,Std0,003f,000000e7,40.311626,77.087090,6.803710,7,2016-01-13T13:51:31:239+3,2,0038,0000\nLabR,Std0,0040,000000e8,40.321625,77.097092,6.803710,7,2016-01-13T13:51:31:239+3,2,0038,0000\nLabR,Std0,0041,000000e9,40.331627,77.107094,6.803710,7,2016-01-13T13:51:31:239+3,2,0038,0000\nLabR,Std0,0042,000000ea,40.341625,77.117096,6.803710,7,2016-01-13T13:51:31:239+3,2,0038,0000\nLabR,Std0,0043,000000eb,40.351624,77.127090,6.803710,7,2016-01-13T13:51:31:239+3,2,0038,0000\nLabR,Std0,0044,000000ec,40.361626,77.137093,6.803710,7,2016-01-13T13:51:31:239+3,2,0038,0000\nLabR,Std0,0045,000000ed,40.371624,77.147095,6.803710,7,2016-01-13T13:51:31:239+3,2,0038,0000\nLabR,Std0,0046,000000ee,40.381626,77.157089,6.803710,7,2016-01-13T13:51:31:239+3,2,0038,0000\nLabR,Std0,0047,000000ef,40.391624,77.167091,6.803710,7,2016-01-13T13:51:31:239+3,2,0038,0000\nLabR,Std0,0048,000000f0,40.401627,77.177094,6.803710,7,2016-01-13T13:51:31:239+3,2,0038,0000\nLabR,Std0,0049,000000f1,40.411625,77.187096,6.803710,7,2016-01-13T13:51:31:239+3,2,0038,0000\nLabR,Std0,004a,000000f2,40.421627,77.197090,6.803710,7,2016-01-13T13:51:31:239+3,2,0038,0000\nLabR,Std0,004b,000000f3,40.431625,77.207092,6.803710,7,2016-01-13T13:51:31:239+3,2,0038,0000\nLabR,Std0,004c,000000f4,40.441624,77.217094,6.803710,7,2016-01-13T13:51:31:239+3,2,0038,0000\nLabR,Std0,004d,000000f5,40.451626,77.227089,6.803710,7,2016-01-13T13:51:31:239+3,2,0038,0000\nLabR,Std0,004e,000000f6,40.461624,77.237091,6.803710,7,2016-01-13T13:51:31:239+3,2,0038,0000\nLabR,Std0,004f,000000f7,40.471626,77.247093,6.803710,7,2016-01-13T13:51:31:239+3,2,0038,0000\nLabR,Std0,0050,000000f8,40.481625,77.257095,6.803710,7,2016-01-13T13:51:31:239+3,2,0038,0000\nLabR,Std0,0051,000000f9,40.491627,77.267090,6.803710,7,2016-01-13T13:51:31:239+3,2,0038,0000\nLabR,Std0,0052,000000fa,40.501625,77.277092,6.803710,7,2016-01-13T13:51:31:239+3,2,0038,0000\nLabR,Std0,0053,000000fb,40.511627,77.287094,6.803710,7,2016-01-13T13:51:31:239+3,2,0038,0000\nLabR,Std0,0054,000000fc,40.521626,77.297089,6.803710,7,2016-01-13T13:51:31:239+3,2,0038,0000\nLabR,Std0,0055,000000fd,40.531624,77.307091,6.803710,7,2016-01-13T13:51:31:239+3,2,0038,0000\nLabR,Std0,0056,000000fe,40.541626,77.317093,6.803710,7,2016-01-13T13:51:31:239+3,2,0038,0000\nLabR,Std0,0057,000000ff,40.551624,77.327095,6.803710,7,2016-01-13T13:51:31:239+3,2,0038,0000\nLabR,Std0,0058,00000100,40.561626,77.337090,6.803710,7,2016-01-13T13:51:31:239+3,2,0038,0000\nLabR,Std0,0059,00000101,40.571625,77.347092,6.803710,7,2016-01-13T13:51:31:239+3,2,0038,0000\nLabR,Std0,005a,00000102,40.581627,77.357094,6.803710,7,2016-01-13T13:51:31:239+3,2,0038,0000\nLabR,Std0,005b,00000103,40.591625,77.367096,6.803710,7,2016-01-13T13:51:31:239+3,2,0038,0000\nLabR,Std0,005c,00000104,40.601624,77.377090,6.803710,7,2016-01-13T13:51:31:239+3,2,0038,0000\nLabR,Std0,005d,00000105,40.611626,77.387093,6.803710,7,2016-01-13T13:51:31:239+3,2,0038,0000\nLabR,Std0,005e,00000106,40.621624,77.397095,6.803710,7,2016-01-13T13:51:31:239+3,2,0038,0000\nLabR,Std0,005f,00000107,40.631626,77.407089,6.803710,7,2016-01-13T13:51:31:239+3,2,0038,0000\nLabR,Std0,0060,00000108,40.641624,77.417091,6.803710,7,2016-01-13T13:51:31:239+3,2,0038,0000\nLabR,Std0,0061,00000109,40.651627,77.427094,6.803710,7,2016-01-13T13:51:31:239+3,2,0038,0000\nLabR,Std0,0062,0000010a,40.661625,77.437096,6.803710,7,2016-01-13T13:51:31:239+3,2,0038,0000\nLabR,Std0,0063,0000010b,40.671627,77.447090,6.803710,7,2016-01-13T13:51:31:239+3,2,0038,0000\nLabR,Std0,0064,000000a8,39.681625,76.457092,6.803710,7,2016-01-13T13:51:31:239+3,2,0038,0000\nLabR,Std0,0065,000000a9,39.691624,76.467094,6.803710,7,2016-01-13T13:51:31:239+3,2,0038,0000\nLabR,Std0,0066,000000aa,39.701626,76.477089,6.803710,7,2016-01-13T13:51:31:239+3,2,0038,0000\nLabR,Std0,0067,000000ab,39.711624,76.487091,6.803710,7,2016-01-13T13:51:31:239+3,2,0038,0000\nLabR,Std0,0068,000000ac,39.721626,76.497093,6.803710,7,2016-01-13T13:51:31:239+3,2,0038,0000\nLabR,Std0,0069,000000ad,39.731625,76.507095,6.803710,7,2016-01-13T13:51:31:239+3,2,0038,0000\nLabR,Std0,006a,000000ae,39.741627,76.517090,6.803710,7,2016-01-13T13:51:31:239+3,2,0038,0000\nLabR,Std0,006b,000000af,39.751625,76.527092,6.803710,7,2016-01-13T13:51:31:239+3,2,0038,0000\nLabR,Std0,006c,000000b0,39.761627,76.537094,6.803710,7,2016-01-13T13:51:31:239+3,2,0038,0000\nLabR,Std0,006d,000000b1,39.771626,76.547089,6.803710,7,2016-01-13T13:51:31:239+3,2,0038,0000\nLabR,Std0,006e,000000b2,39.781624,76.557091,6.803710,7,2016-01-13T13:51:31:239+3,2,0038,0000\nLabR,Std0,006f,000000b3,39.791626,76.567093,6.803710,7,2016-01-13T13:51:31:239+3,2,0038,0000\nLabR,Std0,0070,000000b4,39.801624,76.577095,6.803710,7,2016-01-13T13:51:31:239+3,2,0038,0000\nLabR,Std0,0071,000000b5,39.811626,76.587090,6.803710,7,2016-01-13T13:51:31:239+3,2,0038,0000\nLabR,Std0,0072,000000b6,39.821625,76.597092,6.803710,7,2016-01-13T13:51:31:239+3,2,0038,0000\nLabR,Std0,0073,000000b7,39.831627,76.607094,6.803710,7,2016-01-13T13:51:31:239+3,2,0038,0000\nLabR,Std0,0074,000000b8,39.841625,76.617096,6.803710,7,2016-01-13T13:51:31:239+3,2,0038,0000\nLabR,Std0,0075,000000b9,39.851624,76.627090,6.803710,7,2016-01-13T13:51:31:239+3,2,0038,0000\nLabR,Std0,0076,000000ba,39.861626,76.637093,6.803710,7,2016-01-13T13:51:31:239+3,2,0038,0000\nLabR,Std0,0077,000000bb,39.871624,76.647095,6.803710,7,2016-01-13T13:51:31:239+3,2,0038,0000\nLabR,Std0,0078,000000bc,39.881626,76.657089,6.803710,7,2016-01-13T13:51:31:239+3,2,0038,0000\nLabR,Std0,0079,000000bd,39.891624,76.667091,6.803710,7,2016-01-13T13:51:31:239+3,2,0038,0000\nLabR,Std0,007a,000000be,39.901627,76.677094,6.803710,7,2016-01-13T13:51:31:239+3,2,0038,0000\nLabR,Std0,007b,000000bf,39.911625,76.687096,6.803710,7,2016-01-13T13:51:31:239+3,2,0038,0000\nLabR,Std0,007c,000000c0,39.921627,76.697090,6.803710,7,2016-01-13T13:51:31:239+3,2,0038,0000\nLabR,Std0,007d,000000c1,39.931625,76.707092,6.803710,7,2016-01-13T13:51:31:239+3,2,0038,0000\nLabR,Std0,007e,000000c2,39.941624,76.717094,6.803710,7,2016-01-13T13:51:31:239+3,2,0038,0000\nLabR,Std0,007f,000000c3,39.951626,76.727089,6.803710,7,2016-01-13T13:51:31:239+3,2,0038,0000\nLabR,Std0,0080,000000c4,39.961624,76.737091,6.803710,7,2016-01-13T13:51:31:239+3,2,0038,0000\nLabR,Std0,0081,000000c5,39.971626,76.747093,6.803710,7,2016-01-13T13:51:31:239+3,2,0038,0000\nLabR,Std0,0082,000000c6,39.981625,76.757095,6.803710,7,2016-01-13T13:51:31:239+3,2,0038,0000\nLabR,Std0,0083,000000c7,39.991627,76.767090,6.803710,7,2016-01-13T13:51:31:239+3,2,0038,0000\nLabR,Std0,0084,000000c8,40.001625,76.777092,6.803710,7,2016-01-13T13:51:31:239+3,2,0038,0000\nLabR,Std0,0085,000000c9,40.011627,76.787094,6.803710,7,2016-01-13T13:51:31:239+3,2,0038,0000\nLabR,Std0,0086,000000ca,40.021626,76.797089,6.803710,7,2016-01-13T13:51:31:239+3,2,0038,0000\nLabR,Std0,0087,000000cb,40.031624,76.807091,6.803710,7,2016-01-13T13:51:31:239+3,2,0038,0000\nLabR,Std0,0088,000000cc,40.041626,76.817093,6.803710,7,2016-01-13T13:51:31:239+3,2,0038,0000\nLabR,Std0,0089,000000cd,40.051624,76.827095,6.803710,7,2016-01-13T13:51:31:239+3,2,0038,0000\nLabR,Std0,008a,000000ce,40.061626,76.837090,6.803710,7,2016-01-13T13:51:31:239+3,2,0038,0000\nLabR,Std0,008b,000000cf,40.071625,76.847092,6.803710,7,2016-01-13T13:51:31:239+3,2,0038,0000\nLabR,Std0,008c,000000d0,40.081627,76.857094,6.803710,7,2016-01-13T13:51:31:239+3,2,0038,0000\nLabR,Std0,008d,000000d1,40.091625,76.867096,6.803710,7,2016-01-13T13:51:31:239+3,2,0038,0000\nLabR,Std0,008e,000000d2,40.101624,76.877090,6.803710,7,2016-01-13T13:51:31:239+3,2,0038,0000\nLabR,Std0,008f,000000d3,40.111626,76.887093,6.803710,7,2016-01-13T13:51:31:239+3,2,0038,0000\nLabR,Std0,0090,000000d4,40.121624,76.897095,6.803710,7,2016-01-13T13:51:31:239+3,2,0038,0000\nLabR,Std0,0091,000000d5,40.131626,76.907089,6.803710,7,2016-01-13T13:51:31:239+3,2,0038,0000\nLabR,Std0,0092,000000d6,40.141624,76.917091,6.803710,7,2016-01-13T13:51:31:239+3,2,0038,0000\nLabR,Std0,0093,000000d7,40.151627,76.927094,6.803710,7,2016-01-13T13:51:31:239+3,2,0038,0000\nLabR,Std0,0094,000000d8,40.161625,76.937096,6.803710,7,2016-01-13T13:51:31:239+3,2,0038,0000\nLabR,Std0,0095,000000d9,40.171627,76.947090,6.803710,7,2016-01-13T13:51:31:239+3,2,0038,0000\nLabR,Std0,0096,000000da,40.181625,76.957092,6.803710,7,2016-01-13T13:51:31:239+3,2,0038,0000\nLabR,Std0,0097,000000db,40.191624,76.967094,6.803710,7,2016-01-13T13:51:31:239+3,2,0038,0000\nLabR,Std0,0098,000000dc,40.201626,76.977089,6.803710,7,2016-01-13T13:51:31:239+3,2,0038,0000\nLabR,Std0,0099,000000dd,40.211624,76.987091,6.803710,7,2016-01-13T13:51:31:239+3,2,0038,0000\nLabR,Std0,009a,000000de,40.221626,76.997093,6.803710,7,2016-01-13T13:51:31:239+3,2,0038,0000\nLabR,Std0,009b,000000df,40.231625,77.007095,6.803710,7,2016-01-13T13:51:31:239+3,2,0038,0000\nLabR,Std0,009c,000000e0,40.241627,77.017090,6.803710,7,2016-01-13T13:51:31:239+3,2,0038,0000\nLabR,Std0,009d,000000e1,40.251625,77.027092,6.803710,7,2016-01-13T13:51:31:239+3,2,0038,0000\nLabR,Std0,009e,000000e2,40.261627,77.037094,6.803710,7,2016-01-13T13:51:31:239+3,2,0038,0000\nLabR,Std0,009f,000000e3,40.271626,77.047089,6.803710,7,2016-01-13T13:51:31:239+3,2,0038,0000\nLabR,Std0,00a0,000000e4,40.281624,77.057091,6.803710,7,2016-01-13T13:51:31:239+3,2,0038,0000\nLabR,Std0,00a1,000000e5,40.291626,77.067093,6.803710,7,2016-01-13T13:51:31:239+3,2,0038,0000\nLabR,Std0,00a2,000000e6,40.301624,77.077095,6.803710,7,2016-01-13T13:51:31:239+3,2,0038,0000\nLabR,Std0,00a3,000000e7,40.311626,77.087090,6.803710,7,2016-01-13T13:51:31:239+3,2,0038,0000\nLabR,Std0,00a4,000000e8,40.321625,77.097092,6.803710,7,2016-01-13T13:51:31:239+3,2,0038,0000\nLabR,Std0,00a5,000000e9,40.331627,77.107094,6.803710,7,2016-01-13T13:51:31:239+3,2,0038,0000\nLabR,Std0,00a6,000000ea,40.341625,77.117096,6.803710,7,2016-01-13T13:51:31:239+3,2,0038,0000\nLabR,Std0,00a7,000000eb,40.351624,77.127090,6.803710,7,2016-01-13T13:51:31:239+3,2,0038,0000\nLabR,Std0,00a8,000000ec,40.361626,77.137093,6.803710,7,2016-01-13T13:51:31:239+3,2,0038,0000\nLabR,Std0,00a9,000000ed,40.371624,77.147095,6.803710,7,2016-01-13T13:51:31:239+3,2,0038,0000\nLabR,Std0,00aa,000000ee,40.381626,77.157089,6.803710,7,2016-01-13T13:51:31:239+3,2,0038,0000\nLabR,Std0,00ab,000000ef,40.391624,77.167091,6.803710,7,2016-01-13T13:51:31:239+3,2,0038,0000\nLabR,Std0,00ac,000000f0,40.401627,77.177094,6.803710,7,2016-01-13T13:51:31:239+3,2,0038,0000\nLabR,Std0,00ad,000000f1,40.411625,77.187096,6.803710,7,2016-01-13T13:51:31:239+3,2,0038,0000\nLabR,Std0,00ae,000000f2,40.421627,77.197090,6.803710,7,2016-01-13T13:51:31:239+3,2,0038,0000\nLabR,Std0,00af,000000f3,40.431625,77.207092,6.803710,7,2016-01-13T13:51:31:239+3,2,0038,0000\nLabR,Std0,00b0,000000f4,40.441624,77.217094,6.803710,7,2016-01-13T13:51:31:239+3,2,0038,0000\nLabR,Std0,00b1,000000f5,40.451626,77.227089,6.803710,7,2016-01-13T13:51:31:239+3,2,0038,0000\nLabR,Std0,00b2,000000f6,40.461624,77.237091,6.803710,7,2016-01-13T13:51:31:239+3,2,0038,0000\nLabR,Std0,00b3,000000f7,40.471626,77.247093,6.803710,7,2016-01-13T13:51:31:239+3,2,0038,0000\nLabR,Std0,00b4,000000f8,40.481625,77.257095,6.803710,7,2016-01-13T13:51:31:239+3,2,0038,0000\nLabR,Std0,00b5,000000f9,40.491627,77.267090,6.803710,7,2016-01-13T13:51:31:239+3,2,0038,0000\nLabR,Std0,00b6,000000fa,40.501625,77.277092,6.803710,7,2016-01-13T13:51:31:239+3,2,0038,0000\nLabR,Std0,00b7,000000fb,40.511627,77.287094,6.803710,7,2016-01-13T13:51:31:239+3,2,0038,0000\nLabR,Std0,00b8,000000fc,40.521626,77.297089,6.803710,7,2016-01-13T13:51:31:239+3,2,0038,0000\nLabR,Std0,00b9,000000fd,40.531624,77.307091,6.803710,7,2016-01-13T13:51:31:239+3,2,0038,0000\nLabR,Std0,00ba,000000fe,40.541626,77.317093,6.803710,7,2016-01-13T13:51:31:239+3,2,0038,0000\nLabR,Std0,00bb,000000ff,40.551624,77.327095,6.803710,7,2016-01-13T13:51:31:239+3,2,0038,0000\nLabR,Std0,00bc,00000100,40.561626,77.337090,6.803710,7,2016-01-13T13:51:31:239+3,2,0038,0000\nLabR,Std0,00bd,00000101,40.571625,77.347092,6.803710,7,2016-01-13T13:51:31:239+3,2,0038,0000\nLabR,Std0,00be,00000102,40.581627,77.357094,6.803710,7,2016-01-13T13:51:31:239+3,2,0038,0000\nLabR,Std0,00bf,00000103,40.591625,77.367096,6.803710,7,2016-01-13T13:51:31:239+3,2,0038,0000\nLabR,Std0,00c0,00000104,40.601624,77.377090,6.803710,7,2016-01-13T13:51:31:239+3,2,0038,0000\nLabR,Std0,00c1,00000105,40.611626,77.387093,6.803710,7,2016-01-13T13:51:31:239+3,2,0038,0000\nLabR,Std0,00c2,00000106,40.621624,77.397095,6.803710,7,2016-01-13T13:51:31:239+3,2,0038,0000\nLabR,Std0,00c3,00000107,40.631626,77.407089,6.803710,7,2016-01-13T13:51:31:239+3,2,0038,0000\nLabR,Std0,00c4,00000108,40.641624,77.417091,6.803710,7,2016-01-13T13:51:31:239+3,2,0038,0000\nLabR,Std0,00c5,00000109,40.651627,77.427094,6.803710,7,2016-01-13T13:51:31:239+3,2,0038,0000\nLabR,Std0,00c6,0000010a,40.661625,77.437096,6.803710,7,2016-01-13T13:51:31:239+3,2,0038,0000\nLabR,Std0,00c7,0000010b,40.671627,77.447090,6.803710,7,2016-01-13T13:51:31:239+3,2,0038,0000\n','2016-01-14 07:44:24',1),(98,'{u\'data\': [{u\'key1\': u\'val1\'}, {u\'key2\': u\'val2\'}]}','2016-01-16 11:11:00',NULL),(99,'{u\'data\': [{u\'key1\': u\'val1\'}, {u\'key2\': u\'val2\'}]}','2016-01-16 11:19:48',NULL),(100,'poll_id','2016-01-19 16:02:38',NULL);
/*!40000 ALTER TABLE `Metka` ENABLE KEYS */;
UNLOCK TABLES;

--
-- Table structure for table `Node`
--

DROP TABLE IF EXISTS `Node`;
/*!40101 SET @saved_cs_client     = @@character_set_client */;
/*!40101 SET character_set_client = utf8 */;
CREATE TABLE `Node` (
  `id` int(11) NOT NULL AUTO_INCREMENT,
  `Name` varchar(200) COLLATE utf8_unicode_ci NOT NULL,
  `Description` longtext COLLATE utf8_unicode_ci NOT NULL,
  `server_id` bigint(20) DEFAULT NULL,
  `id_hex` varchar(200) COLLATE utf8_unicode_ci DEFAULT NULL,
  PRIMARY KEY (`id`)
) ENGINE=InnoDB AUTO_INCREMENT=5 DEFAULT CHARSET=utf8 COLLATE=utf8_unicode_ci;
/*!40101 SET character_set_client = @saved_cs_client */;

--
-- Dumping data for table `Node`
--

LOCK TABLES `Node` WRITE;
/*!40000 ALTER TABLE `Node` DISABLE KEYS */;
INSERT INTO `Node` VALUES (3,'Денис Петров122','Тестовое описание',1259,'222');
/*!40000 ALTER TABLE `Node` ENABLE KEYS */;
UNLOCK TABLES;

--
-- Table structure for table `Object`
--

DROP TABLE IF EXISTS `Object`;
/*!40101 SET @saved_cs_client     = @@character_set_client */;
/*!40101 SET character_set_client = utf8 */;
CREATE TABLE `Object` (
  `id` int(11) NOT NULL AUTO_INCREMENT,
  `Name` varchar(200) COLLATE utf8_unicode_ci DEFAULT NULL,
  `Description` longtext COLLATE utf8_unicode_ci,
  `xCoord` double NOT NULL,
  `yCoord` double NOT NULL,
  `zCoord` double NOT NULL,
  `server_id` varchar(200) COLLATE utf8_unicode_ci DEFAULT NULL,
  `server_inUse` tinyint(1) DEFAULT NULL,
  `server_type` varchar(1) COLLATE utf8_unicode_ci DEFAULT NULL,
  `server_radius` double DEFAULT NULL,
  `server_minNumPoints` int(11) DEFAULT NULL,
  `LoadLandscape_id` varchar(20) COLLATE utf8_unicode_ci NOT NULL,
  PRIMARY KEY (`id`),
  KEY `Object_5813e371` (`LoadLandscape_id`),
  CONSTRAINT `Object_LoadLandscape_id_aec198ad_fk_LoadLandscape_landscape_id` FOREIGN KEY (`LoadLandscape_id`) REFERENCES `LoadLandscape` (`landscape_id`)
) ENGINE=InnoDB AUTO_INCREMENT=143 DEFAULT CHARSET=utf8 COLLATE=utf8_unicode_ci;
/*!40101 SET character_set_client = @saved_cs_client */;

--
-- Dumping data for table `Object`
--

LOCK TABLES `Object` WRITE;
/*!40000 ALTER TABLE `Object` DISABLE KEYS */;
INSERT INTO `Object` VALUES (71,'Роутер6024','',80,26.7160606384,8.70371055603,'0x0000000000001788',1,'W',0,0,'0000'),(72,'Роутер6025','',76.6393966674805,26.9380760192871,8.7004861831665,'0x0000000000001789',0,'W',0,0,'0000'),(73,'Роутер6003','',59.5316963195801,39.8109397888184,7.59999990463257,'0x0000000000001773',1,'W',0,0,'0000'),(74,'Роутер6014','',67.3296356201172,27.2766952514648,8.7004861831665,'0x000000000000177e',1,'W',0,0,'0000'),(75,'Роутер 6013','',64.0853881835938,29.1684741973877,5.69999980926514,'0x000000000000177d',1,'W',0,0,'0000'),(76,'Роутер6016','',61.6283149719238,27.3740348815918,8.705322265625,'0x0000000000001780',0,'W',0,0,'0000'),(77,'Роутер6012','',59.2564735412598,28.6490173339844,8.69532299041748,'0x000000000000177c',1,'W',0,0,'0000'),(80,'Роутер6023','',89.253662109375,20.5785026550293,8.70371055603027,'0x0000000000001787',1,'W',0,0,'0000'),(81,'Роутер6026','',43.8772392272949,29.5951995849609,8.70371055603027,'0x000000000000178a',1,'S',0,0,'0000'),(82,'Роутер6021','',75.5475311279297,22.7124805450439,8.70371055603027,'0x0000000000001785',1,'W',0,0,'0000'),(83,'Роутер6022','',84.2122497558594,22.6395740509033,8.70371055603027,'0x0000000000001786',1,'W',0,0,'0000'),(84,'Роутер6017','',56.2880821228027,23.0917129516602,8.70371055603027,'0x0000000000001781',1,'W',0,0,'0000'),(85,'Роутер6018','',63.845588684082,22.8750095367432,8.70371055603027,'0x0000000000001782',1,'W',0,0,'0000'),(86,'Роутер6019','',45.4055938720703,27.4803485870361,8.70371055603027,'0x0000000000001783',1,'W',0,0,'0000'),(87,'Роутер6007','',59.4145278930664,33.9736404418945,8.69532299041748,'0x0000000000001777',1,'W',0,0,'0000'),(88,'Роутер 6000','',46.3516082763672,29.4743957519531,5.69999980926514,'0x0000000000001770',1,'S',0,0,'0000'),(89,'Роутер 6002','',82.2958602905273,28.6107406616211,5.69999980926514,'0x0000000000001772',1,'W',0,0,'0000'),(90,'Роутер 6008','',58.9076690673828,20.8400917053223,5.69999980926514,'0x0000000000001778',1,'W',0,0,'0000'),(91,'Роутер 6010','',71.8673477172852,20.4484977722168,5.69999980926514,'0x000000000000177a',1,'W',0,0,'0000'),(92,'Роутер6011','',88.1735382080078,20.3229351043701,5.69999980926514,'0x000000000000177b',1,'W',0,0,'0000'),(93,'Роутер 6035','',43.9450874328613,29.8874359130859,5.69999980926514,'0x0000000000001793',1,'B',0,0,'0000'),(94,'Роутер 6027','',43.8803215026855,29.8050785064697,2.70000004768372,'0x000000000000178b',1,'B',0,0,'0000'),(96,'Роутер6004','',71.7862167358398,29.7977333068848,8.69999980926514,'0x0000000000001774',1,'I',0,0,'0000'),(97,'Роутер6029','',71.5592880249023,28.3085746765137,8.69999980926514,'0x000000000000178d',1,'O',0,0,'0000'),(99,'Роутер6020','',56.8273849487305,27.4419250488281,8.70371055603027,'0x0000000000001784',1,'W',0,0,'0000'),(104,'20001','',83.4789123535156,22.5136432647705,9.31999969482422,'0x0000000000004e21',0,'F',0,0,'0000'),(105,'20002','',44.7798500061035,27.3453636169434,7.21000003814697,'0x0000000000004e22',0,'F',0,0,'0000'),(106,'Координатор 20011','Координатор левой части коридора',45.4599990844727,90.8000030517578,8.69999980926514,'0x0000000000004e2b',1,'F',0,0,'0000'),(107,'20000','',72.110725402832,39.5639038085938,9.31999969482422,'0x0000000000004e20',0,'F',0,0,'0000'),(108,'20003','',59.4212951660156,28.7696723937988,9.27999973297119,'0x0000000000004e23',0,'F',0,0,'0000'),(109,'Тестовый1',NULL,76.0200867153,52.7537189415,9,NULL,NULL,NULL,NULL,NULL,'0000'),(110,'6023','',92.4376756871,66.3114172398,8.70371055603,'0x0000000000001787',1,'W',1,1,'0004'),(111,'6011','',91.7256448581,68.0679136897,5.69999980927,'0x000000000000177b',1,'W',1,1,'0004'),(112,'6022','',88.0023774412,68.1634070227,8.70371055603,'0x0000000000001786',1,'W',1,1,'0004'),(113,'6024','',87.7855211163,72.8253824657,8.70371055603,'0x0000000000001788',1,'W',1,1,'0004'),(114,'6002','',86.9072715483,75.9857639827,5.69999980927,'0x0000000000001772',1,'W',1,1,'0004'),(115,'6025','',81.0871044577,72.8313571401,8.70048618317,'0x0000000000001789',1,'W',1,1,'0004'),(116,'6029','',77.436221066,74.0093808458,8.69999980927,'0x000000000000178d',1,'W',1,1,'0004'),(117,'6014','',71.9933386192,73.055229073,8.70048618317,'0x000000000000177e',1,'W',1,1,'0004'),(118,'6016','',66.4581085839,72.649048903,8.70532226562,'0x0000000000001780',1,'W',1,1,'0004'),(119,'6020','',62.3961565118,72.6052402148,8.70371055603,'0x0000000000001784',1,'W',1,1,'0004'),(120,'6000','',54.3021002871,75.949902462,5.69999980927,'0x0000000000001770',1,'W',1,1,'0004'),(121,'6026','',51.9879581869,76.135268406,8.70371055603,'0x000000000000178a',1,'W',1,1,'0004'),(122,'6019','',53.254232681,72.4196174441,8.70371055603,'0x0000000000001783',1,'W',1,1,'0004'),(123,'6015','',52.2742994386,68.4885771604,8.70371055603,'0x000000000000177f',1,'W',1,1,'0004'),(124,'6017','',61.8350646356,67.8156841899,8.70371055603,'0x0000000000001781',1,'W',1,1,'0004'),(125,'6018','',68.5662785002,67.8011003488,8.70371055603,'0x0000000000001782',1,'W',1,1,'0004'),(126,'6008','',63.8363306336,68.1566573117,5.74999980927,'0x0000000000001778',1,'W',1,1,'0004'),(127,'6010','',77.8389030344,68.0999615772,5.69999980927,'0x000000000000177a',1,'W',1,1,'0004'),(128,'6021','',80.4484737597,67.6431877545,8.70371055603,'0x0000000000001785',1,'W',1,1,'0004'),(129,'6004','',77.565541207,76.0117954324,8.69999980927,'0x0000000000001774',1,'W',1,1,'0004'),(130,'6009','',81.8366376968,76.3808843359,8.70048618317,'0x0000000000001779',1,'W',1,1,'0004'),(131,'6005','',72.9321682928,76.8002886546,8.70532226562,'0x0000000000001775',1,'W',1,1,'0004'),(132,'6006','',73.2779539844,85.1544480343,7.60048437119,'0x0000000000001776',1,'W',1,1,'0004'),(133,'6028','',81.7157918123,85.2494508898,7.6004858017,'0x000000000000178c',1,'W',1,1,'0004'),(134,'6003','',64.075438615,85.1086077701,7.59999990463,'0x0000000000001773',1,'W',1,1,'0004'),(135,'6007','',64.1024388655,79.1683339434,8.69532299042,'0x0000000000001777',1,'W',1,1,'0004'),(136,'6012','',64.0671154973,74.6155205269,8.69532299042,'0x000000000000177c',1,'W',1,1,'0004'),(137,'6013','',68.6039555029,76.3424743032,5.69999980927,'0x000000000000177d',1,'W',1,1,'0004'),(138,'20000','',78.2330215231,85.3076603252,9.31999969482,'0x0000000000004e20',1,NULL,NULL,NULL,'0004'),(139,'20003','',63.9418937748,74.4715023177,9.27999973297,'0x0000000000004e23',1,NULL,NULL,NULL,'0004'),(140,'20002','',52.7374295257,73.1820122619,7.21000003815,'0x0000000000004e22',1,NULL,NULL,NULL,'0004'),(141,'20001','',87.985319503,68.3656557813,9.31999969482,'0x0000000000004e2b',1,NULL,NULL,NULL,'0004'),(142,'6035','',52.0896834085,76.6352779811,5.69999980927,'0x0000000000001793',1,'W',1,1,'0004');
/*!40000 ALTER TABLE `Object` ENABLE KEYS */;
UNLOCK TABLES;

--
-- Table structure for table `ObjectBuilding`
--

DROP TABLE IF EXISTS `ObjectBuilding`;
/*!40101 SET @saved_cs_client     = @@character_set_client */;
/*!40101 SET character_set_client = utf8 */;
CREATE TABLE `ObjectBuilding` (
  `id` int(11) NOT NULL AUTO_INCREMENT,
  `Building_id` int(11) NOT NULL,
  `Object_id` int(11) NOT NULL,
  PRIMARY KEY (`id`),
  KEY `ObjectBuilding_Building_id_779192cc_fk_Building_id` (`Building_id`),
  KEY `ObjectBuilding_Object_id_adee08b5_fk_Object_id` (`Object_id`),
  CONSTRAINT `ObjectBuilding_Building_id_779192cc_fk_Building_id` FOREIGN KEY (`Building_id`) REFERENCES `Building` (`id`),
  CONSTRAINT `ObjectBuilding_Object_id_adee08b5_fk_Object_id` FOREIGN KEY (`Object_id`) REFERENCES `Object` (`id`)
) ENGINE=InnoDB DEFAULT CHARSET=utf8 COLLATE=utf8_unicode_ci;
/*!40101 SET character_set_client = @saved_cs_client */;

--
-- Dumping data for table `ObjectBuilding`
--

LOCK TABLES `ObjectBuilding` WRITE;
/*!40000 ALTER TABLE `ObjectBuilding` DISABLE KEYS */;
/*!40000 ALTER TABLE `ObjectBuilding` ENABLE KEYS */;
UNLOCK TABLES;

--
-- Table structure for table `ObjectFloor`
--

DROP TABLE IF EXISTS `ObjectFloor`;
/*!40101 SET @saved_cs_client     = @@character_set_client */;
/*!40101 SET character_set_client = utf8 */;
CREATE TABLE `ObjectFloor` (
  `id` int(11) NOT NULL AUTO_INCREMENT,
  `Floor_id` int(11) NOT NULL,
  `Object_id` int(11) NOT NULL,
  PRIMARY KEY (`id`),
  KEY `ObjectFloor_Floor_id_3e7663c3_fk_Floor_id` (`Floor_id`),
  KEY `ObjectFloor_Object_id_2cf91cf3_fk_Object_id` (`Object_id`),
  CONSTRAINT `ObjectFloor_Floor_id_3e7663c3_fk_Floor_id` FOREIGN KEY (`Floor_id`) REFERENCES `Floor` (`id`),
  CONSTRAINT `ObjectFloor_Object_id_2cf91cf3_fk_Object_id` FOREIGN KEY (`Object_id`) REFERENCES `Object` (`id`)
) ENGINE=InnoDB AUTO_INCREMENT=16 DEFAULT CHARSET=utf8 COLLATE=utf8_unicode_ci;
/*!40101 SET character_set_client = @saved_cs_client */;

--
-- Dumping data for table `ObjectFloor`
--

LOCK TABLES `ObjectFloor` WRITE;
/*!40000 ALTER TABLE `ObjectFloor` DISABLE KEYS */;
INSERT INTO `ObjectFloor` VALUES (3,641,121),(7,642,127),(8,642,126),(9,642,120),(11,642,137),(12,642,114),(14,642,111),(15,642,142);
/*!40000 ALTER TABLE `ObjectFloor` ENABLE KEYS */;
UNLOCK TABLES;

--
-- Table structure for table `ObjectKabinet`
--

DROP TABLE IF EXISTS `ObjectKabinet`;
/*!40101 SET @saved_cs_client     = @@character_set_client */;
/*!40101 SET character_set_client = utf8 */;
CREATE TABLE `ObjectKabinet` (
  `id` int(11) NOT NULL AUTO_INCREMENT,
  `Kabinet_id` int(11) NOT NULL,
  `Object_id` int(11) NOT NULL,
  PRIMARY KEY (`id`),
  KEY `ObjectKabinet_Kabinet_id_c236ca65_fk_Kabinet_n_Outer_id` (`Kabinet_id`),
  KEY `ObjectKabinet_Object_id_a9f031bd_fk_Object_id` (`Object_id`),
  CONSTRAINT `ObjectKabinet_Kabinet_id_c236ca65_fk_Kabinet_n_Outer_id` FOREIGN KEY (`Kabinet_id`) REFERENCES `Kabinet_n_Outer` (`id`),
  CONSTRAINT `ObjectKabinet_Object_id_a9f031bd_fk_Object_id` FOREIGN KEY (`Object_id`) REFERENCES `Object` (`id`)
) ENGINE=InnoDB AUTO_INCREMENT=59 DEFAULT CHARSET=utf8 COLLATE=utf8_unicode_ci;
/*!40101 SET character_set_client = @saved_cs_client */;

--
-- Dumping data for table `ObjectKabinet`
--

LOCK TABLES `ObjectKabinet` WRITE;
/*!40000 ALTER TABLE `ObjectKabinet` DISABLE KEYS */;
INSERT INTO `ObjectKabinet` VALUES (2,1115,73),(3,1115,87),(4,1117,80),(5,1117,83),(6,1117,71),(7,1117,82),(8,1117,72),(9,1115,96),(10,1117,97),(11,1117,74),(12,1117,76),(13,1115,77),(14,1117,99),(15,1133,86),(16,1133,81),(17,1117,84),(18,1117,85),(19,1135,75),(20,1135,88),(21,1135,89),(22,1135,90),(23,1135,91),(24,1135,92),(25,1135,93),(26,1117,108),(27,1115,107),(28,1117,105),(29,1117,104),(30,1140,110),(32,1140,112),(33,1140,113),(34,1140,115),(35,1140,116),(36,1140,117),(37,1140,118),(38,1140,119),(39,1140,122),(40,1140,123),(41,1140,124),(42,1140,125),(43,1140,128),(44,1138,129),(45,1138,130),(48,1138,131),(49,1138,132),(50,1138,133),(51,1138,134),(52,1138,135),(53,1138,136),(55,1138,138),(56,1138,139),(57,1140,140),(58,1140,141);
/*!40000 ALTER TABLE `ObjectKabinet` ENABLE KEYS */;
UNLOCK TABLES;

--
-- Table structure for table `ObjectObjectType`
--

DROP TABLE IF EXISTS `ObjectObjectType`;
/*!40101 SET @saved_cs_client     = @@character_set_client */;
/*!40101 SET character_set_client = utf8 */;
CREATE TABLE `ObjectObjectType` (
  `id` int(11) NOT NULL AUTO_INCREMENT,
  `Object_id` int(11) NOT NULL,
  `ObjectType_id` int(11) NOT NULL,
  PRIMARY KEY (`id`),
  KEY `ObjectObjectType_Object_id_4a278f3f_fk_Object_id` (`Object_id`),
  KEY `ObjectObjectType_619ab4b2` (`ObjectType_id`),
  CONSTRAINT `ObjectObjectType_ObjectType_id_1bd009ab_fk_ObjectType_id` FOREIGN KEY (`ObjectType_id`) REFERENCES `ObjectType` (`id`),
  CONSTRAINT `ObjectObjectType_Object_id_4a278f3f_fk_Object_id` FOREIGN KEY (`Object_id`) REFERENCES `Object` (`id`)
) ENGINE=InnoDB AUTO_INCREMENT=110 DEFAULT CHARSET=utf8 COLLATE=utf8_unicode_ci;
/*!40101 SET character_set_client = @saved_cs_client */;

--
-- Dumping data for table `ObjectObjectType`
--

LOCK TABLES `ObjectObjectType` WRITE;
/*!40000 ALTER TABLE `ObjectObjectType` DISABLE KEYS */;
INSERT INTO `ObjectObjectType` VALUES (38,71,2),(39,72,2),(40,73,2),(41,74,2),(42,75,2),(43,76,2),(44,77,2),(47,80,2),(48,81,2),(49,82,2),(50,83,2),(51,84,2),(52,85,2),(53,86,2),(54,87,2),(55,88,2),(56,89,2),(57,90,2),(58,91,2),(59,92,2),(60,93,2),(61,94,2),(63,96,2),(64,97,2),(66,99,2),(71,104,1),(72,105,1),(73,106,1),(74,107,1),(75,108,1),(76,109,2),(77,110,2),(78,111,2),(79,112,2),(80,113,2),(81,114,2),(82,115,2),(83,116,2),(84,117,2),(85,118,2),(86,119,2),(87,120,2),(88,121,2),(89,122,2),(90,123,2),(91,124,2),(92,125,2),(93,126,2),(94,127,2),(95,128,2),(96,129,2),(97,130,2),(98,131,2),(99,132,2),(100,133,2),(101,134,2),(102,135,2),(103,136,2),(104,137,2),(105,138,1),(106,139,1),(107,140,1),(108,141,1),(109,142,2);
/*!40000 ALTER TABLE `ObjectObjectType` ENABLE KEYS */;
UNLOCK TABLES;

--
-- Table structure for table `ObjectType`
--

DROP TABLE IF EXISTS `ObjectType`;
/*!40101 SET @saved_cs_client     = @@character_set_client */;
/*!40101 SET character_set_client = utf8 */;
CREATE TABLE `ObjectType` (
  `id` int(11) NOT NULL AUTO_INCREMENT,
  `Name` varchar(200) COLLATE utf8_unicode_ci DEFAULT NULL,
  `Command` varchar(200) COLLATE utf8_unicode_ci DEFAULT NULL,
  `CommandList` varchar(200) COLLATE utf8_unicode_ci DEFAULT NULL,
  `CommandDelete` varchar(200) COLLATE utf8_unicode_ci,
  `CommandUpdate` varchar(200) COLLATE utf8_unicode_ci,
  `Name_eng` varchar(200) COLLATE utf8_unicode_ci,
  PRIMARY KEY (`id`)
) ENGINE=InnoDB AUTO_INCREMENT=3 DEFAULT CHARSET=utf8 COLLATE=utf8_unicode_ci;
/*!40101 SET character_set_client = @saved_cs_client */;

--
-- Dumping data for table `ObjectType`
--

LOCK TABLES `ObjectType` WRITE;
/*!40000 ALTER TABLE `ObjectType` DISABLE KEYS */;
INSERT INTO `ObjectType` VALUES (1,'Координатор','addMasterAnchors','listMasterAnchors','deleteMasterAnchors','updateMasterAnchors','masterAnchors'),(2,'Роутер','addAnchors','listAnchors','deleteAnchors','updateAnchors','anchors');
/*!40000 ALTER TABLE `ObjectType` ENABLE KEYS */;
UNLOCK TABLES;

--
-- Table structure for table `Parameter`
--

DROP TABLE IF EXISTS `Parameter`;
/*!40101 SET @saved_cs_client     = @@character_set_client */;
/*!40101 SET character_set_client = utf8 */;
CREATE TABLE `Parameter` (
  `id` int(11) NOT NULL AUTO_INCREMENT,
  `Name` varchar(200) COLLATE utf8_unicode_ci DEFAULT NULL,
  `domName` varchar(200) COLLATE utf8_unicode_ci,
  PRIMARY KEY (`id`)
) ENGINE=InnoDB AUTO_INCREMENT=4 DEFAULT CHARSET=utf8 COLLATE=utf8_unicode_ci;
/*!40101 SET character_set_client = @saved_cs_client */;

--
-- Dumping data for table `Parameter`
--

LOCK TABLES `Parameter` WRITE;
/*!40000 ALTER TABLE `Parameter` DISABLE KEYS */;
INSERT INTO `Parameter` VALUES (1,'Идентификатор','identselect'),(2,'Интервал','dateinterval'),(3,'Подразделение','instructure');
/*!40000 ALTER TABLE `Parameter` ENABLE KEYS */;
UNLOCK TABLES;

--
-- Table structure for table `Report`
--

DROP TABLE IF EXISTS `Report`;
/*!40101 SET @saved_cs_client     = @@character_set_client */;
/*!40101 SET character_set_client = utf8 */;
CREATE TABLE `Report` (
  `id` int(11) NOT NULL AUTO_INCREMENT,
  `Name` varchar(200) COLLATE utf8_unicode_ci DEFAULT NULL,
  `Description` longtext COLLATE utf8_unicode_ci NOT NULL,
  `CanBeMultipleTagId` tinyint(1) NOT NULL,
  PRIMARY KEY (`id`)
) ENGINE=InnoDB AUTO_INCREMENT=3 DEFAULT CHARSET=utf8 COLLATE=utf8_unicode_ci;
/*!40101 SET character_set_client = @saved_cs_client */;

--
-- Dumping data for table `Report`
--

LOCK TABLES `Report` WRITE;
/*!40000 ALTER TABLE `Report` DISABLE KEYS */;
INSERT INTO `Report` VALUES (1,'Хронология перемещений за период (1 метка)','Список перемещений по зданиям этажам, пользовательским зонам, отключение и включение метки в хронологическом порядке',0),(2,'Распределение времени перемещений за период (1 метка)','Процентное распределение проведенного времени в структурных подразделениях или зонах пользователя для одной метки в заданный интервал времени',0);
/*!40000 ALTER TABLE `Report` ENABLE KEYS */;
UNLOCK TABLES;

--
-- Table structure for table `ReportParameter`
--

DROP TABLE IF EXISTS `ReportParameter`;
/*!40101 SET @saved_cs_client     = @@character_set_client */;
/*!40101 SET character_set_client = utf8 */;
CREATE TABLE `ReportParameter` (
  `id` int(11) NOT NULL AUTO_INCREMENT,
  `Report_id` int(11) NOT NULL,
  `Parameter_id` int(11) NOT NULL,
  PRIMARY KEY (`id`),
  KEY `report_reportparameters_Report_id_273375e0_fk_Report_id` (`Report_id`),
  KEY `report_reportparameter_aaab8d9e` (`Parameter_id`),
  CONSTRAINT `report_reportparameters_Report_id_273375e0_fk_Report_id` FOREIGN KEY (`Report_id`) REFERENCES `Report` (`id`),
  CONSTRAINT `report_reportparame_Parameter_id_9e9fc962_fk_report_parameter_id` FOREIGN KEY (`Parameter_id`) REFERENCES `Parameter` (`id`)
) ENGINE=InnoDB AUTO_INCREMENT=7 DEFAULT CHARSET=utf8 COLLATE=utf8_unicode_ci;
/*!40101 SET character_set_client = @saved_cs_client */;

--
-- Dumping data for table `ReportParameter`
--

LOCK TABLES `ReportParameter` WRITE;
/*!40000 ALTER TABLE `ReportParameter` DISABLE KEYS */;
INSERT INTO `ReportParameter` VALUES (1,1,1),(2,1,2),(3,1,3),(4,2,3),(5,2,2),(6,2,1);
/*!40000 ALTER TABLE `ReportParameter` ENABLE KEYS */;
UNLOCK TABLES;

--
-- Table structure for table `ReportStructure`
--

DROP TABLE IF EXISTS `ReportStructure`;
/*!40101 SET @saved_cs_client     = @@character_set_client */;
/*!40101 SET character_set_client = utf8 */;
CREATE TABLE `ReportStructure` (
  `id` int(11) NOT NULL AUTO_INCREMENT,
  `TemplateParameter` varchar(200) COLLATE utf8_unicode_ci NOT NULL,
  `TemplateFileName` varchar(200) COLLATE utf8_unicode_ci NOT NULL,
  `Report_id` int(11) NOT NULL,
  PRIMARY KEY (`id`),
  KEY `ReportStructure_Report_id_b741c78a_fk_Report_id` (`Report_id`),
  CONSTRAINT `ReportStructure_Report_id_b741c78a_fk_Report_id` FOREIGN KEY (`Report_id`) REFERENCES `Report` (`id`)
) ENGINE=InnoDB AUTO_INCREMENT=3 DEFAULT CHARSET=utf8 COLLATE=utf8_unicode_ci;
/*!40101 SET character_set_client = @saved_cs_client */;

--
-- Dumping data for table `ReportStructure`
--

LOCK TABLES `ReportStructure` WRITE;
/*!40000 ALTER TABLE `ReportStructure` DISABLE KEYS */;
INSERT INTO `ReportStructure` VALUES (1,'structure','structuretable.html',1),(2,'structurelength','structurelengthdiagram.html',2);
/*!40000 ALTER TABLE `ReportStructure` ENABLE KEYS */;
UNLOCK TABLES;

--
-- Table structure for table `ReportUser`
--

DROP TABLE IF EXISTS `ReportUser`;
/*!40101 SET @saved_cs_client     = @@character_set_client */;
/*!40101 SET character_set_client = utf8 */;
CREATE TABLE `ReportUser` (
  `id` int(11) NOT NULL AUTO_INCREMENT,
  `Report_id` int(11) NOT NULL,
  `User_id` int(11) NOT NULL,
  PRIMARY KEY (`id`),
  KEY `ReportUser_Report_id_08ac007c_fk_Report_id` (`Report_id`),
  KEY `ReportUser_User_id_b53f876e_fk_auth_user_id` (`User_id`),
  CONSTRAINT `ReportUser_Report_id_08ac007c_fk_Report_id` FOREIGN KEY (`Report_id`) REFERENCES `Report` (`id`),
  CONSTRAINT `ReportUser_User_id_b53f876e_fk_auth_user_id` FOREIGN KEY (`User_id`) REFERENCES `auth_user` (`id`)
) ENGINE=InnoDB AUTO_INCREMENT=3 DEFAULT CHARSET=utf8 COLLATE=utf8_unicode_ci;
/*!40101 SET character_set_client = @saved_cs_client */;

--
-- Dumping data for table `ReportUser`
--

LOCK TABLES `ReportUser` WRITE;
/*!40000 ALTER TABLE `ReportUser` DISABLE KEYS */;
INSERT INTO `ReportUser` VALUES (1,1,1),(2,2,1);
/*!40000 ALTER TABLE `ReportUser` ENABLE KEYS */;
UNLOCK TABLES;

--
-- Table structure for table `ReportUzone`
--

DROP TABLE IF EXISTS `ReportUzone`;
/*!40101 SET @saved_cs_client     = @@character_set_client */;
/*!40101 SET character_set_client = utf8 */;
CREATE TABLE `ReportUzone` (
  `id` int(11) NOT NULL AUTO_INCREMENT,
  `TemplateParameter` varchar(200) COLLATE utf8_unicode_ci NOT NULL,
  `TemplateFileName` varchar(200) COLLATE utf8_unicode_ci NOT NULL,
  `Report_id` int(11) NOT NULL,
  PRIMARY KEY (`id`),
  KEY `ReportUzone_Report_id_36dbe6cc_fk_Report_id` (`Report_id`),
  CONSTRAINT `ReportUzone_Report_id_36dbe6cc_fk_Report_id` FOREIGN KEY (`Report_id`) REFERENCES `Report` (`id`)
) ENGINE=InnoDB AUTO_INCREMENT=3 DEFAULT CHARSET=utf8 COLLATE=utf8_unicode_ci;
/*!40101 SET character_set_client = @saved_cs_client */;

--
-- Dumping data for table `ReportUzone`
--

LOCK TABLES `ReportUzone` WRITE;
/*!40000 ALTER TABLE `ReportUzone` DISABLE KEYS */;
INSERT INTO `ReportUzone` VALUES (1,'uzones','uzonetable.html',1),(2,'uzone','uzonelengthdiagram.html',2);
/*!40000 ALTER TABLE `ReportUzone` ENABLE KEYS */;
UNLOCK TABLES;

--
-- Table structure for table `SessionLayer`
--

DROP TABLE IF EXISTS `SessionLayer`;
/*!40101 SET @saved_cs_client     = @@character_set_client */;
/*!40101 SET character_set_client = utf8 */;
CREATE TABLE `SessionLayer` (
  `id` int(11) NOT NULL AUTO_INCREMENT,
  `height1` double DEFAULT NULL,
  `height2` double DEFAULT NULL,
  `ws_id` int(11) DEFAULT NULL,
  `latitude1` double DEFAULT NULL,
  `latitude2` double DEFAULT NULL,
  `longitude1` double DEFAULT NULL,
  `name` varchar(200) COLLATE utf8_unicode_ci DEFAULT NULL,
  `scaleX` double DEFAULT NULL,
  `scaleY` double DEFAULT NULL,
  `x1` double DEFAULT NULL,
  `x2` double DEFAULT NULL,
  `y1` double DEFAULT NULL,
  `y2` double DEFAULT NULL,
  `z1` double DEFAULT NULL,
  `z2` double DEFAULT NULL,
  `server_id` int(11) DEFAULT NULL,
  `SessionTable_id` int(11) NOT NULL,
  `longitude2` double,
  PRIMARY KEY (`id`),
  KEY `mainapp_sessionlayer_c0298df9` (`SessionTable_id`),
  CONSTRAINT `mainapp_sessionlayer_SessionTable_id_4708f45b_fk_SessionTable_id` FOREIGN KEY (`SessionTable_id`) REFERENCES `SessionTable` (`id`)
) ENGINE=InnoDB AUTO_INCREMENT=15 DEFAULT CHARSET=utf8 COLLATE=utf8_unicode_ci;
/*!40101 SET character_set_client = @saved_cs_client */;

--
-- Dumping data for table `SessionLayer`
--

LOCK TABLES `SessionLayer` WRITE;
/*!40000 ALTER TABLE `SessionLayer` DISABLE KEYS */;
INSERT INTO `SessionLayer` VALUES (13,0,0,3,0,0,0,'Подложка КБНТ',0,0,0,149.9980484375,0,149.9980484375,0,0,8,6,0),(14,0,0,3,0,0,0,'Подложка КБНТ',0,0,0,149.9980484375,0,149.9980484375,0,0,8,9,0);
/*!40000 ALTER TABLE `SessionLayer` ENABLE KEYS */;
UNLOCK TABLES;

--
-- Table structure for table `SessionPlan`
--

DROP TABLE IF EXISTS `SessionPlan`;
/*!40101 SET @saved_cs_client     = @@character_set_client */;
/*!40101 SET character_set_client = utf8 */;
CREATE TABLE `SessionPlan` (
  `id` int(11) NOT NULL AUTO_INCREMENT,
  `ws_id` int(11) DEFAULT NULL,
  `name` varchar(200) COLLATE utf8_unicode_ci DEFAULT NULL,
  `description` longtext COLLATE utf8_unicode_ci,
  `x` double DEFAULT NULL,
  `y` double DEFAULT NULL,
  `z` double DEFAULT NULL,
  `sizeX` double DEFAULT NULL,
  `sizeY` double DEFAULT NULL,
  `sizeZ` double DEFAULT NULL,
  `angleRotateX` double DEFAULT NULL,
  `angleRotateY` double DEFAULT NULL,
  `angleRotateZ` double DEFAULT NULL,
  `objType` double DEFAULT NULL,
  `server_id` int(11) DEFAULT NULL,
  `SessionTable_id` int(11) NOT NULL,
  PRIMARY KEY (`id`),
  KEY `mainapp_sessionplan_c0298df9` (`SessionTable_id`),
  CONSTRAINT `mainapp_sessionplan_SessionTable_id_c23d96d4_fk_SessionTable_id` FOREIGN KEY (`SessionTable_id`) REFERENCES `SessionTable` (`id`)
) ENGINE=InnoDB AUTO_INCREMENT=210 DEFAULT CHARSET=utf8 COLLATE=utf8_unicode_ci;
/*!40101 SET character_set_client = @saved_cs_client */;

--
-- Dumping data for table `SessionPlan`
--

LOCK TABLES `SessionPlan` WRITE;
/*!40000 ALTER TABLE `SessionPlan` DISABLE KEYS */;
INSERT INTO `SessionPlan` VALUES (162,13,'building_001','',71.0667014882308,0.0100002298131503,70.7423995713065,29.8598465594274,9.18401523994012,48.1639145396502,0,0,0,2,96,6),(163,15,'floor_003','',71.062107429887,6,70.7423995713065,29.8506584427397,3.19401546975327,48.1639145396502,0,0,0,3,97,6),(164,17,'kabinet_001','',79.9816042556786,6.1100001335144,72.9144675778225,11.8900200576735,3.07000017166138,18.110019216314,0,0,0,4,98,6),(165,23,'kabinet_002','',69.2460259232385,6,72.5189158819221,10.1694533171664,3.13288902607323,44.3721008257187,0,0,0,4,99,6),(166,27,'kabinet_003','',60.6686670641284,6,92.2014918819419,7.64977511028808,3.10770585521031,5.24572991837931,0,0,0,4,100,6),(167,31,'kabinet_004','',61.9348922245215,6,86.5941227239211,10.2039698399977,3.10172342251957,5.95503185541044,0,0,0,4,101,6),(168,35,'kabinet_005','',61.9466749435235,6,80.9171563272264,10.2624746471654,3.12479622888184,5.26881538923621,0,0,0,4,102,6),(169,39,'kabinet_006','',61.9337244859773,6,75.2422464226176,10.1943896330215,3.04788704780966,5.98672110782509,0,0,0,4,103,6),(170,43,'kabinet_007','',64.894864331859,6,69.5411260036119,4.24365943164765,3.05557967437947,5.37559170725271,0,0,0,4,104,6),(171,47,'kabinet_008','',64.9346867397891,6,63.8983335780047,4.243269402,3.10696622888184,5.85476455451192,0,0,0,4,105,6),(172,53,'kabinet_009','',61.8835948949488,6,63.8224165933421,10.1634949139821,3.16325322888184,16.8260136063272,0,0,0,4,106,6),(173,57,'kabinet_010','',70.6612967815869,6,58.1094110511847,2.64570687368719,3.1203273593533,6.35435562004048,0,0,0,4,107,6),(174,61,'kabinet_011','',70.6799613631527,6,62.9963592862619,2.60527680638054,3.11838885833299,3.35814968040274,0,0,0,4,108,6),(175,65,'kabinet_012','',70.7152431902666,6,65.9075748642805,2.56174810231363,3.13441111150503,2.42003551165,0,0,0,4,109,6),(176,69,'kabinet_013','',70.6960833919558,6,67.9118427936948,2.55684838832568,3.13441204265237,1.51920162548157,0,0,0,4,110,6),(177,73,'kabinet_014','',70.698308153052,6,72.522261766453,2.56878754028035,3.13441222888184,7.66586612104345,0,0,0,4,111,6),(178,77,'kabinet_015','',70.6885312133594,6,77.2757911075865,2.51789121583435,3.13441222888184,1.77755140455432,0,0,0,4,112,6),(179,81,'kabinet_017','',70.6938714410664,6,85.0701785802707,2.50220703799999,3.08634422888184,4.39265295611878,0,0,0,4,113,6),(180,85,'kabinet_016','',70.6938856544336,6.00000476837158,80.5444063332646,2.46718332900001,0.00000000000000177635683940025,4.67923375427435,0,0,0,4,114,6),(181,87,'kabinet','',71.3704991040275,6,48.4772988875319,5.80693988927457,3.19401546975327,3.63371317210102,0,0,0,4,115,6),(182,91,'floor_002','',71.0672237580509,2.9800007343292,70.7423370478424,29.8588020197873,3.08999931812292,48.0215609130027,0,0,0,3,116,6),(183,95,'kabinet_000','',62.1061390262442,2.98000073432922,114.734015559235,14.1016798689936,3.01000039441896,44.2184783367368,0,-3.14159255611711,0,4,117,6),(184,99,'kabinet_018','',81.5216674804688,3.03000068664551,57.9534016991377,7.83957972476367,3.00240521705628,6.18773038037734,0,0,0,4,118,6),(185,103,'floor_001','',71.0672237580509,0.0100002298131503,70.7423371788097,29.8588020197873,3.01000022981319,48.0215606510682,0,0,0,3,142,6),(186,13,'building_001','',71.0667014882308,0.0100002298131503,70.7423995713065,29.8598465594274,9.18401523994012,48.1639145396502,0,0,0,2,96,9),(187,15,'floor_003','',71.062107429887,6,70.7423995713065,29.8506584427397,3.19401546975327,48.1639145396502,0,0,0,3,97,9),(188,17,'kabinet_001','',79.9816042556786,6.1100001335144,72.9144675778225,11.8900200576735,3.07000017166138,18.110019216314,0,0,0,4,98,9),(189,23,'kabinet_002','',69.2460259232385,6,72.5189158819221,10.1694533171664,3.13288902607323,44.3721008257187,0,0,0,4,99,9),(190,27,'kabinet_003','',60.6686670641284,6,92.2014918819419,7.64977511028808,3.10770585521031,5.24572991837931,0,0,0,4,100,9),(191,31,'kabinet_004','',61.9348922245215,6,86.5941227239211,10.2039698399977,3.10172342251957,5.95503185541044,0,0,0,4,101,9),(192,35,'kabinet_005','',61.9466749435235,6,80.9171563272264,10.2624746471654,3.12479622888184,5.26881538923621,0,0,0,4,102,9),(193,39,'kabinet_006','',61.9337244859773,6,75.2422464226176,10.1943896330215,3.04788704780966,5.98672110782509,0,0,0,4,103,9),(194,43,'kabinet_007','',64.894864331859,6,69.5411260036119,4.24365943164765,3.05557967437947,5.37559170725271,0,0,0,4,104,9),(195,47,'kabinet_008','',64.9346867397891,6,63.8983335780047,4.243269402,3.10696622888184,5.85476455451192,0,0,0,4,105,9),(196,53,'kabinet_009','',61.8835948949488,6,63.8224165933421,10.1634949139821,3.16325322888184,16.8260136063272,0,0,0,4,106,9),(197,57,'kabinet_010','',70.6612967815869,6,58.1094110511847,2.64570687368719,3.1203273593533,6.35435562004048,0,0,0,4,107,9),(198,61,'kabinet_011','',70.6799613631527,6,62.9963592862619,2.60527680638054,3.11838885833299,3.35814968040274,0,0,0,4,108,9),(199,65,'kabinet_012','',70.7152431902666,6,65.9075748642805,2.56174810231363,3.13441111150503,2.42003551165,0,0,0,4,109,9),(200,69,'kabinet_013','',70.6960833919558,6,67.9118427936948,2.55684838832568,3.13441204265237,1.51920162548157,0,0,0,4,110,9),(201,73,'kabinet_014','',70.698308153052,6,72.522261766453,2.56878754028035,3.13441222888184,7.66586612104345,0,0,0,4,111,9),(202,77,'kabinet_015','',70.6885312133594,6,77.2757911075865,2.51789121583435,3.13441222888184,1.77755140455432,0,0,0,4,112,9),(203,81,'kabinet_017','',70.6938714410664,6,85.0701785802707,2.50220703799999,3.08634422888184,4.39265295611878,0,0,0,4,113,9),(204,85,'kabinet_016','',70.6938856544336,6.00000476837158,80.5444063332646,2.46718332900001,0.00000000000000177635683940025,4.67923375427435,0,0,0,4,114,9),(205,87,'kabinet','',71.3704991040275,6,48.4772988875319,5.80693988927457,3.19401546975327,3.63371317210102,0,0,0,4,115,9),(206,91,'floor_002','',71.0672237580509,2.9800007343292,70.7423370478424,29.8588020197873,3.08999931812292,48.0215609130027,0,0,0,3,116,9),(207,95,'kabinet_000','',62.1061390262442,2.98000073432922,114.734015559235,14.1016798689936,3.01000039441896,44.2184783367368,0,-3.14159255611711,0,4,117,9),(208,99,'kabinet_018','',81.5216674804688,3.03000068664551,57.9534016991377,7.83957972476367,3.00240521705628,6.18773038037734,0,0,0,4,118,9),(209,103,'floor_001','',71.0672237580509,0.0100002298131503,70.7423371788097,29.8588020197873,3.01000022981319,48.0215606510682,0,0,0,3,142,9);
/*!40000 ALTER TABLE `SessionPlan` ENABLE KEYS */;
UNLOCK TABLES;

--
-- Table structure for table `SessionPlanTree`
--

DROP TABLE IF EXISTS `SessionPlanTree`;
/*!40101 SET @saved_cs_client     = @@character_set_client */;
/*!40101 SET character_set_client = utf8 */;
CREATE TABLE `SessionPlanTree` (
  `id` int(11) NOT NULL AUTO_INCREMENT,
  `ws_id` int(11) DEFAULT NULL,
  `server_id` int(11) DEFAULT NULL,
  `ws_parent_id` int(11) DEFAULT NULL,
  `server_parent_id` int(11) DEFAULT NULL,
  `SessionTable_id` int(11) NOT NULL,
  PRIMARY KEY (`id`),
  KEY `mainapp_sessionplantree_c0298df9` (`SessionTable_id`),
  CONSTRAINT `mainapp_sessionplant_SessionTable_id_c1994370_fk_SessionTable_id` FOREIGN KEY (`SessionTable_id`) REFERENCES `SessionTable` (`id`)
) ENGINE=InnoDB AUTO_INCREMENT=188 DEFAULT CHARSET=utf8 COLLATE=utf8_unicode_ci;
/*!40101 SET character_set_client = @saved_cs_client */;

--
-- Dumping data for table `SessionPlanTree`
--

LOCK TABLES `SessionPlanTree` WRITE;
/*!40000 ALTER TABLE `SessionPlanTree` DISABLE KEYS */;
INSERT INTO `SessionPlanTree` VALUES (139,13,96,-1,0,6),(140,15,97,13,96,6),(141,17,98,15,97,6),(142,23,99,15,97,6),(143,27,100,15,97,6),(144,31,101,15,97,6),(145,35,102,15,97,6),(146,39,103,15,97,6),(147,43,104,15,97,6),(148,47,105,15,97,6),(149,53,106,15,97,6),(150,57,107,15,97,6),(151,61,108,15,97,6),(152,65,109,15,97,6),(153,69,110,15,97,6),(154,73,111,15,97,6),(155,77,112,15,97,6),(156,81,113,15,97,6),(157,85,114,15,97,6),(158,87,115,15,97,6),(159,91,116,13,96,6),(160,95,117,91,116,6),(162,99,118,91,116,6),(163,103,142,13,96,6),(164,13,96,-1,0,9),(165,15,97,13,96,9),(166,17,98,15,97,9),(167,23,99,15,97,9),(168,27,100,15,97,9),(169,31,101,15,97,9),(170,35,102,15,97,9),(171,39,103,15,97,9),(172,43,104,15,97,9),(173,47,105,15,97,9),(174,53,106,15,97,9),(175,57,107,15,97,9),(176,61,108,15,97,9),(177,65,109,15,97,9),(178,69,110,15,97,9),(179,73,111,15,97,9),(180,77,112,15,97,9),(181,81,113,15,97,9),(182,85,114,15,97,9),(183,87,115,15,97,9),(184,91,116,13,96,9),(185,95,117,91,116,9),(186,99,118,91,116,9),(187,103,142,13,96,9);
/*!40000 ALTER TABLE `SessionPlanTree` ENABLE KEYS */;
UNLOCK TABLES;

--
-- Table structure for table `SessionTable`
--

DROP TABLE IF EXISTS `SessionTable`;
/*!40101 SET @saved_cs_client     = @@character_set_client */;
/*!40101 SET character_set_client = utf8 */;
CREATE TABLE `SessionTable` (
  `id` int(11) NOT NULL AUTO_INCREMENT,
  `idLayer` int(11),
  `inuse` tinyint(1),
  `name` varchar(200) COLLATE utf8_unicode_ci,
  `server_id` int(11),
  `server_idLayer` int(11),
  `LoadLandscape_id` varchar(20) COLLATE utf8_unicode_ci NOT NULL,
  PRIMARY KEY (`id`),
  KEY `SessionTable_5813e371` (`LoadLandscape_id`),
  CONSTRAINT `SessionT_LoadLandscape_id_7451dd23_fk_LoadLandscape_landscape_id` FOREIGN KEY (`LoadLandscape_id`) REFERENCES `LoadLandscape` (`landscape_id`)
) ENGINE=InnoDB AUTO_INCREMENT=10 DEFAULT CHARSET=utf8 COLLATE=utf8_unicode_ci;
/*!40101 SET character_set_client = @saved_cs_client */;

--
-- Dumping data for table `SessionTable`
--

LOCK TABLES `SessionTable` WRITE;
/*!40000 ALTER TABLE `SessionTable` DISABLE KEYS */;
INSERT INTO `SessionTable` VALUES (6,3,1,'КБНТ',56,8,'0000'),(9,3,1,'Сессия для тестирования ws_sp',13,8,'0004');
/*!40000 ALTER TABLE `SessionTable` ENABLE KEYS */;
UNLOCK TABLES;

--
-- Table structure for table `Std0`
--

DROP TABLE IF EXISTS `Std0`;
/*!40101 SET @saved_cs_client     = @@character_set_client */;
/*!40101 SET character_set_client = utf8 */;
CREATE TABLE `Std0` (
  `id` int(11) NOT NULL AUTO_INCREMENT,
  `LocateMessageDefinition` varchar(200) COLLATE utf8_unicode_ci DEFAULT NULL,
  `LabD` varchar(200) COLLATE utf8_unicode_ci DEFAULT NULL,
  `Std0` varchar(200) COLLATE utf8_unicode_ci DEFAULT NULL,
  `Tag_ID_Format` varchar(200) COLLATE utf8_unicode_ci DEFAULT NULL,
  `Tag_ID` varchar(200) COLLATE utf8_unicode_ci DEFAULT NULL,
  `X` double DEFAULT NULL,
  `Y` double DEFAULT NULL,
  `Z` double DEFAULT NULL,
  `Battery` int(11) DEFAULT NULL,
  `Timestamp` varchar(25) COLLATE utf8_unicode_ci DEFAULT NULL,
  `Status` varchar(1) COLLATE utf8_unicode_ci DEFAULT NULL,
  `Session` varchar(8) COLLATE utf8_unicode_ci DEFAULT NULL,
  `Zone` varchar(200) COLLATE utf8_unicode_ci DEFAULT NULL,
  `DateImport` datetime DEFAULT NULL,
  `TimeDelta` int(11) NOT NULL,
  PRIMARY KEY (`id`)
) ENGINE=InnoDB AUTO_INCREMENT=3986 DEFAULT CHARSET=utf8 COLLATE=utf8_unicode_ci;
/*!40101 SET character_set_client = @saved_cs_client */;

--
-- Dumping data for table `Std0`
--

LOCK TABLES `Std0` WRITE;
/*!40000 ALTER TABLE `Std0` DISABLE KEYS */;
INSERT INTO `Std0` VALUES (3386,NULL,'LabR','Std0','0000','000000a8',39.681625,76.457092,6.80371,NULL,'2016-01-13T13:51:31:239+3',NULL,NULL,'7','2016-01-14 06:26:57',0),(3387,NULL,'LabR','Std0','0001','000000a9',39.691624,76.467094,6.80371,NULL,'2016-01-13T13:51:31:239+3',NULL,NULL,'7','2016-01-14 06:26:57',0),(3388,NULL,'LabR','Std0','0002','000000aa',39.701626,76.477089,6.80371,NULL,'2016-01-13T13:51:31:239+3',NULL,NULL,'7','2016-01-14 06:26:58',0),(3389,NULL,'LabR','Std0','0003','000000ab',39.711624,76.487091,6.80371,NULL,'2016-01-13T13:51:31:239+3',NULL,NULL,'7','2016-01-14 06:26:58',0),(3390,NULL,'LabR','Std0','0004','000000ac',39.721626,76.497093,6.80371,NULL,'2016-01-13T13:51:31:239+3',NULL,NULL,'7','2016-01-14 06:26:58',0),(3391,NULL,'LabR','Std0','0005','000000ad',39.731625,76.507095,6.80371,NULL,'2016-01-13T13:51:31:239+3',NULL,NULL,'7','2016-01-14 06:26:58',0),(3392,NULL,'LabR','Std0','0006','000000ae',39.741627,76.51709,6.80371,NULL,'2016-01-13T13:51:31:239+3',NULL,NULL,'7','2016-01-14 06:26:59',0),(3393,NULL,'LabR','Std0','0007','000000af',39.751625,76.527092,6.80371,NULL,'2016-01-13T13:51:31:239+3',NULL,NULL,'7','2016-01-14 06:26:59',0),(3394,NULL,'LabR','Std0','0008','000000b0',39.761627,76.537094,6.80371,NULL,'2016-01-13T13:51:31:239+3',NULL,NULL,'7','2016-01-14 06:26:59',0),(3395,NULL,'LabR','Std0','0009','000000b1',39.771626,76.547089,6.80371,NULL,'2016-01-13T13:51:31:239+3',NULL,NULL,'7','2016-01-14 06:26:59',0),(3396,NULL,'LabR','Std0','000a','000000b2',39.781624,76.557091,6.80371,NULL,'2016-01-13T13:51:31:239+3',NULL,NULL,'7','2016-01-14 06:27:00',0),(3397,NULL,'LabR','Std0','000b','000000b3',39.791626,76.567093,6.80371,NULL,'2016-01-13T13:51:31:239+3',NULL,NULL,'7','2016-01-14 06:27:00',0),(3398,NULL,'LabR','Std0','000c','000000b4',39.801624,76.577095,6.80371,NULL,'2016-01-13T13:51:31:239+3',NULL,NULL,'7','2016-01-14 06:27:00',0),(3399,NULL,'LabR','Std0','000d','000000b5',39.811626,76.58709,6.80371,NULL,'2016-01-13T13:51:31:239+3',NULL,NULL,'7','2016-01-14 06:27:00',0),(3400,NULL,'LabR','Std0','000e','000000b6',39.821625,76.597092,6.80371,NULL,'2016-01-13T13:51:31:239+3',NULL,NULL,'7','2016-01-14 06:27:01',0),(3401,NULL,'LabR','Std0','000f','000000b7',39.831627,76.607094,6.80371,NULL,'2016-01-13T13:51:31:239+3',NULL,NULL,'7','2016-01-14 06:27:01',0),(3402,NULL,'LabR','Std0','0010','000000b8',39.841625,76.617096,6.80371,NULL,'2016-01-13T13:51:31:239+3',NULL,NULL,'7','2016-01-14 06:27:01',0),(3403,NULL,'LabR','Std0','0011','000000b9',39.851624,76.62709,6.80371,NULL,'2016-01-13T13:51:31:239+3',NULL,NULL,'7','2016-01-14 06:27:01',0),(3404,NULL,'LabR','Std0','0012','000000ba',39.861626,76.637093,6.80371,NULL,'2016-01-13T13:51:31:239+3',NULL,NULL,'7','2016-01-14 06:27:01',0),(3405,NULL,'LabR','Std0','0013','000000bb',39.871624,76.647095,6.80371,NULL,'2016-01-13T13:51:31:239+3',NULL,NULL,'7','2016-01-14 06:27:02',0),(3406,NULL,'LabR','Std0','0014','000000bc',39.881626,76.657089,6.80371,NULL,'2016-01-13T13:51:31:239+3',NULL,NULL,'7','2016-01-14 06:27:02',0),(3407,NULL,'LabR','Std0','0015','000000bd',39.891624,76.667091,6.80371,NULL,'2016-01-13T13:51:31:239+3',NULL,NULL,'7','2016-01-14 06:27:02',0),(3408,NULL,'LabR','Std0','0016','000000be',39.901627,76.677094,6.80371,NULL,'2016-01-13T13:51:31:239+3',NULL,NULL,'7','2016-01-14 06:27:02',0),(3409,NULL,'LabR','Std0','0017','000000bf',39.911625,76.687096,6.80371,NULL,'2016-01-13T13:51:31:239+3',NULL,NULL,'7','2016-01-14 06:27:02',0),(3410,NULL,'LabR','Std0','0018','000000c0',39.921627,76.69709,6.80371,NULL,'2016-01-13T13:51:31:239+3',NULL,NULL,'7','2016-01-14 06:27:02',0),(3411,NULL,'LabR','Std0','0019','000000c1',39.931625,76.707092,6.80371,NULL,'2016-01-13T13:51:31:239+3',NULL,NULL,'7','2016-01-14 06:27:03',0),(3412,NULL,'LabR','Std0','001a','000000c2',39.941624,76.717094,6.80371,NULL,'2016-01-13T13:51:31:239+3',NULL,NULL,'7','2016-01-14 06:27:03',0),(3413,NULL,'LabR','Std0','001b','000000c3',39.951626,76.727089,6.80371,NULL,'2016-01-13T13:51:31:239+3',NULL,NULL,'7','2016-01-14 06:27:03',0),(3414,NULL,'LabR','Std0','001c','000000c4',39.961624,76.737091,6.80371,NULL,'2016-01-13T13:51:31:239+3',NULL,NULL,'7','2016-01-14 06:27:03',0),(3415,NULL,'LabR','Std0','001d','000000c5',39.971626,76.747093,6.80371,NULL,'2016-01-13T13:51:31:239+3',NULL,NULL,'7','2016-01-14 06:27:03',0),(3416,NULL,'LabR','Std0','001e','000000c6',39.981625,76.757095,6.80371,NULL,'2016-01-13T13:51:31:239+3',NULL,NULL,'7','2016-01-14 06:27:03',0),(3417,NULL,'LabR','Std0','001f','000000c7',39.991627,76.76709,6.80371,NULL,'2016-01-13T13:51:31:239+3',NULL,NULL,'7','2016-01-14 06:27:03',0),(3418,NULL,'LabR','Std0','0020','000000c8',40.001625,76.777092,6.80371,NULL,'2016-01-13T13:51:31:239+3',NULL,NULL,'7','2016-01-14 06:27:03',0),(3419,NULL,'LabR','Std0','0021','000000c9',40.011627,76.787094,6.80371,NULL,'2016-01-13T13:51:31:239+3',NULL,NULL,'7','2016-01-14 06:27:04',0),(3420,NULL,'LabR','Std0','0022','000000ca',40.021626,76.797089,6.80371,NULL,'2016-01-13T13:51:31:239+3',NULL,NULL,'7','2016-01-14 06:27:04',0),(3421,NULL,'LabR','Std0','0023','000000cb',40.031624,76.807091,6.80371,NULL,'2016-01-13T13:51:31:239+3',NULL,NULL,'7','2016-01-14 06:27:04',0),(3422,NULL,'LabR','Std0','0024','000000cc',40.041626,76.817093,6.80371,NULL,'2016-01-13T13:51:31:239+3',NULL,NULL,'7','2016-01-14 06:27:04',0),(3423,NULL,'LabR','Std0','0025','000000cd',40.051624,76.827095,6.80371,NULL,'2016-01-13T13:51:31:239+3',NULL,NULL,'7','2016-01-14 06:27:04',0),(3424,NULL,'LabR','Std0','0026','000000ce',40.061626,76.83709,6.80371,NULL,'2016-01-13T13:51:31:239+3',NULL,NULL,'7','2016-01-14 06:27:04',0),(3425,NULL,'LabR','Std0','0027','000000cf',40.071625,76.847092,6.80371,NULL,'2016-01-13T13:51:31:239+3',NULL,NULL,'7','2016-01-14 06:27:04',0),(3426,NULL,'LabR','Std0','0028','000000d0',40.081627,76.857094,6.80371,NULL,'2016-01-13T13:51:31:239+3',NULL,NULL,'7','2016-01-14 06:27:05',0),(3427,NULL,'LabR','Std0','0029','000000d1',40.091625,76.867096,6.80371,NULL,'2016-01-13T13:51:31:239+3',NULL,NULL,'7','2016-01-14 06:27:05',0),(3428,NULL,'LabR','Std0','002a','000000d2',40.101624,76.87709,6.80371,NULL,'2016-01-13T13:51:31:239+3',NULL,NULL,'7','2016-01-14 06:27:05',0),(3429,NULL,'LabR','Std0','002b','000000d3',40.111626,76.887093,6.80371,NULL,'2016-01-13T13:51:31:239+3',NULL,NULL,'7','2016-01-14 06:27:05',0),(3430,NULL,'LabR','Std0','002c','000000d4',40.121624,76.897095,6.80371,NULL,'2016-01-13T13:51:31:239+3',NULL,NULL,'7','2016-01-14 06:27:05',0),(3431,NULL,'LabR','Std0','002d','000000d5',40.131626,76.907089,6.80371,NULL,'2016-01-13T13:51:31:239+3',NULL,NULL,'7','2016-01-14 06:27:05',0),(3432,NULL,'LabR','Std0','002e','000000d6',40.141624,76.917091,6.80371,NULL,'2016-01-13T13:51:31:239+3',NULL,NULL,'7','2016-01-14 06:27:06',0),(3433,NULL,'LabR','Std0','002f','000000d7',40.151627,76.927094,6.80371,NULL,'2016-01-13T13:51:31:239+3',NULL,NULL,'7','2016-01-14 06:27:06',0),(3434,NULL,'LabR','Std0','0030','000000d8',40.161625,76.937096,6.80371,NULL,'2016-01-13T13:51:31:239+3',NULL,NULL,'7','2016-01-14 06:27:07',0),(3435,NULL,'LabR','Std0','0031','000000d9',40.171627,76.94709,6.80371,NULL,'2016-01-13T13:51:31:239+3',NULL,NULL,'7','2016-01-14 06:27:07',0),(3436,NULL,'LabR','Std0','0032','000000da',40.181625,76.957092,6.80371,NULL,'2016-01-13T13:51:31:239+3',NULL,NULL,'7','2016-01-14 06:27:08',0),(3437,NULL,'LabR','Std0','0033','000000db',40.191624,76.967094,6.80371,NULL,'2016-01-13T13:51:31:239+3',NULL,NULL,'7','2016-01-14 06:27:08',0),(3438,NULL,'LabR','Std0','0034','000000dc',40.201626,76.977089,6.80371,NULL,'2016-01-13T13:51:31:239+3',NULL,NULL,'7','2016-01-14 06:27:09',0),(3439,NULL,'LabR','Std0','0035','000000dd',40.211624,76.987091,6.80371,NULL,'2016-01-13T13:51:31:239+3',NULL,NULL,'7','2016-01-14 06:27:09',0),(3440,NULL,'LabR','Std0','0036','000000de',40.221626,76.997093,6.80371,NULL,'2016-01-13T13:51:31:239+3',NULL,NULL,'7','2016-01-14 06:27:09',0),(3441,NULL,'LabR','Std0','0037','000000df',40.231625,77.007095,6.80371,NULL,'2016-01-13T13:51:31:239+3',NULL,NULL,'7','2016-01-14 06:27:09',0),(3442,NULL,'LabR','Std0','0038','000000e0',40.241627,77.01709,6.80371,NULL,'2016-01-13T13:51:31:239+3',NULL,NULL,'7','2016-01-14 06:27:10',0),(3443,NULL,'LabR','Std0','0039','000000e1',40.251625,77.027092,6.80371,NULL,'2016-01-13T13:51:31:239+3',NULL,NULL,'7','2016-01-14 06:27:10',0),(3444,NULL,'LabR','Std0','003a','000000e2',40.261627,77.037094,6.80371,NULL,'2016-01-13T13:51:31:239+3',NULL,NULL,'7','2016-01-14 06:27:10',0),(3445,NULL,'LabR','Std0','003b','000000e3',40.271626,77.047089,6.80371,NULL,'2016-01-13T13:51:31:239+3',NULL,NULL,'7','2016-01-14 06:27:10',0),(3446,NULL,'LabR','Std0','003c','000000e4',40.281624,77.057091,6.80371,NULL,'2016-01-13T13:51:31:239+3',NULL,NULL,'7','2016-01-14 06:27:10',0),(3447,NULL,'LabR','Std0','003d','000000e5',40.291626,77.067093,6.80371,NULL,'2016-01-13T13:51:31:239+3',NULL,NULL,'7','2016-01-14 06:27:11',0),(3448,NULL,'LabR','Std0','003e','000000e6',40.301624,77.077095,6.80371,NULL,'2016-01-13T13:51:31:239+3',NULL,NULL,'7','2016-01-14 06:27:11',0),(3449,NULL,'LabR','Std0','003f','000000e7',40.311626,77.08709,6.80371,NULL,'2016-01-13T13:51:31:239+3',NULL,NULL,'7','2016-01-14 06:27:11',0),(3450,NULL,'LabR','Std0','0040','000000e8',40.321625,77.097092,6.80371,NULL,'2016-01-13T13:51:31:239+3',NULL,NULL,'7','2016-01-14 06:27:11',0),(3451,NULL,'LabR','Std0','0041','000000e9',40.331627,77.107094,6.80371,NULL,'2016-01-13T13:51:31:239+3',NULL,NULL,'7','2016-01-14 06:27:11',0),(3452,NULL,'LabR','Std0','0042','000000ea',40.341625,77.117096,6.80371,NULL,'2016-01-13T13:51:31:239+3',NULL,NULL,'7','2016-01-14 06:27:12',0),(3453,NULL,'LabR','Std0','0043','000000eb',40.351624,77.12709,6.80371,NULL,'2016-01-13T13:51:31:239+3',NULL,NULL,'7','2016-01-14 06:27:12',0),(3454,NULL,'LabR','Std0','0044','000000ec',40.361626,77.137093,6.80371,NULL,'2016-01-13T13:51:31:239+3',NULL,NULL,'7','2016-01-14 06:27:12',0),(3455,NULL,'LabR','Std0','0045','000000ed',40.371624,77.147095,6.80371,NULL,'2016-01-13T13:51:31:239+3',NULL,NULL,'7','2016-01-14 06:27:12',0),(3456,NULL,'LabR','Std0','0046','000000ee',40.381626,77.157089,6.80371,NULL,'2016-01-13T13:51:31:239+3',NULL,NULL,'7','2016-01-14 06:27:12',0),(3457,NULL,'LabR','Std0','0047','000000ef',40.391624,77.167091,6.80371,NULL,'2016-01-13T13:51:31:239+3',NULL,NULL,'7','2016-01-14 06:27:13',0),(3458,NULL,'LabR','Std0','0048','000000f0',40.401627,77.177094,6.80371,NULL,'2016-01-13T13:51:31:239+3',NULL,NULL,'7','2016-01-14 06:27:13',0),(3459,NULL,'LabR','Std0','0049','000000f1',40.411625,77.187096,6.80371,NULL,'2016-01-13T13:51:31:239+3',NULL,NULL,'7','2016-01-14 06:27:13',0),(3460,NULL,'LabR','Std0','004a','000000f2',40.421627,77.19709,6.80371,NULL,'2016-01-13T13:51:31:239+3',NULL,NULL,'7','2016-01-14 06:27:13',0),(3461,NULL,'LabR','Std0','004b','000000f3',40.431625,77.207092,6.80371,NULL,'2016-01-13T13:51:31:239+3',NULL,NULL,'7','2016-01-14 06:27:13',0),(3462,NULL,'LabR','Std0','004c','000000f4',40.441624,77.217094,6.80371,NULL,'2016-01-13T13:51:31:239+3',NULL,NULL,'7','2016-01-14 06:27:14',0),(3463,NULL,'LabR','Std0','004d','000000f5',40.451626,77.227089,6.80371,NULL,'2016-01-13T13:51:31:239+3',NULL,NULL,'7','2016-01-14 06:27:14',0),(3464,NULL,'LabR','Std0','004e','000000f6',40.461624,77.237091,6.80371,NULL,'2016-01-13T13:51:31:239+3',NULL,NULL,'7','2016-01-14 06:27:14',0),(3465,NULL,'LabR','Std0','004f','000000f7',40.471626,77.247093,6.80371,NULL,'2016-01-13T13:51:31:239+3',NULL,NULL,'7','2016-01-14 06:27:14',0),(3466,NULL,'LabR','Std0','0050','000000f8',40.481625,77.257095,6.80371,NULL,'2016-01-13T13:51:31:239+3',NULL,NULL,'7','2016-01-14 06:27:14',0),(3467,NULL,'LabR','Std0','0051','000000f9',40.491627,77.26709,6.80371,NULL,'2016-01-13T13:51:31:239+3',NULL,NULL,'7','2016-01-14 06:27:14',0),(3468,NULL,'LabR','Std0','0052','000000fa',40.501625,77.277092,6.80371,NULL,'2016-01-13T13:51:31:239+3',NULL,NULL,'7','2016-01-14 06:27:15',0),(3469,NULL,'LabR','Std0','0053','000000fb',40.511627,77.287094,6.80371,NULL,'2016-01-13T13:51:31:239+3',NULL,NULL,'7','2016-01-14 06:27:15',0),(3470,NULL,'LabR','Std0','0054','000000fc',40.521626,77.297089,6.80371,NULL,'2016-01-13T13:51:31:239+3',NULL,NULL,'7','2016-01-14 06:27:15',0),(3471,NULL,'LabR','Std0','0055','000000fd',40.531624,77.307091,6.80371,NULL,'2016-01-13T13:51:31:239+3',NULL,NULL,'7','2016-01-14 06:27:15',0),(3472,NULL,'LabR','Std0','0056','000000fe',40.541626,77.317093,6.80371,NULL,'2016-01-13T13:51:31:239+3',NULL,NULL,'7','2016-01-14 06:27:15',0),(3473,NULL,'LabR','Std0','0057','000000ff',40.551624,77.327095,6.80371,NULL,'2016-01-13T13:51:31:239+3',NULL,NULL,'7','2016-01-14 06:27:15',0),(3474,NULL,'LabR','Std0','0058','00000100',40.561626,77.33709,6.80371,NULL,'2016-01-13T13:51:31:239+3',NULL,NULL,'7','2016-01-14 06:27:16',0),(3475,NULL,'LabR','Std0','0059','00000101',40.571625,77.347092,6.80371,NULL,'2016-01-13T13:51:31:239+3',NULL,NULL,'7','2016-01-14 06:27:16',0),(3476,NULL,'LabR','Std0','005a','00000102',40.581627,77.357094,6.80371,NULL,'2016-01-13T13:51:31:239+3',NULL,NULL,'7','2016-01-14 06:27:16',0),(3477,NULL,'LabR','Std0','005b','00000103',40.591625,77.367096,6.80371,NULL,'2016-01-13T13:51:31:239+3',NULL,NULL,'7','2016-01-14 06:27:16',0),(3478,NULL,'LabR','Std0','005c','00000104',40.601624,77.37709,6.80371,NULL,'2016-01-13T13:51:31:239+3',NULL,NULL,'7','2016-01-14 06:27:16',0),(3479,NULL,'LabR','Std0','005d','00000105',40.611626,77.387093,6.80371,NULL,'2016-01-13T13:51:31:239+3',NULL,NULL,'7','2016-01-14 06:27:16',0),(3480,NULL,'LabR','Std0','005e','00000106',40.621624,77.397095,6.80371,NULL,'2016-01-13T13:51:31:239+3',NULL,NULL,'7','2016-01-14 06:27:16',0),(3481,NULL,'LabR','Std0','005f','00000107',40.631626,77.407089,6.80371,NULL,'2016-01-13T13:51:31:239+3',NULL,NULL,'7','2016-01-14 06:27:16',0),(3482,NULL,'LabR','Std0','0060','00000108',40.641624,77.417091,6.80371,NULL,'2016-01-13T13:51:31:239+3',NULL,NULL,'7','2016-01-14 06:27:17',0),(3483,NULL,'LabR','Std0','0061','00000109',40.651627,77.427094,6.80371,NULL,'2016-01-13T13:51:31:239+3',NULL,NULL,'7','2016-01-14 06:27:17',0),(3484,NULL,'LabR','Std0','0062','0000010a',40.661625,77.437096,6.80371,NULL,'2016-01-13T13:51:31:239+3',NULL,NULL,'7','2016-01-14 06:27:17',0),(3485,NULL,'LabR','Std0','0063','0000010b',40.671627,77.44709,6.80371,NULL,'2016-01-13T13:51:31:239+3',NULL,NULL,'7','2016-01-14 06:27:17',0),(3486,NULL,'LabR','Std0','0064','000000a8',39.681625,76.457092,6.80371,NULL,'2016-01-13T13:51:31:239+3',NULL,NULL,'7','2016-01-14 06:27:17',0),(3487,NULL,'LabR','Std0','0065','000000a9',39.691624,76.467094,6.80371,NULL,'2016-01-13T13:51:31:239+3',NULL,NULL,'7','2016-01-14 06:27:17',0),(3488,NULL,'LabR','Std0','0066','000000aa',39.701626,76.477089,6.80371,NULL,'2016-01-13T13:51:31:239+3',NULL,NULL,'7','2016-01-14 06:27:17',0),(3489,NULL,'LabR','Std0','0067','000000ab',39.711624,76.487091,6.80371,NULL,'2016-01-13T13:51:31:239+3',NULL,NULL,'7','2016-01-14 06:27:17',0),(3490,NULL,'LabR','Std0','0068','000000ac',39.721626,76.497093,6.80371,NULL,'2016-01-13T13:51:31:239+3',NULL,NULL,'7','2016-01-14 06:27:17',0),(3491,NULL,'LabR','Std0','0069','000000ad',39.731625,76.507095,6.80371,NULL,'2016-01-13T13:51:31:239+3',NULL,NULL,'7','2016-01-14 06:27:17',0),(3492,NULL,'LabR','Std0','006a','000000ae',39.741627,76.51709,6.80371,NULL,'2016-01-13T13:51:31:239+3',NULL,NULL,'7','2016-01-14 06:27:18',0),(3493,NULL,'LabR','Std0','006b','000000af',39.751625,76.527092,6.80371,NULL,'2016-01-13T13:51:31:239+3',NULL,NULL,'7','2016-01-14 06:27:18',0),(3494,NULL,'LabR','Std0','006c','000000b0',39.761627,76.537094,6.80371,NULL,'2016-01-13T13:51:31:239+3',NULL,NULL,'7','2016-01-14 06:27:18',0),(3495,NULL,'LabR','Std0','006d','000000b1',39.771626,76.547089,6.80371,NULL,'2016-01-13T13:51:31:239+3',NULL,NULL,'7','2016-01-14 06:27:18',0),(3496,NULL,'LabR','Std0','006e','000000b2',39.781624,76.557091,6.80371,NULL,'2016-01-13T13:51:31:239+3',NULL,NULL,'7','2016-01-14 06:27:18',0),(3497,NULL,'LabR','Std0','006f','000000b3',39.791626,76.567093,6.80371,NULL,'2016-01-13T13:51:31:239+3',NULL,NULL,'7','2016-01-14 06:27:18',0),(3498,NULL,'LabR','Std0','0070','000000b4',39.801624,76.577095,6.80371,NULL,'2016-01-13T13:51:31:239+3',NULL,NULL,'7','2016-01-14 06:27:18',0),(3499,NULL,'LabR','Std0','0071','000000b5',39.811626,76.58709,6.80371,NULL,'2016-01-13T13:51:31:239+3',NULL,NULL,'7','2016-01-14 06:27:18',0),(3500,NULL,'LabR','Std0','0072','000000b6',39.821625,76.597092,6.80371,NULL,'2016-01-13T13:51:31:239+3',NULL,NULL,'7','2016-01-14 06:27:18',0),(3501,NULL,'LabR','Std0','0073','000000b7',39.831627,76.607094,6.80371,NULL,'2016-01-13T13:51:31:239+3',NULL,NULL,'7','2016-01-14 06:27:19',0),(3502,NULL,'LabR','Std0','0074','000000b8',39.841625,76.617096,6.80371,NULL,'2016-01-13T13:51:31:239+3',NULL,NULL,'7','2016-01-14 06:27:19',0),(3503,NULL,'LabR','Std0','0075','000000b9',39.851624,76.62709,6.80371,NULL,'2016-01-13T13:51:31:239+3',NULL,NULL,'7','2016-01-14 06:27:19',0),(3504,NULL,'LabR','Std0','0076','000000ba',39.861626,76.637093,6.80371,NULL,'2016-01-13T13:51:31:239+3',NULL,NULL,'7','2016-01-14 06:27:19',0),(3505,NULL,'LabR','Std0','0077','000000bb',39.871624,76.647095,6.80371,NULL,'2016-01-13T13:51:31:239+3',NULL,NULL,'7','2016-01-14 06:27:20',0),(3506,NULL,'LabR','Std0','0078','000000bc',39.881626,76.657089,6.80371,NULL,'2016-01-13T13:51:31:239+3',NULL,NULL,'7','2016-01-14 06:27:20',0),(3507,NULL,'LabR','Std0','0079','000000bd',39.891624,76.667091,6.80371,NULL,'2016-01-13T13:51:31:239+3',NULL,NULL,'7','2016-01-14 06:27:21',0),(3508,NULL,'LabR','Std0','007a','000000be',39.901627,76.677094,6.80371,NULL,'2016-01-13T13:51:31:239+3',NULL,NULL,'7','2016-01-14 06:27:21',0),(3509,NULL,'LabR','Std0','007b','000000bf',39.911625,76.687096,6.80371,NULL,'2016-01-13T13:51:31:239+3',NULL,NULL,'7','2016-01-14 06:27:21',0),(3510,NULL,'LabR','Std0','007c','000000c0',39.921627,76.69709,6.80371,NULL,'2016-01-13T13:51:31:239+3',NULL,NULL,'7','2016-01-14 06:27:21',0),(3511,NULL,'LabR','Std0','007d','000000c1',39.931625,76.707092,6.80371,NULL,'2016-01-13T13:51:31:239+3',NULL,NULL,'7','2016-01-14 06:27:21',0),(3512,NULL,'LabR','Std0','007e','000000c2',39.941624,76.717094,6.80371,NULL,'2016-01-13T13:51:31:239+3',NULL,NULL,'7','2016-01-14 06:27:21',0),(3513,NULL,'LabR','Std0','007f','000000c3',39.951626,76.727089,6.80371,NULL,'2016-01-13T13:51:31:239+3',NULL,NULL,'7','2016-01-14 06:27:21',0),(3514,NULL,'LabR','Std0','0080','000000c4',39.961624,76.737091,6.80371,NULL,'2016-01-13T13:51:31:239+3',NULL,NULL,'7','2016-01-14 06:27:22',0),(3515,NULL,'LabR','Std0','0081','000000c5',39.971626,76.747093,6.80371,NULL,'2016-01-13T13:51:31:239+3',NULL,NULL,'7','2016-01-14 06:27:22',0),(3516,NULL,'LabR','Std0','0082','000000c6',39.981625,76.757095,6.80371,NULL,'2016-01-13T13:51:31:239+3',NULL,NULL,'7','2016-01-14 06:27:22',0),(3517,NULL,'LabR','Std0','0083','000000c7',39.991627,76.76709,6.80371,NULL,'2016-01-13T13:51:31:239+3',NULL,NULL,'7','2016-01-14 06:27:22',0),(3518,NULL,'LabR','Std0','0084','000000c8',40.001625,76.777092,6.80371,NULL,'2016-01-13T13:51:31:239+3',NULL,NULL,'7','2016-01-14 06:27:22',0),(3519,NULL,'LabR','Std0','0085','000000c9',40.011627,76.787094,6.80371,NULL,'2016-01-13T13:51:31:239+3',NULL,NULL,'7','2016-01-14 06:27:22',0),(3520,NULL,'LabR','Std0','0086','000000ca',40.021626,76.797089,6.80371,NULL,'2016-01-13T13:51:31:239+3',NULL,NULL,'7','2016-01-14 06:27:22',0),(3521,NULL,'LabR','Std0','0087','000000cb',40.031624,76.807091,6.80371,NULL,'2016-01-13T13:51:31:239+3',NULL,NULL,'7','2016-01-14 06:27:23',0),(3522,NULL,'LabR','Std0','0088','000000cc',40.041626,76.817093,6.80371,NULL,'2016-01-13T13:51:31:239+3',NULL,NULL,'7','2016-01-14 06:27:23',0),(3523,NULL,'LabR','Std0','0089','000000cd',40.051624,76.827095,6.80371,NULL,'2016-01-13T13:51:31:239+3',NULL,NULL,'7','2016-01-14 06:27:23',0),(3524,NULL,'LabR','Std0','008a','000000ce',40.061626,76.83709,6.80371,NULL,'2016-01-13T13:51:31:239+3',NULL,NULL,'7','2016-01-14 06:27:23',0),(3525,NULL,'LabR','Std0','008b','000000cf',40.071625,76.847092,6.80371,NULL,'2016-01-13T13:51:31:239+3',NULL,NULL,'7','2016-01-14 06:27:23',0),(3526,NULL,'LabR','Std0','008c','000000d0',40.081627,76.857094,6.80371,NULL,'2016-01-13T13:51:31:239+3',NULL,NULL,'7','2016-01-14 06:27:23',0),(3527,NULL,'LabR','Std0','008d','000000d1',40.091625,76.867096,6.80371,NULL,'2016-01-13T13:51:31:239+3',NULL,NULL,'7','2016-01-14 06:27:23',0),(3528,NULL,'LabR','Std0','008e','000000d2',40.101624,76.87709,6.80371,NULL,'2016-01-13T13:51:31:239+3',NULL,NULL,'7','2016-01-14 06:27:23',0),(3529,NULL,'LabR','Std0','008f','000000d3',40.111626,76.887093,6.80371,NULL,'2016-01-13T13:51:31:239+3',NULL,NULL,'7','2016-01-14 06:27:23',0),(3530,NULL,'LabR','Std0','0090','000000d4',40.121624,76.897095,6.80371,NULL,'2016-01-13T13:51:31:239+3',NULL,NULL,'7','2016-01-14 06:27:24',0),(3531,NULL,'LabR','Std0','0091','000000d5',40.131626,76.907089,6.80371,NULL,'2016-01-13T13:51:31:239+3',NULL,NULL,'7','2016-01-14 06:27:24',0),(3532,NULL,'LabR','Std0','0092','000000d6',40.141624,76.917091,6.80371,NULL,'2016-01-13T13:51:31:239+3',NULL,NULL,'7','2016-01-14 06:27:24',0),(3533,NULL,'LabR','Std0','0093','000000d7',40.151627,76.927094,6.80371,NULL,'2016-01-13T13:51:31:239+3',NULL,NULL,'7','2016-01-14 06:27:24',0),(3534,NULL,'LabR','Std0','0094','000000d8',40.161625,76.937096,6.80371,NULL,'2016-01-13T13:51:31:239+3',NULL,NULL,'7','2016-01-14 06:27:24',0),(3535,NULL,'LabR','Std0','0095','000000d9',40.171627,76.94709,6.80371,NULL,'2016-01-13T13:51:31:239+3',NULL,NULL,'7','2016-01-14 06:27:24',0),(3536,NULL,'LabR','Std0','0096','000000da',40.181625,76.957092,6.80371,NULL,'2016-01-13T13:51:31:239+3',NULL,NULL,'7','2016-01-14 06:27:24',0),(3537,NULL,'LabR','Std0','0097','000000db',40.191624,76.967094,6.80371,NULL,'2016-01-13T13:51:31:239+3',NULL,NULL,'7','2016-01-14 06:27:24',0),(3538,NULL,'LabR','Std0','0098','000000dc',40.201626,76.977089,6.80371,NULL,'2016-01-13T13:51:31:239+3',NULL,NULL,'7','2016-01-14 06:27:25',0),(3539,NULL,'LabR','Std0','0099','000000dd',40.211624,76.987091,6.80371,NULL,'2016-01-13T13:51:31:239+3',NULL,NULL,'7','2016-01-14 06:27:25',0),(3540,NULL,'LabR','Std0','009a','000000de',40.221626,76.997093,6.80371,NULL,'2016-01-13T13:51:31:239+3',NULL,NULL,'7','2016-01-14 06:27:25',0),(3541,NULL,'LabR','Std0','009b','000000df',40.231625,77.007095,6.80371,NULL,'2016-01-13T13:51:31:239+3',NULL,NULL,'7','2016-01-14 06:27:25',0),(3542,NULL,'LabR','Std0','009c','000000e0',40.241627,77.01709,6.80371,NULL,'2016-01-13T13:51:31:239+3',NULL,NULL,'7','2016-01-14 06:27:25',0),(3543,NULL,'LabR','Std0','009d','000000e1',40.251625,77.027092,6.80371,NULL,'2016-01-13T13:51:31:239+3',NULL,NULL,'7','2016-01-14 06:27:25',0),(3544,NULL,'LabR','Std0','009e','000000e2',40.261627,77.037094,6.80371,NULL,'2016-01-13T13:51:31:239+3',NULL,NULL,'7','2016-01-14 06:27:25',0),(3545,NULL,'LabR','Std0','009f','000000e3',40.271626,77.047089,6.80371,NULL,'2016-01-13T13:51:31:239+3',NULL,NULL,'7','2016-01-14 06:27:25',0),(3546,NULL,'LabR','Std0','00a0','000000e4',40.281624,77.057091,6.80371,NULL,'2016-01-13T13:51:31:239+3',NULL,NULL,'7','2016-01-14 06:27:26',0),(3547,NULL,'LabR','Std0','00a1','000000e5',40.291626,77.067093,6.80371,NULL,'2016-01-13T13:51:31:239+3',NULL,NULL,'7','2016-01-14 06:27:26',0),(3548,NULL,'LabR','Std0','00a2','000000e6',40.301624,77.077095,6.80371,NULL,'2016-01-13T13:51:31:239+3',NULL,NULL,'7','2016-01-14 06:27:26',0),(3549,NULL,'LabR','Std0','00a3','000000e7',40.311626,77.08709,6.80371,NULL,'2016-01-13T13:51:31:239+3',NULL,NULL,'7','2016-01-14 06:27:26',0),(3550,NULL,'LabR','Std0','00a4','000000e8',40.321625,77.097092,6.80371,NULL,'2016-01-13T13:51:31:239+3',NULL,NULL,'7','2016-01-14 06:27:26',0),(3551,NULL,'LabR','Std0','00a5','000000e9',40.331627,77.107094,6.80371,NULL,'2016-01-13T13:51:31:239+3',NULL,NULL,'7','2016-01-14 06:27:26',0),(3552,NULL,'LabR','Std0','00a6','000000ea',40.341625,77.117096,6.80371,NULL,'2016-01-13T13:51:31:239+3',NULL,NULL,'7','2016-01-14 06:27:26',0),(3553,NULL,'LabR','Std0','00a7','000000eb',40.351624,77.12709,6.80371,NULL,'2016-01-13T13:51:31:239+3',NULL,NULL,'7','2016-01-14 06:27:27',0),(3554,NULL,'LabR','Std0','00a8','000000ec',40.361626,77.137093,6.80371,NULL,'2016-01-13T13:51:31:239+3',NULL,NULL,'7','2016-01-14 06:27:27',0),(3555,NULL,'LabR','Std0','00a9','000000ed',40.371624,77.147095,6.80371,NULL,'2016-01-13T13:51:31:239+3',NULL,NULL,'7','2016-01-14 06:27:27',0),(3556,NULL,'LabR','Std0','00aa','000000ee',40.381626,77.157089,6.80371,NULL,'2016-01-13T13:51:31:239+3',NULL,NULL,'7','2016-01-14 06:27:27',0),(3557,NULL,'LabR','Std0','00ab','000000ef',40.391624,77.167091,6.80371,NULL,'2016-01-13T13:51:31:239+3',NULL,NULL,'7','2016-01-14 06:27:27',0),(3558,NULL,'LabR','Std0','00ac','000000f0',40.401627,77.177094,6.80371,NULL,'2016-01-13T13:51:31:239+3',NULL,NULL,'7','2016-01-14 06:27:27',0),(3559,NULL,'LabR','Std0','00ad','000000f1',40.411625,77.187096,6.80371,NULL,'2016-01-13T13:51:31:239+3',NULL,NULL,'7','2016-01-14 06:27:27',0),(3560,NULL,'LabR','Std0','00ae','000000f2',40.421627,77.19709,6.80371,NULL,'2016-01-13T13:51:31:239+3',NULL,NULL,'7','2016-01-14 06:27:28',0),(3561,NULL,'LabR','Std0','00af','000000f3',40.431625,77.207092,6.80371,NULL,'2016-01-13T13:51:31:239+3',NULL,NULL,'7','2016-01-14 06:27:28',0),(3562,NULL,'LabR','Std0','00b0','000000f4',40.441624,77.217094,6.80371,NULL,'2016-01-13T13:51:31:239+3',NULL,NULL,'7','2016-01-14 06:27:28',0),(3563,NULL,'LabR','Std0','00b1','000000f5',40.451626,77.227089,6.80371,NULL,'2016-01-13T13:51:31:239+3',NULL,NULL,'7','2016-01-14 06:27:28',0),(3564,NULL,'LabR','Std0','00b2','000000f6',40.461624,77.237091,6.80371,NULL,'2016-01-13T13:51:31:239+3',NULL,NULL,'7','2016-01-14 06:27:28',0),(3565,NULL,'LabR','Std0','00b3','000000f7',40.471626,77.247093,6.80371,NULL,'2016-01-13T13:51:31:239+3',NULL,NULL,'7','2016-01-14 06:27:28',0),(3566,NULL,'LabR','Std0','00b4','000000f8',40.481625,77.257095,6.80371,NULL,'2016-01-13T13:51:31:239+3',NULL,NULL,'7','2016-01-14 06:27:28',0),(3567,NULL,'LabR','Std0','00b5','000000f9',40.491627,77.26709,6.80371,NULL,'2016-01-13T13:51:31:239+3',NULL,NULL,'7','2016-01-14 06:27:28',0),(3568,NULL,'LabR','Std0','00b6','000000fa',40.501625,77.277092,6.80371,NULL,'2016-01-13T13:51:31:239+3',NULL,NULL,'7','2016-01-14 06:27:28',0),(3569,NULL,'LabR','Std0','00b7','000000fb',40.511627,77.287094,6.80371,NULL,'2016-01-13T13:51:31:239+3',NULL,NULL,'7','2016-01-14 06:27:28',0),(3570,NULL,'LabR','Std0','00b8','000000fc',40.521626,77.297089,6.80371,NULL,'2016-01-13T13:51:31:239+3',NULL,NULL,'7','2016-01-14 06:27:29',0),(3571,NULL,'LabR','Std0','00b9','000000fd',40.531624,77.307091,6.80371,NULL,'2016-01-13T13:51:31:239+3',NULL,NULL,'7','2016-01-14 06:27:29',0),(3572,NULL,'LabR','Std0','00ba','000000fe',40.541626,77.317093,6.80371,NULL,'2016-01-13T13:51:31:239+3',NULL,NULL,'7','2016-01-14 06:27:29',0),(3573,NULL,'LabR','Std0','00bb','000000ff',40.551624,77.327095,6.80371,NULL,'2016-01-13T13:51:31:239+3',NULL,NULL,'7','2016-01-14 06:27:29',0),(3574,NULL,'LabR','Std0','00bc','00000100',40.561626,77.33709,6.80371,NULL,'2016-01-13T13:51:31:239+3',NULL,NULL,'7','2016-01-14 06:27:29',0),(3575,NULL,'LabR','Std0','00bd','00000101',40.571625,77.347092,6.80371,NULL,'2016-01-13T13:51:31:239+3',NULL,NULL,'7','2016-01-14 06:27:29',0),(3576,NULL,'LabR','Std0','00be','00000102',40.581627,77.357094,6.80371,NULL,'2016-01-13T13:51:31:239+3',NULL,NULL,'7','2016-01-14 06:27:29',0),(3577,NULL,'LabR','Std0','00bf','00000103',40.591625,77.367096,6.80371,NULL,'2016-01-13T13:51:31:239+3',NULL,NULL,'7','2016-01-14 06:27:29',0),(3578,NULL,'LabR','Std0','00c0','00000104',40.601624,77.37709,6.80371,NULL,'2016-01-13T13:51:31:239+3',NULL,NULL,'7','2016-01-14 06:27:30',0),(3579,NULL,'LabR','Std0','00c1','00000105',40.611626,77.387093,6.80371,NULL,'2016-01-13T13:51:31:239+3',NULL,NULL,'7','2016-01-14 06:27:30',0),(3580,NULL,'LabR','Std0','00c2','00000106',40.621624,77.397095,6.80371,NULL,'2016-01-13T13:51:31:239+3',NULL,NULL,'7','2016-01-14 06:27:30',0),(3581,NULL,'LabR','Std0','00c3','00000107',40.631626,77.407089,6.80371,NULL,'2016-01-13T13:51:31:239+3',NULL,NULL,'7','2016-01-14 06:27:30',0),(3582,NULL,'LabR','Std0','00c4','00000108',40.641624,77.417091,6.80371,NULL,'2016-01-13T13:51:31:239+3',NULL,NULL,'7','2016-01-14 06:27:30',0),(3583,NULL,'LabR','Std0','00c5','00000109',40.651627,77.427094,6.80371,NULL,'2016-01-13T13:51:31:239+3',NULL,NULL,'7','2016-01-14 06:27:30',0),(3584,NULL,'LabR','Std0','00c6','0000010a',40.661625,77.437096,6.80371,NULL,'2016-01-13T13:51:31:239+3',NULL,NULL,'7','2016-01-14 06:27:30',0),(3585,NULL,'LabR','Std0','00c7','0000010b',40.671627,77.44709,6.80371,NULL,'2016-01-13T13:51:31:239+3',NULL,NULL,'7','2016-01-14 06:27:30',0),(3586,NULL,'LabR','Std0','0000','000000a8',39.681625,76.457092,6.80371,NULL,'2016-01-13T13:51:31:239+3',NULL,NULL,'7','2016-01-14 07:41:05',180),(3587,NULL,'LabR','Std0','0001','000000a9',39.691624,76.467094,6.80371,NULL,'2016-01-13T13:51:31:239+3',NULL,NULL,'7','2016-01-14 07:41:05',180),(3588,NULL,'LabR','Std0','0002','000000aa',39.701626,76.477089,6.80371,NULL,'2016-01-13T13:51:31:239+3',NULL,NULL,'7','2016-01-14 07:41:05',180),(3589,NULL,'LabR','Std0','0003','000000ab',39.711624,76.487091,6.80371,NULL,'2016-01-13T13:51:31:239+3',NULL,NULL,'7','2016-01-14 07:41:05',180),(3590,NULL,'LabR','Std0','0004','000000ac',39.721626,76.497093,6.80371,NULL,'2016-01-13T13:51:31:239+3',NULL,NULL,'7','2016-01-14 07:41:05',180),(3591,NULL,'LabR','Std0','0005','000000ad',39.731625,76.507095,6.80371,NULL,'2016-01-13T13:51:31:239+3',NULL,NULL,'7','2016-01-14 07:41:05',180),(3592,NULL,'LabR','Std0','0006','000000ae',39.741627,76.51709,6.80371,NULL,'2016-01-13T13:51:31:239+3',NULL,NULL,'7','2016-01-14 07:41:05',180),(3593,NULL,'LabR','Std0','0007','000000af',39.751625,76.527092,6.80371,NULL,'2016-01-13T13:51:31:239+3',NULL,NULL,'7','2016-01-14 07:41:06',181),(3594,NULL,'LabR','Std0','0008','000000b0',39.761627,76.537094,6.80371,NULL,'2016-01-13T13:51:31:239+3',NULL,NULL,'7','2016-01-14 07:41:06',181),(3595,NULL,'LabR','Std0','0009','000000b1',39.771626,76.547089,6.80371,NULL,'2016-01-13T13:51:31:239+3',NULL,NULL,'7','2016-01-14 07:41:06',181),(3596,NULL,'LabR','Std0','000a','000000b2',39.781624,76.557091,6.80371,NULL,'2016-01-13T13:51:31:239+3',NULL,NULL,'7','2016-01-14 07:41:06',181),(3597,NULL,'LabR','Std0','000b','000000b3',39.791626,76.567093,6.80371,NULL,'2016-01-13T13:51:31:239+3',NULL,NULL,'7','2016-01-14 07:41:06',181),(3598,NULL,'LabR','Std0','000c','000000b4',39.801624,76.577095,6.80371,NULL,'2016-01-13T13:51:31:239+3',NULL,NULL,'7','2016-01-14 07:41:06',181),(3599,NULL,'LabR','Std0','000d','000000b5',39.811626,76.58709,6.80371,NULL,'2016-01-13T13:51:31:239+3',NULL,NULL,'7','2016-01-14 07:41:06',181),(3600,NULL,'LabR','Std0','000e','000000b6',39.821625,76.597092,6.80371,NULL,'2016-01-13T13:51:31:239+3',NULL,NULL,'7','2016-01-14 07:41:06',181),(3601,NULL,'LabR','Std0','000f','000000b7',39.831627,76.607094,6.80371,NULL,'2016-01-13T13:51:31:239+3',NULL,NULL,'7','2016-01-14 07:41:06',181),(3602,NULL,'LabR','Std0','0010','000000b8',39.841625,76.617096,6.80371,NULL,'2016-01-13T13:51:31:239+3',NULL,NULL,'7','2016-01-14 07:41:06',181),(3603,NULL,'LabR','Std0','0011','000000b9',39.851624,76.62709,6.80371,NULL,'2016-01-13T13:51:31:239+3',NULL,NULL,'7','2016-01-14 07:41:06',181),(3604,NULL,'LabR','Std0','0012','000000ba',39.861626,76.637093,6.80371,NULL,'2016-01-13T13:51:31:239+3',NULL,NULL,'7','2016-01-14 07:41:06',181),(3605,NULL,'LabR','Std0','0013','000000bb',39.871624,76.647095,6.80371,NULL,'2016-01-13T13:51:31:239+3',NULL,NULL,'7','2016-01-14 07:41:06',181),(3606,NULL,'LabR','Std0','0014','000000bc',39.881626,76.657089,6.80371,NULL,'2016-01-13T13:51:31:239+3',NULL,NULL,'7','2016-01-14 07:41:06',181),(3607,NULL,'LabR','Std0','0015','000000bd',39.891624,76.667091,6.80371,NULL,'2016-01-13T13:51:31:239+3',NULL,NULL,'7','2016-01-14 07:41:06',181),(3608,NULL,'LabR','Std0','0016','000000be',39.901627,76.677094,6.80371,NULL,'2016-01-13T13:51:31:239+3',NULL,NULL,'7','2016-01-14 07:41:06',181),(3609,NULL,'LabR','Std0','0017','000000bf',39.911625,76.687096,6.80371,NULL,'2016-01-13T13:51:31:239+3',NULL,NULL,'7','2016-01-14 07:41:06',181),(3610,NULL,'LabR','Std0','0018','000000c0',39.921627,76.69709,6.80371,NULL,'2016-01-13T13:51:31:239+3',NULL,NULL,'7','2016-01-14 07:41:06',181),(3611,NULL,'LabR','Std0','0019','000000c1',39.931625,76.707092,6.80371,NULL,'2016-01-13T13:51:31:239+3',NULL,NULL,'7','2016-01-14 07:41:06',181),(3612,NULL,'LabR','Std0','001a','000000c2',39.941624,76.717094,6.80371,NULL,'2016-01-13T13:51:31:239+3',NULL,NULL,'7','2016-01-14 07:41:07',182),(3613,NULL,'LabR','Std0','001b','000000c3',39.951626,76.727089,6.80371,NULL,'2016-01-13T13:51:31:239+3',NULL,NULL,'7','2016-01-14 07:41:07',182),(3614,NULL,'LabR','Std0','001c','000000c4',39.961624,76.737091,6.80371,NULL,'2016-01-13T13:51:31:239+3',NULL,NULL,'7','2016-01-14 07:41:07',182),(3615,NULL,'LabR','Std0','001d','000000c5',39.971626,76.747093,6.80371,NULL,'2016-01-13T13:51:31:239+3',NULL,NULL,'7','2016-01-14 07:41:07',182),(3616,NULL,'LabR','Std0','001e','000000c6',39.981625,76.757095,6.80371,NULL,'2016-01-13T13:51:31:239+3',NULL,NULL,'7','2016-01-14 07:41:07',182),(3617,NULL,'LabR','Std0','001f','000000c7',39.991627,76.76709,6.80371,NULL,'2016-01-13T13:51:31:239+3',NULL,NULL,'7','2016-01-14 07:41:07',182),(3618,NULL,'LabR','Std0','0020','000000c8',40.001625,76.777092,6.80371,NULL,'2016-01-13T13:51:31:239+3',NULL,NULL,'7','2016-01-14 07:41:07',182),(3619,NULL,'LabR','Std0','0021','000000c9',40.011627,76.787094,6.80371,NULL,'2016-01-13T13:51:31:239+3',NULL,NULL,'7','2016-01-14 07:41:07',182),(3620,NULL,'LabR','Std0','0022','000000ca',40.021626,76.797089,6.80371,NULL,'2016-01-13T13:51:31:239+3',NULL,NULL,'7','2016-01-14 07:41:07',182),(3621,NULL,'LabR','Std0','0023','000000cb',40.031624,76.807091,6.80371,NULL,'2016-01-13T13:51:31:239+3',NULL,NULL,'7','2016-01-14 07:41:07',182),(3622,NULL,'LabR','Std0','0024','000000cc',40.041626,76.817093,6.80371,NULL,'2016-01-13T13:51:31:239+3',NULL,NULL,'7','2016-01-14 07:41:07',182),(3623,NULL,'LabR','Std0','0025','000000cd',40.051624,76.827095,6.80371,NULL,'2016-01-13T13:51:31:239+3',NULL,NULL,'7','2016-01-14 07:41:07',182),(3624,NULL,'LabR','Std0','0026','000000ce',40.061626,76.83709,6.80371,NULL,'2016-01-13T13:51:31:239+3',NULL,NULL,'7','2016-01-14 07:41:07',182),(3625,NULL,'LabR','Std0','0027','000000cf',40.071625,76.847092,6.80371,NULL,'2016-01-13T13:51:31:239+3',NULL,NULL,'7','2016-01-14 07:41:07',182),(3626,NULL,'LabR','Std0','0028','000000d0',40.081627,76.857094,6.80371,NULL,'2016-01-13T13:51:31:239+3',NULL,NULL,'7','2016-01-14 07:41:07',182),(3627,NULL,'LabR','Std0','0029','000000d1',40.091625,76.867096,6.80371,NULL,'2016-01-13T13:51:31:239+3',NULL,NULL,'7','2016-01-14 07:41:07',182),(3628,NULL,'LabR','Std0','002a','000000d2',40.101624,76.87709,6.80371,NULL,'2016-01-13T13:51:31:239+3',NULL,NULL,'7','2016-01-14 07:41:07',182),(3629,NULL,'LabR','Std0','002b','000000d3',40.111626,76.887093,6.80371,NULL,'2016-01-13T13:51:31:239+3',NULL,NULL,'7','2016-01-14 07:41:07',182),(3630,NULL,'LabR','Std0','002c','000000d4',40.121624,76.897095,6.80371,NULL,'2016-01-13T13:51:31:239+3',NULL,NULL,'7','2016-01-14 07:41:08',183),(3631,NULL,'LabR','Std0','002d','000000d5',40.131626,76.907089,6.80371,NULL,'2016-01-13T13:51:31:239+3',NULL,NULL,'7','2016-01-14 07:41:08',183),(3632,NULL,'LabR','Std0','002e','000000d6',40.141624,76.917091,6.80371,NULL,'2016-01-13T13:51:31:239+3',NULL,NULL,'7','2016-01-14 07:41:08',183),(3633,NULL,'LabR','Std0','002f','000000d7',40.151627,76.927094,6.80371,NULL,'2016-01-13T13:51:31:239+3',NULL,NULL,'7','2016-01-14 07:41:08',183),(3634,NULL,'LabR','Std0','0030','000000d8',40.161625,76.937096,6.80371,NULL,'2016-01-13T13:51:31:239+3',NULL,NULL,'7','2016-01-14 07:41:08',183),(3635,NULL,'LabR','Std0','0031','000000d9',40.171627,76.94709,6.80371,NULL,'2016-01-13T13:51:31:239+3',NULL,NULL,'7','2016-01-14 07:41:08',183),(3636,NULL,'LabR','Std0','0032','000000da',40.181625,76.957092,6.80371,NULL,'2016-01-13T13:51:31:239+3',NULL,NULL,'7','2016-01-14 07:41:08',183),(3637,NULL,'LabR','Std0','0033','000000db',40.191624,76.967094,6.80371,NULL,'2016-01-13T13:51:31:239+3',NULL,NULL,'7','2016-01-14 07:41:08',183),(3638,NULL,'LabR','Std0','0034','000000dc',40.201626,76.977089,6.80371,NULL,'2016-01-13T13:51:31:239+3',NULL,NULL,'7','2016-01-14 07:41:08',183),(3639,NULL,'LabR','Std0','0035','000000dd',40.211624,76.987091,6.80371,NULL,'2016-01-13T13:51:31:239+3',NULL,NULL,'7','2016-01-14 07:41:08',183),(3640,NULL,'LabR','Std0','0036','000000de',40.221626,76.997093,6.80371,NULL,'2016-01-13T13:51:31:239+3',NULL,NULL,'7','2016-01-14 07:41:08',183),(3641,NULL,'LabR','Std0','0037','000000df',40.231625,77.007095,6.80371,NULL,'2016-01-13T13:51:31:239+3',NULL,NULL,'7','2016-01-14 07:41:08',183),(3642,NULL,'LabR','Std0','0038','000000e0',40.241627,77.01709,6.80371,NULL,'2016-01-13T13:51:31:239+3',NULL,NULL,'7','2016-01-14 07:41:08',183),(3643,NULL,'LabR','Std0','0039','000000e1',40.251625,77.027092,6.80371,NULL,'2016-01-13T13:51:31:239+3',NULL,NULL,'7','2016-01-14 07:41:08',183),(3644,NULL,'LabR','Std0','003a','000000e2',40.261627,77.037094,6.80371,NULL,'2016-01-13T13:51:31:239+3',NULL,NULL,'7','2016-01-14 07:41:08',183),(3645,NULL,'LabR','Std0','003b','000000e3',40.271626,77.047089,6.80371,NULL,'2016-01-13T13:51:31:239+3',NULL,NULL,'7','2016-01-14 07:41:08',183),(3646,NULL,'LabR','Std0','003c','000000e4',40.281624,77.057091,6.80371,NULL,'2016-01-13T13:51:31:239+3',NULL,NULL,'7','2016-01-14 07:41:08',183),(3647,NULL,'LabR','Std0','003d','000000e5',40.291626,77.067093,6.80371,NULL,'2016-01-13T13:51:31:239+3',NULL,NULL,'7','2016-01-14 07:41:08',183),(3648,NULL,'LabR','Std0','003e','000000e6',40.301624,77.077095,6.80371,NULL,'2016-01-13T13:51:31:239+3',NULL,NULL,'7','2016-01-14 07:41:08',183),(3649,NULL,'LabR','Std0','003f','000000e7',40.311626,77.08709,6.80371,NULL,'2016-01-13T13:51:31:239+3',NULL,NULL,'7','2016-01-14 07:41:08',183),(3650,NULL,'LabR','Std0','0040','000000e8',40.321625,77.097092,6.80371,NULL,'2016-01-13T13:51:31:239+3',NULL,NULL,'7','2016-01-14 07:41:09',184),(3651,NULL,'LabR','Std0','0041','000000e9',40.331627,77.107094,6.80371,NULL,'2016-01-13T13:51:31:239+3',NULL,NULL,'7','2016-01-14 07:41:09',184),(3652,NULL,'LabR','Std0','0042','000000ea',40.341625,77.117096,6.80371,NULL,'2016-01-13T13:51:31:239+3',NULL,NULL,'7','2016-01-14 07:41:09',184),(3653,NULL,'LabR','Std0','0043','000000eb',40.351624,77.12709,6.80371,NULL,'2016-01-13T13:51:31:239+3',NULL,NULL,'7','2016-01-14 07:41:09',184),(3654,NULL,'LabR','Std0','0044','000000ec',40.361626,77.137093,6.80371,NULL,'2016-01-13T13:51:31:239+3',NULL,NULL,'7','2016-01-14 07:41:09',184),(3655,NULL,'LabR','Std0','0045','000000ed',40.371624,77.147095,6.80371,NULL,'2016-01-13T13:51:31:239+3',NULL,NULL,'7','2016-01-14 07:41:09',184),(3656,NULL,'LabR','Std0','0046','000000ee',40.381626,77.157089,6.80371,NULL,'2016-01-13T13:51:31:239+3',NULL,NULL,'7','2016-01-14 07:41:09',184),(3657,NULL,'LabR','Std0','0047','000000ef',40.391624,77.167091,6.80371,NULL,'2016-01-13T13:51:31:239+3',NULL,NULL,'7','2016-01-14 07:41:09',184),(3658,NULL,'LabR','Std0','0048','000000f0',40.401627,77.177094,6.80371,NULL,'2016-01-13T13:51:31:239+3',NULL,NULL,'7','2016-01-14 07:41:09',184),(3659,NULL,'LabR','Std0','0049','000000f1',40.411625,77.187096,6.80371,NULL,'2016-01-13T13:51:31:239+3',NULL,NULL,'7','2016-01-14 07:41:09',184),(3660,NULL,'LabR','Std0','004a','000000f2',40.421627,77.19709,6.80371,NULL,'2016-01-13T13:51:31:239+3',NULL,NULL,'7','2016-01-14 07:41:09',184),(3661,NULL,'LabR','Std0','004b','000000f3',40.431625,77.207092,6.80371,NULL,'2016-01-13T13:51:31:239+3',NULL,NULL,'7','2016-01-14 07:41:09',184),(3662,NULL,'LabR','Std0','004c','000000f4',40.441624,77.217094,6.80371,NULL,'2016-01-13T13:51:31:239+3',NULL,NULL,'7','2016-01-14 07:41:09',184),(3663,NULL,'LabR','Std0','004d','000000f5',40.451626,77.227089,6.80371,NULL,'2016-01-13T13:51:31:239+3',NULL,NULL,'7','2016-01-14 07:41:09',184),(3664,NULL,'LabR','Std0','004e','000000f6',40.461624,77.237091,6.80371,NULL,'2016-01-13T13:51:31:239+3',NULL,NULL,'7','2016-01-14 07:41:09',184),(3665,NULL,'LabR','Std0','004f','000000f7',40.471626,77.247093,6.80371,NULL,'2016-01-13T13:51:31:239+3',NULL,NULL,'7','2016-01-14 07:41:09',184),(3666,NULL,'LabR','Std0','0050','000000f8',40.481625,77.257095,6.80371,NULL,'2016-01-13T13:51:31:239+3',NULL,NULL,'7','2016-01-14 07:41:09',184),(3667,NULL,'LabR','Std0','0051','000000f9',40.491627,77.26709,6.80371,NULL,'2016-01-13T13:51:31:239+3',NULL,NULL,'7','2016-01-14 07:41:09',184),(3668,NULL,'LabR','Std0','0052','000000fa',40.501625,77.277092,6.80371,NULL,'2016-01-13T13:51:31:239+3',NULL,NULL,'7','2016-01-14 07:41:10',185),(3669,NULL,'LabR','Std0','0053','000000fb',40.511627,77.287094,6.80371,NULL,'2016-01-13T13:51:31:239+3',NULL,NULL,'7','2016-01-14 07:41:10',185),(3670,NULL,'LabR','Std0','0054','000000fc',40.521626,77.297089,6.80371,NULL,'2016-01-13T13:51:31:239+3',NULL,NULL,'7','2016-01-14 07:41:10',185),(3671,NULL,'LabR','Std0','0055','000000fd',40.531624,77.307091,6.80371,NULL,'2016-01-13T13:51:31:239+3',NULL,NULL,'7','2016-01-14 07:41:10',185),(3672,NULL,'LabR','Std0','0056','000000fe',40.541626,77.317093,6.80371,NULL,'2016-01-13T13:51:31:239+3',NULL,NULL,'7','2016-01-14 07:41:10',185),(3673,NULL,'LabR','Std0','0057','000000ff',40.551624,77.327095,6.80371,NULL,'2016-01-13T13:51:31:239+3',NULL,NULL,'7','2016-01-14 07:41:10',185),(3674,NULL,'LabR','Std0','0058','00000100',40.561626,77.33709,6.80371,NULL,'2016-01-13T13:51:31:239+3',NULL,NULL,'7','2016-01-14 07:41:10',185),(3675,NULL,'LabR','Std0','0059','00000101',40.571625,77.347092,6.80371,NULL,'2016-01-13T13:51:31:239+3',NULL,NULL,'7','2016-01-14 07:41:10',185),(3676,NULL,'LabR','Std0','005a','00000102',40.581627,77.357094,6.80371,NULL,'2016-01-13T13:51:31:239+3',NULL,NULL,'7','2016-01-14 07:41:10',185),(3677,NULL,'LabR','Std0','005b','00000103',40.591625,77.367096,6.80371,NULL,'2016-01-13T13:51:31:239+3',NULL,NULL,'7','2016-01-14 07:41:10',185),(3678,NULL,'LabR','Std0','005c','00000104',40.601624,77.37709,6.80371,NULL,'2016-01-13T13:51:31:239+3',NULL,NULL,'7','2016-01-14 07:41:10',185),(3679,NULL,'LabR','Std0','005d','00000105',40.611626,77.387093,6.80371,NULL,'2016-01-13T13:51:31:239+3',NULL,NULL,'7','2016-01-14 07:41:10',185),(3680,NULL,'LabR','Std0','005e','00000106',40.621624,77.397095,6.80371,NULL,'2016-01-13T13:51:31:239+3',NULL,NULL,'7','2016-01-14 07:41:10',185),(3681,NULL,'LabR','Std0','005f','00000107',40.631626,77.407089,6.80371,NULL,'2016-01-13T13:51:31:239+3',NULL,NULL,'7','2016-01-14 07:41:10',185),(3682,NULL,'LabR','Std0','0060','00000108',40.641624,77.417091,6.80371,NULL,'2016-01-13T13:51:31:239+3',NULL,NULL,'7','2016-01-14 07:41:10',185),(3683,NULL,'LabR','Std0','0061','00000109',40.651627,77.427094,6.80371,NULL,'2016-01-13T13:51:31:239+3',NULL,NULL,'7','2016-01-14 07:41:10',185),(3684,NULL,'LabR','Std0','0062','0000010a',40.661625,77.437096,6.80371,NULL,'2016-01-13T13:51:31:239+3',NULL,NULL,'7','2016-01-14 07:41:10',185),(3685,NULL,'LabR','Std0','0063','0000010b',40.671627,77.44709,6.80371,NULL,'2016-01-13T13:51:31:239+3',NULL,NULL,'7','2016-01-14 07:41:10',185),(3686,NULL,'LabR','Std0','0064','000000a8',39.681625,76.457092,6.80371,NULL,'2016-01-13T13:51:31:239+3',NULL,NULL,'7','2016-01-14 07:41:10',185),(3687,NULL,'LabR','Std0','0065','000000a9',39.691624,76.467094,6.80371,NULL,'2016-01-13T13:51:31:239+3',NULL,NULL,'7','2016-01-14 07:41:10',185),(3688,NULL,'LabR','Std0','0066','000000aa',39.701626,76.477089,6.80371,NULL,'2016-01-13T13:51:31:239+3',NULL,NULL,'7','2016-01-14 07:41:11',186),(3689,NULL,'LabR','Std0','0067','000000ab',39.711624,76.487091,6.80371,NULL,'2016-01-13T13:51:31:239+3',NULL,NULL,'7','2016-01-14 07:41:11',186),(3690,NULL,'LabR','Std0','0068','000000ac',39.721626,76.497093,6.80371,NULL,'2016-01-13T13:51:31:239+3',NULL,NULL,'7','2016-01-14 07:41:11',186),(3691,NULL,'LabR','Std0','0069','000000ad',39.731625,76.507095,6.80371,NULL,'2016-01-13T13:51:31:239+3',NULL,NULL,'7','2016-01-14 07:41:11',186),(3692,NULL,'LabR','Std0','006a','000000ae',39.741627,76.51709,6.80371,NULL,'2016-01-13T13:51:31:239+3',NULL,NULL,'7','2016-01-14 07:41:11',186),(3693,NULL,'LabR','Std0','006b','000000af',39.751625,76.527092,6.80371,NULL,'2016-01-13T13:51:31:239+3',NULL,NULL,'7','2016-01-14 07:41:11',186),(3694,NULL,'LabR','Std0','006c','000000b0',39.761627,76.537094,6.80371,NULL,'2016-01-13T13:51:31:239+3',NULL,NULL,'7','2016-01-14 07:41:11',186),(3695,NULL,'LabR','Std0','006d','000000b1',39.771626,76.547089,6.80371,NULL,'2016-01-13T13:51:31:239+3',NULL,NULL,'7','2016-01-14 07:41:11',186),(3696,NULL,'LabR','Std0','006e','000000b2',39.781624,76.557091,6.80371,NULL,'2016-01-13T13:51:31:239+3',NULL,NULL,'7','2016-01-14 07:41:11',186),(3697,NULL,'LabR','Std0','006f','000000b3',39.791626,76.567093,6.80371,NULL,'2016-01-13T13:51:31:239+3',NULL,NULL,'7','2016-01-14 07:41:11',186),(3698,NULL,'LabR','Std0','0070','000000b4',39.801624,76.577095,6.80371,NULL,'2016-01-13T13:51:31:239+3',NULL,NULL,'7','2016-01-14 07:41:11',186),(3699,NULL,'LabR','Std0','0071','000000b5',39.811626,76.58709,6.80371,NULL,'2016-01-13T13:51:31:239+3',NULL,NULL,'7','2016-01-14 07:41:11',186),(3700,NULL,'LabR','Std0','0072','000000b6',39.821625,76.597092,6.80371,NULL,'2016-01-13T13:51:31:239+3',NULL,NULL,'7','2016-01-14 07:41:11',186),(3701,NULL,'LabR','Std0','0073','000000b7',39.831627,76.607094,6.80371,NULL,'2016-01-13T13:51:31:239+3',NULL,NULL,'7','2016-01-14 07:41:11',186),(3702,NULL,'LabR','Std0','0074','000000b8',39.841625,76.617096,6.80371,NULL,'2016-01-13T13:51:31:239+3',NULL,NULL,'7','2016-01-14 07:41:11',186),(3703,NULL,'LabR','Std0','0075','000000b9',39.851624,76.62709,6.80371,NULL,'2016-01-13T13:51:31:239+3',NULL,NULL,'7','2016-01-14 07:41:12',187),(3704,NULL,'LabR','Std0','0076','000000ba',39.861626,76.637093,6.80371,NULL,'2016-01-13T13:51:31:239+3',NULL,NULL,'7','2016-01-14 07:41:12',187),(3705,NULL,'LabR','Std0','0077','000000bb',39.871624,76.647095,6.80371,NULL,'2016-01-13T13:51:31:239+3',NULL,NULL,'7','2016-01-14 07:41:12',187),(3706,NULL,'LabR','Std0','0078','000000bc',39.881626,76.657089,6.80371,NULL,'2016-01-13T13:51:31:239+3',NULL,NULL,'7','2016-01-14 07:41:12',187),(3707,NULL,'LabR','Std0','0079','000000bd',39.891624,76.667091,6.80371,NULL,'2016-01-13T13:51:31:239+3',NULL,NULL,'7','2016-01-14 07:41:12',187),(3708,NULL,'LabR','Std0','007a','000000be',39.901627,76.677094,6.80371,NULL,'2016-01-13T13:51:31:239+3',NULL,NULL,'7','2016-01-14 07:41:12',187),(3709,NULL,'LabR','Std0','007b','000000bf',39.911625,76.687096,6.80371,NULL,'2016-01-13T13:51:31:239+3',NULL,NULL,'7','2016-01-14 07:41:12',187),(3710,NULL,'LabR','Std0','007c','000000c0',39.921627,76.69709,6.80371,NULL,'2016-01-13T13:51:31:239+3',NULL,NULL,'7','2016-01-14 07:41:12',187),(3711,NULL,'LabR','Std0','007d','000000c1',39.931625,76.707092,6.80371,NULL,'2016-01-13T13:51:31:239+3',NULL,NULL,'7','2016-01-14 07:41:12',187),(3712,NULL,'LabR','Std0','007e','000000c2',39.941624,76.717094,6.80371,NULL,'2016-01-13T13:51:31:239+3',NULL,NULL,'7','2016-01-14 07:41:12',187),(3713,NULL,'LabR','Std0','007f','000000c3',39.951626,76.727089,6.80371,NULL,'2016-01-13T13:51:31:239+3',NULL,NULL,'7','2016-01-14 07:41:12',187),(3714,NULL,'LabR','Std0','0080','000000c4',39.961624,76.737091,6.80371,NULL,'2016-01-13T13:51:31:239+3',NULL,NULL,'7','2016-01-14 07:41:13',188),(3715,NULL,'LabR','Std0','0081','000000c5',39.971626,76.747093,6.80371,NULL,'2016-01-13T13:51:31:239+3',NULL,NULL,'7','2016-01-14 07:41:13',188),(3716,NULL,'LabR','Std0','0082','000000c6',39.981625,76.757095,6.80371,NULL,'2016-01-13T13:51:31:239+3',NULL,NULL,'7','2016-01-14 07:41:13',188),(3717,NULL,'LabR','Std0','0083','000000c7',39.991627,76.76709,6.80371,NULL,'2016-01-13T13:51:31:239+3',NULL,NULL,'7','2016-01-14 07:41:13',188),(3718,NULL,'LabR','Std0','0084','000000c8',40.001625,76.777092,6.80371,NULL,'2016-01-13T13:51:31:239+3',NULL,NULL,'7','2016-01-14 07:41:13',188),(3719,NULL,'LabR','Std0','0085','000000c9',40.011627,76.787094,6.80371,NULL,'2016-01-13T13:51:31:239+3',NULL,NULL,'7','2016-01-14 07:41:13',188),(3720,NULL,'LabR','Std0','0086','000000ca',40.021626,76.797089,6.80371,NULL,'2016-01-13T13:51:31:239+3',NULL,NULL,'7','2016-01-14 07:41:13',188),(3721,NULL,'LabR','Std0','0087','000000cb',40.031624,76.807091,6.80371,NULL,'2016-01-13T13:51:31:239+3',NULL,NULL,'7','2016-01-14 07:41:13',188),(3722,NULL,'LabR','Std0','0088','000000cc',40.041626,76.817093,6.80371,NULL,'2016-01-13T13:51:31:239+3',NULL,NULL,'7','2016-01-14 07:41:13',188),(3723,NULL,'LabR','Std0','0089','000000cd',40.051624,76.827095,6.80371,NULL,'2016-01-13T13:51:31:239+3',NULL,NULL,'7','2016-01-14 07:41:13',188),(3724,NULL,'LabR','Std0','008a','000000ce',40.061626,76.83709,6.80371,NULL,'2016-01-13T13:51:31:239+3',NULL,NULL,'7','2016-01-14 07:41:13',188),(3725,NULL,'LabR','Std0','008b','000000cf',40.071625,76.847092,6.80371,NULL,'2016-01-13T13:51:31:239+3',NULL,NULL,'7','2016-01-14 07:41:13',188),(3726,NULL,'LabR','Std0','008c','000000d0',40.081627,76.857094,6.80371,NULL,'2016-01-13T13:51:31:239+3',NULL,NULL,'7','2016-01-14 07:41:13',188),(3727,NULL,'LabR','Std0','008d','000000d1',40.091625,76.867096,6.80371,NULL,'2016-01-13T13:51:31:239+3',NULL,NULL,'7','2016-01-14 07:41:13',188),(3728,NULL,'LabR','Std0','008e','000000d2',40.101624,76.87709,6.80371,NULL,'2016-01-13T13:51:31:239+3',NULL,NULL,'7','2016-01-14 07:41:13',188),(3729,NULL,'LabR','Std0','008f','000000d3',40.111626,76.887093,6.80371,NULL,'2016-01-13T13:51:31:239+3',NULL,NULL,'7','2016-01-14 07:41:13',188),(3730,NULL,'LabR','Std0','0090','000000d4',40.121624,76.897095,6.80371,NULL,'2016-01-13T13:51:31:239+3',NULL,NULL,'7','2016-01-14 07:41:14',189),(3731,NULL,'LabR','Std0','0091','000000d5',40.131626,76.907089,6.80371,NULL,'2016-01-13T13:51:31:239+3',NULL,NULL,'7','2016-01-14 07:41:14',189),(3732,NULL,'LabR','Std0','0092','000000d6',40.141624,76.917091,6.80371,NULL,'2016-01-13T13:51:31:239+3',NULL,NULL,'7','2016-01-14 07:41:14',189),(3733,NULL,'LabR','Std0','0093','000000d7',40.151627,76.927094,6.80371,NULL,'2016-01-13T13:51:31:239+3',NULL,NULL,'7','2016-01-14 07:41:14',189),(3734,NULL,'LabR','Std0','0094','000000d8',40.161625,76.937096,6.80371,NULL,'2016-01-13T13:51:31:239+3',NULL,NULL,'7','2016-01-14 07:41:14',189),(3735,NULL,'LabR','Std0','0095','000000d9',40.171627,76.94709,6.80371,NULL,'2016-01-13T13:51:31:239+3',NULL,NULL,'7','2016-01-14 07:41:14',189),(3736,NULL,'LabR','Std0','0096','000000da',40.181625,76.957092,6.80371,NULL,'2016-01-13T13:51:31:239+3',NULL,NULL,'7','2016-01-14 07:41:14',189),(3737,NULL,'LabR','Std0','0097','000000db',40.191624,76.967094,6.80371,NULL,'2016-01-13T13:51:31:239+3',NULL,NULL,'7','2016-01-14 07:41:14',189),(3738,NULL,'LabR','Std0','0098','000000dc',40.201626,76.977089,6.80371,NULL,'2016-01-13T13:51:31:239+3',NULL,NULL,'7','2016-01-14 07:41:14',189),(3739,NULL,'LabR','Std0','0099','000000dd',40.211624,76.987091,6.80371,NULL,'2016-01-13T13:51:31:239+3',NULL,NULL,'7','2016-01-14 07:41:14',189),(3740,NULL,'LabR','Std0','009a','000000de',40.221626,76.997093,6.80371,NULL,'2016-01-13T13:51:31:239+3',NULL,NULL,'7','2016-01-14 07:41:14',189),(3741,NULL,'LabR','Std0','009b','000000df',40.231625,77.007095,6.80371,NULL,'2016-01-13T13:51:31:239+3',NULL,NULL,'7','2016-01-14 07:41:14',189),(3742,NULL,'LabR','Std0','009c','000000e0',40.241627,77.01709,6.80371,NULL,'2016-01-13T13:51:31:239+3',NULL,NULL,'7','2016-01-14 07:41:14',189),(3743,NULL,'LabR','Std0','009d','000000e1',40.251625,77.027092,6.80371,NULL,'2016-01-13T13:51:31:239+3',NULL,NULL,'7','2016-01-14 07:41:14',189),(3744,NULL,'LabR','Std0','009e','000000e2',40.261627,77.037094,6.80371,NULL,'2016-01-13T13:51:31:239+3',NULL,NULL,'7','2016-01-14 07:41:14',189),(3745,NULL,'LabR','Std0','009f','000000e3',40.271626,77.047089,6.80371,NULL,'2016-01-13T13:51:31:239+3',NULL,NULL,'7','2016-01-14 07:41:14',189),(3746,NULL,'LabR','Std0','00a0','000000e4',40.281624,77.057091,6.80371,NULL,'2016-01-13T13:51:31:239+3',NULL,NULL,'7','2016-01-14 07:41:14',189),(3747,NULL,'LabR','Std0','00a1','000000e5',40.291626,77.067093,6.80371,NULL,'2016-01-13T13:51:31:239+3',NULL,NULL,'7','2016-01-14 07:41:14',189),(3748,NULL,'LabR','Std0','00a2','000000e6',40.301624,77.077095,6.80371,NULL,'2016-01-13T13:51:31:239+3',NULL,NULL,'7','2016-01-14 07:41:15',190),(3749,NULL,'LabR','Std0','00a3','000000e7',40.311626,77.08709,6.80371,NULL,'2016-01-13T13:51:31:239+3',NULL,NULL,'7','2016-01-14 07:41:15',190),(3750,NULL,'LabR','Std0','00a4','000000e8',40.321625,77.097092,6.80371,NULL,'2016-01-13T13:51:31:239+3',NULL,NULL,'7','2016-01-14 07:41:15',190),(3751,NULL,'LabR','Std0','00a5','000000e9',40.331627,77.107094,6.80371,NULL,'2016-01-13T13:51:31:239+3',NULL,NULL,'7','2016-01-14 07:41:15',190),(3752,NULL,'LabR','Std0','00a6','000000ea',40.341625,77.117096,6.80371,NULL,'2016-01-13T13:51:31:239+3',NULL,NULL,'7','2016-01-14 07:41:15',190),(3753,NULL,'LabR','Std0','00a7','000000eb',40.351624,77.12709,6.80371,NULL,'2016-01-13T13:51:31:239+3',NULL,NULL,'7','2016-01-14 07:41:15',190),(3754,NULL,'LabR','Std0','00a8','000000ec',40.361626,77.137093,6.80371,NULL,'2016-01-13T13:51:31:239+3',NULL,NULL,'7','2016-01-14 07:41:15',190),(3755,NULL,'LabR','Std0','00a9','000000ed',40.371624,77.147095,6.80371,NULL,'2016-01-13T13:51:31:239+3',NULL,NULL,'7','2016-01-14 07:41:15',190),(3756,NULL,'LabR','Std0','00aa','000000ee',40.381626,77.157089,6.80371,NULL,'2016-01-13T13:51:31:239+3',NULL,NULL,'7','2016-01-14 07:41:15',190),(3757,NULL,'LabR','Std0','00ab','000000ef',40.391624,77.167091,6.80371,NULL,'2016-01-13T13:51:31:239+3',NULL,NULL,'7','2016-01-14 07:41:15',190),(3758,NULL,'LabR','Std0','00ac','000000f0',40.401627,77.177094,6.80371,NULL,'2016-01-13T13:51:31:239+3',NULL,NULL,'7','2016-01-14 07:41:16',191),(3759,NULL,'LabR','Std0','00ad','000000f1',40.411625,77.187096,6.80371,NULL,'2016-01-13T13:51:31:239+3',NULL,NULL,'7','2016-01-14 07:41:16',191),(3760,NULL,'LabR','Std0','00ae','000000f2',40.421627,77.19709,6.80371,NULL,'2016-01-13T13:51:31:239+3',NULL,NULL,'7','2016-01-14 07:41:16',191),(3761,NULL,'LabR','Std0','00af','000000f3',40.431625,77.207092,6.80371,NULL,'2016-01-13T13:51:31:239+3',NULL,NULL,'7','2016-01-14 07:41:16',191),(3762,NULL,'LabR','Std0','00b0','000000f4',40.441624,77.217094,6.80371,NULL,'2016-01-13T13:51:31:239+3',NULL,NULL,'7','2016-01-14 07:41:16',191),(3763,NULL,'LabR','Std0','00b1','000000f5',40.451626,77.227089,6.80371,NULL,'2016-01-13T13:51:31:239+3',NULL,NULL,'7','2016-01-14 07:41:16',191),(3764,NULL,'LabR','Std0','00b2','000000f6',40.461624,77.237091,6.80371,NULL,'2016-01-13T13:51:31:239+3',NULL,NULL,'7','2016-01-14 07:41:16',191),(3765,NULL,'LabR','Std0','00b3','000000f7',40.471626,77.247093,6.80371,NULL,'2016-01-13T13:51:31:239+3',NULL,NULL,'7','2016-01-14 07:41:16',191),(3766,NULL,'LabR','Std0','00b4','000000f8',40.481625,77.257095,6.80371,NULL,'2016-01-13T13:51:31:239+3',NULL,NULL,'7','2016-01-14 07:41:16',191),(3767,NULL,'LabR','Std0','00b5','000000f9',40.491627,77.26709,6.80371,NULL,'2016-01-13T13:51:31:239+3',NULL,NULL,'7','2016-01-14 07:41:16',191),(3768,NULL,'LabR','Std0','00b6','000000fa',40.501625,77.277092,6.80371,NULL,'2016-01-13T13:51:31:239+3',NULL,NULL,'7','2016-01-14 07:41:16',191),(3769,NULL,'LabR','Std0','00b7','000000fb',40.511627,77.287094,6.80371,NULL,'2016-01-13T13:51:31:239+3',NULL,NULL,'7','2016-01-14 07:41:16',191),(3770,NULL,'LabR','Std0','00b8','000000fc',40.521626,77.297089,6.80371,NULL,'2016-01-13T13:51:31:239+3',NULL,NULL,'7','2016-01-14 07:41:16',191),(3771,NULL,'LabR','Std0','00b9','000000fd',40.531624,77.307091,6.80371,NULL,'2016-01-13T13:51:31:239+3',NULL,NULL,'7','2016-01-14 07:41:16',191),(3772,NULL,'LabR','Std0','00ba','000000fe',40.541626,77.317093,6.80371,NULL,'2016-01-13T13:51:31:239+3',NULL,NULL,'7','2016-01-14 07:41:17',192),(3773,NULL,'LabR','Std0','00bb','000000ff',40.551624,77.327095,6.80371,NULL,'2016-01-13T13:51:31:239+3',NULL,NULL,'7','2016-01-14 07:41:17',192),(3774,NULL,'LabR','Std0','00bc','00000100',40.561626,77.33709,6.80371,NULL,'2016-01-13T13:51:31:239+3',NULL,NULL,'7','2016-01-14 07:41:17',192),(3775,NULL,'LabR','Std0','00bd','00000101',40.571625,77.347092,6.80371,NULL,'2016-01-13T13:51:31:239+3',NULL,NULL,'7','2016-01-14 07:41:17',192),(3776,NULL,'LabR','Std0','00be','00000102',40.581627,77.357094,6.80371,NULL,'2016-01-13T13:51:31:239+3',NULL,NULL,'7','2016-01-14 07:41:17',192),(3777,NULL,'LabR','Std0','00bf','00000103',40.591625,77.367096,6.80371,NULL,'2016-01-13T13:51:31:239+3',NULL,NULL,'7','2016-01-14 07:41:17',192),(3778,NULL,'LabR','Std0','00c0','00000104',40.601624,77.37709,6.80371,NULL,'2016-01-13T13:51:31:239+3',NULL,NULL,'7','2016-01-14 07:41:17',192),(3779,NULL,'LabR','Std0','00c1','00000105',40.611626,77.387093,6.80371,NULL,'2016-01-13T13:51:31:239+3',NULL,NULL,'7','2016-01-14 07:41:17',192),(3780,NULL,'LabR','Std0','00c2','00000106',40.621624,77.397095,6.80371,NULL,'2016-01-13T13:51:31:239+3',NULL,NULL,'7','2016-01-14 07:41:17',192),(3781,NULL,'LabR','Std0','00c3','00000107',40.631626,77.407089,6.80371,NULL,'2016-01-13T13:51:31:239+3',NULL,NULL,'7','2016-01-14 07:41:17',192),(3782,NULL,'LabR','Std0','00c4','00000108',40.641624,77.417091,6.80371,NULL,'2016-01-13T13:51:31:239+3',NULL,NULL,'7','2016-01-14 07:41:17',192),(3783,NULL,'LabR','Std0','00c5','00000109',40.651627,77.427094,6.80371,NULL,'2016-01-13T13:51:31:239+3',NULL,NULL,'7','2016-01-14 07:41:17',192),(3784,NULL,'LabR','Std0','00c6','0000010a',40.661625,77.437096,6.80371,NULL,'2016-01-13T13:51:31:239+3',NULL,NULL,'7','2016-01-14 07:41:17',192),(3785,NULL,'LabR','Std0','00c7','0000010b',40.671627,77.44709,6.80371,NULL,'2016-01-13T13:51:31:239+3',NULL,NULL,'7','2016-01-14 07:41:17',192),(3786,NULL,'LabR','Std0','0000','000000a8',39.681625,76.457092,6.80371,NULL,'2016-01-13T13:51:31:239+3',NULL,NULL,'7','2016-01-14 07:44:29',185),(3787,NULL,'LabR','Std0','0001','000000a9',39.691624,76.467094,6.80371,NULL,'2016-01-13T13:51:31:239+3',NULL,NULL,'7','2016-01-14 07:44:29',185),(3788,NULL,'LabR','Std0','0002','000000aa',39.701626,76.477089,6.80371,NULL,'2016-01-13T13:51:31:239+3',NULL,NULL,'7','2016-01-14 07:44:29',185),(3789,NULL,'LabR','Std0','0003','000000ab',39.711624,76.487091,6.80371,NULL,'2016-01-13T13:51:31:239+3',NULL,NULL,'7','2016-01-14 07:44:29',185),(3790,NULL,'LabR','Std0','0004','000000ac',39.721626,76.497093,6.80371,NULL,'2016-01-13T13:51:31:239+3',NULL,NULL,'7','2016-01-14 07:44:29',185),(3791,NULL,'LabR','Std0','0005','000000ad',39.731625,76.507095,6.80371,NULL,'2016-01-13T13:51:31:239+3',NULL,NULL,'7','2016-01-14 07:44:29',185),(3792,NULL,'LabR','Std0','0006','000000ae',39.741627,76.51709,6.80371,NULL,'2016-01-13T13:51:31:239+3',NULL,NULL,'7','2016-01-14 07:44:29',185),(3793,NULL,'LabR','Std0','0007','000000af',39.751625,76.527092,6.80371,NULL,'2016-01-13T13:51:31:239+3',NULL,NULL,'7','2016-01-14 07:44:29',185),(3794,NULL,'LabR','Std0','0008','000000b0',39.761627,76.537094,6.80371,NULL,'2016-01-13T13:51:31:239+3',NULL,NULL,'7','2016-01-14 07:44:29',185),(3795,NULL,'LabR','Std0','0009','000000b1',39.771626,76.547089,6.80371,NULL,'2016-01-13T13:51:31:239+3',NULL,NULL,'7','2016-01-14 07:44:29',185),(3796,NULL,'LabR','Std0','000a','000000b2',39.781624,76.557091,6.80371,NULL,'2016-01-13T13:51:31:239+3',NULL,NULL,'7','2016-01-14 07:44:30',185),(3797,NULL,'LabR','Std0','000b','000000b3',39.791626,76.567093,6.80371,NULL,'2016-01-13T13:51:31:239+3',NULL,NULL,'7','2016-01-14 07:44:30',185),(3798,NULL,'LabR','Std0','000c','000000b4',39.801624,76.577095,6.80371,NULL,'2016-01-13T13:51:31:239+3',NULL,NULL,'7','2016-01-14 07:44:30',185),(3799,NULL,'LabR','Std0','000d','000000b5',39.811626,76.58709,6.80371,NULL,'2016-01-13T13:51:31:239+3',NULL,NULL,'7','2016-01-14 07:44:30',185),(3800,NULL,'LabR','Std0','000e','000000b6',39.821625,76.597092,6.80371,NULL,'2016-01-13T13:51:31:239+3',NULL,NULL,'7','2016-01-14 07:44:30',185),(3801,NULL,'LabR','Std0','000f','000000b7',39.831627,76.607094,6.80371,NULL,'2016-01-13T13:51:31:239+3',NULL,NULL,'7','2016-01-14 07:44:30',185),(3802,NULL,'LabR','Std0','0010','000000b8',39.841625,76.617096,6.80371,NULL,'2016-01-13T13:51:31:239+3',NULL,NULL,'7','2016-01-14 07:44:30',185),(3803,NULL,'LabR','Std0','0011','000000b9',39.851624,76.62709,6.80371,NULL,'2016-01-13T13:51:31:239+3',NULL,NULL,'7','2016-01-14 07:44:30',185),(3804,NULL,'LabR','Std0','0012','000000ba',39.861626,76.637093,6.80371,NULL,'2016-01-13T13:51:31:239+3',NULL,NULL,'7','2016-01-14 07:44:30',185),(3805,NULL,'LabR','Std0','0013','000000bb',39.871624,76.647095,6.80371,NULL,'2016-01-13T13:51:31:239+3',NULL,NULL,'7','2016-01-14 07:44:30',185),(3806,NULL,'LabR','Std0','0014','000000bc',39.881626,76.657089,6.80371,NULL,'2016-01-13T13:51:31:239+3',NULL,NULL,'7','2016-01-14 07:44:30',185),(3807,NULL,'LabR','Std0','0015','000000bd',39.891624,76.667091,6.80371,NULL,'2016-01-13T13:51:31:239+3',NULL,NULL,'7','2016-01-14 07:44:30',185),(3808,NULL,'LabR','Std0','0016','000000be',39.901627,76.677094,6.80371,NULL,'2016-01-13T13:51:31:239+3',NULL,NULL,'7','2016-01-14 07:44:30',185),(3809,NULL,'LabR','Std0','0017','000000bf',39.911625,76.687096,6.80371,NULL,'2016-01-13T13:51:31:239+3',NULL,NULL,'7','2016-01-14 07:44:30',185),(3810,NULL,'LabR','Std0','0018','000000c0',39.921627,76.69709,6.80371,NULL,'2016-01-13T13:51:31:239+3',NULL,NULL,'7','2016-01-14 07:44:30',185),(3811,NULL,'LabR','Std0','0019','000000c1',39.931625,76.707092,6.80371,NULL,'2016-01-13T13:51:31:239+3',NULL,NULL,'7','2016-01-14 07:44:30',185),(3812,NULL,'LabR','Std0','001a','000000c2',39.941624,76.717094,6.80371,NULL,'2016-01-13T13:51:31:239+3',NULL,NULL,'7','2016-01-14 07:44:30',185),(3813,NULL,'LabR','Std0','001b','000000c3',39.951626,76.727089,6.80371,NULL,'2016-01-13T13:51:31:239+3',NULL,NULL,'7','2016-01-14 07:44:30',185),(3814,NULL,'LabR','Std0','001c','000000c4',39.961624,76.737091,6.80371,NULL,'2016-01-13T13:51:31:239+3',NULL,NULL,'7','2016-01-14 07:44:31',185),(3815,NULL,'LabR','Std0','001d','000000c5',39.971626,76.747093,6.80371,NULL,'2016-01-13T13:51:31:239+3',NULL,NULL,'7','2016-01-14 07:44:31',185),(3816,NULL,'LabR','Std0','001e','000000c6',39.981625,76.757095,6.80371,NULL,'2016-01-13T13:51:31:239+3',NULL,NULL,'7','2016-01-14 07:44:31',185),(3817,NULL,'LabR','Std0','001f','000000c7',39.991627,76.76709,6.80371,NULL,'2016-01-13T13:51:31:239+3',NULL,NULL,'7','2016-01-14 07:44:31',185),(3818,NULL,'LabR','Std0','0020','000000c8',40.001625,76.777092,6.80371,NULL,'2016-01-13T13:51:31:239+3',NULL,NULL,'7','2016-01-14 07:44:31',185),(3819,NULL,'LabR','Std0','0021','000000c9',40.011627,76.787094,6.80371,NULL,'2016-01-13T13:51:31:239+3',NULL,NULL,'7','2016-01-14 07:44:31',185),(3820,NULL,'LabR','Std0','0022','000000ca',40.021626,76.797089,6.80371,NULL,'2016-01-13T13:51:31:239+3',NULL,NULL,'7','2016-01-14 07:44:31',185),(3821,NULL,'LabR','Std0','0023','000000cb',40.031624,76.807091,6.80371,NULL,'2016-01-13T13:51:31:239+3',NULL,NULL,'7','2016-01-14 07:44:31',185),(3822,NULL,'LabR','Std0','0024','000000cc',40.041626,76.817093,6.80371,NULL,'2016-01-13T13:51:31:239+3',NULL,NULL,'7','2016-01-14 07:44:31',185),(3823,NULL,'LabR','Std0','0025','000000cd',40.051624,76.827095,6.80371,NULL,'2016-01-13T13:51:31:239+3',NULL,NULL,'7','2016-01-14 07:44:31',185),(3824,NULL,'LabR','Std0','0026','000000ce',40.061626,76.83709,6.80371,NULL,'2016-01-13T13:51:31:239+3',NULL,NULL,'7','2016-01-14 07:44:31',185),(3825,NULL,'LabR','Std0','0027','000000cf',40.071625,76.847092,6.80371,NULL,'2016-01-13T13:51:31:239+3',NULL,NULL,'7','2016-01-14 07:44:31',185),(3826,NULL,'LabR','Std0','0028','000000d0',40.081627,76.857094,6.80371,NULL,'2016-01-13T13:51:31:239+3',NULL,NULL,'7','2016-01-14 07:44:31',185),(3827,NULL,'LabR','Std0','0029','000000d1',40.091625,76.867096,6.80371,NULL,'2016-01-13T13:51:31:239+3',NULL,NULL,'7','2016-01-14 07:44:31',185),(3828,NULL,'LabR','Std0','002a','000000d2',40.101624,76.87709,6.80371,NULL,'2016-01-13T13:51:31:239+3',NULL,NULL,'7','2016-01-14 07:44:31',185),(3829,NULL,'LabR','Std0','002b','000000d3',40.111626,76.887093,6.80371,NULL,'2016-01-13T13:51:31:239+3',NULL,NULL,'7','2016-01-14 07:44:31',185),(3830,NULL,'LabR','Std0','002c','000000d4',40.121624,76.897095,6.80371,NULL,'2016-01-13T13:51:31:239+3',NULL,NULL,'7','2016-01-14 07:44:31',185),(3831,NULL,'LabR','Std0','002d','000000d5',40.131626,76.907089,6.80371,NULL,'2016-01-13T13:51:31:239+3',NULL,NULL,'7','2016-01-14 07:44:31',185),(3832,NULL,'LabR','Std0','002e','000000d6',40.141624,76.917091,6.80371,NULL,'2016-01-13T13:51:31:239+3',NULL,NULL,'7','2016-01-14 07:44:31',185),(3833,NULL,'LabR','Std0','002f','000000d7',40.151627,76.927094,6.80371,NULL,'2016-01-13T13:51:31:239+3',NULL,NULL,'7','2016-01-14 07:44:31',185),(3834,NULL,'LabR','Std0','0030','000000d8',40.161625,76.937096,6.80371,NULL,'2016-01-13T13:51:31:239+3',NULL,NULL,'7','2016-01-14 07:44:32',185),(3835,NULL,'LabR','Std0','0031','000000d9',40.171627,76.94709,6.80371,NULL,'2016-01-13T13:51:31:239+3',NULL,NULL,'7','2016-01-14 07:44:32',185),(3836,NULL,'LabR','Std0','0032','000000da',40.181625,76.957092,6.80371,NULL,'2016-01-13T13:51:31:239+3',NULL,NULL,'7','2016-01-14 07:44:32',185),(3837,NULL,'LabR','Std0','0033','000000db',40.191624,76.967094,6.80371,NULL,'2016-01-13T13:51:31:239+3',NULL,NULL,'7','2016-01-14 07:44:32',185),(3838,NULL,'LabR','Std0','0034','000000dc',40.201626,76.977089,6.80371,NULL,'2016-01-13T13:51:31:239+3',NULL,NULL,'7','2016-01-14 07:44:32',185),(3839,NULL,'LabR','Std0','0035','000000dd',40.211624,76.987091,6.80371,NULL,'2016-01-13T13:51:31:239+3',NULL,NULL,'7','2016-01-14 07:44:32',185),(3840,NULL,'LabR','Std0','0036','000000de',40.221626,76.997093,6.80371,NULL,'2016-01-13T13:51:31:239+3',NULL,NULL,'7','2016-01-14 07:44:32',185),(3841,NULL,'LabR','Std0','0037','000000df',40.231625,77.007095,6.80371,NULL,'2016-01-13T13:51:31:239+3',NULL,NULL,'7','2016-01-14 07:44:32',185),(3842,NULL,'LabR','Std0','0038','000000e0',40.241627,77.01709,6.80371,NULL,'2016-01-13T13:51:31:239+3',NULL,NULL,'7','2016-01-14 07:44:32',185),(3843,NULL,'LabR','Std0','0039','000000e1',40.251625,77.027092,6.80371,NULL,'2016-01-13T13:51:31:239+3',NULL,NULL,'7','2016-01-14 07:44:32',185),(3844,NULL,'LabR','Std0','003a','000000e2',40.261627,77.037094,6.80371,NULL,'2016-01-13T13:51:31:239+3',NULL,NULL,'7','2016-01-14 07:44:32',185),(3845,NULL,'LabR','Std0','003b','000000e3',40.271626,77.047089,6.80371,NULL,'2016-01-13T13:51:31:239+3',NULL,NULL,'7','2016-01-14 07:44:32',185),(3846,NULL,'LabR','Std0','003c','000000e4',40.281624,77.057091,6.80371,NULL,'2016-01-13T13:51:31:239+3',NULL,NULL,'7','2016-01-14 07:44:32',185),(3847,NULL,'LabR','Std0','003d','000000e5',40.291626,77.067093,6.80371,NULL,'2016-01-13T13:51:31:239+3',NULL,NULL,'7','2016-01-14 07:44:32',185),(3848,NULL,'LabR','Std0','003e','000000e6',40.301624,77.077095,6.80371,NULL,'2016-01-13T13:51:31:239+3',NULL,NULL,'7','2016-01-14 07:44:32',185),(3849,NULL,'LabR','Std0','003f','000000e7',40.311626,77.08709,6.80371,NULL,'2016-01-13T13:51:31:239+3',NULL,NULL,'7','2016-01-14 07:44:32',185),(3850,NULL,'LabR','Std0','0040','000000e8',40.321625,77.097092,6.80371,NULL,'2016-01-13T13:51:31:239+3',NULL,NULL,'7','2016-01-14 07:44:32',185),(3851,NULL,'LabR','Std0','0041','000000e9',40.331627,77.107094,6.80371,NULL,'2016-01-13T13:51:31:239+3',NULL,NULL,'7','2016-01-14 07:44:32',185),(3852,NULL,'LabR','Std0','0042','000000ea',40.341625,77.117096,6.80371,NULL,'2016-01-13T13:51:31:239+3',NULL,NULL,'7','2016-01-14 07:44:33',185),(3853,NULL,'LabR','Std0','0043','000000eb',40.351624,77.12709,6.80371,NULL,'2016-01-13T13:51:31:239+3',NULL,NULL,'7','2016-01-14 07:44:33',185),(3854,NULL,'LabR','Std0','0044','000000ec',40.361626,77.137093,6.80371,NULL,'2016-01-13T13:51:31:239+3',NULL,NULL,'7','2016-01-14 07:44:33',185),(3855,NULL,'LabR','Std0','0045','000000ed',40.371624,77.147095,6.80371,NULL,'2016-01-13T13:51:31:239+3',NULL,NULL,'7','2016-01-14 07:44:33',185),(3856,NULL,'LabR','Std0','0046','000000ee',40.381626,77.157089,6.80371,NULL,'2016-01-13T13:51:31:239+3',NULL,NULL,'7','2016-01-14 07:44:33',185),(3857,NULL,'LabR','Std0','0047','000000ef',40.391624,77.167091,6.80371,NULL,'2016-01-13T13:51:31:239+3',NULL,NULL,'7','2016-01-14 07:44:33',185),(3858,NULL,'LabR','Std0','0048','000000f0',40.401627,77.177094,6.80371,NULL,'2016-01-13T13:51:31:239+3',NULL,NULL,'7','2016-01-14 07:44:33',185),(3859,NULL,'LabR','Std0','0049','000000f1',40.411625,77.187096,6.80371,NULL,'2016-01-13T13:51:31:239+3',NULL,NULL,'7','2016-01-14 07:44:33',185),(3860,NULL,'LabR','Std0','004a','000000f2',40.421627,77.19709,6.80371,NULL,'2016-01-13T13:51:31:239+3',NULL,NULL,'7','2016-01-14 07:44:33',185),(3861,NULL,'LabR','Std0','004b','000000f3',40.431625,77.207092,6.80371,NULL,'2016-01-13T13:51:31:239+3',NULL,NULL,'7','2016-01-14 07:44:33',185),(3862,NULL,'LabR','Std0','004c','000000f4',40.441624,77.217094,6.80371,NULL,'2016-01-13T13:51:31:239+3',NULL,NULL,'7','2016-01-14 07:44:33',185),(3863,NULL,'LabR','Std0','004d','000000f5',40.451626,77.227089,6.80371,NULL,'2016-01-13T13:51:31:239+3',NULL,NULL,'7','2016-01-14 07:44:33',185),(3864,NULL,'LabR','Std0','004e','000000f6',40.461624,77.237091,6.80371,NULL,'2016-01-13T13:51:31:239+3',NULL,NULL,'7','2016-01-14 07:44:33',185),(3865,NULL,'LabR','Std0','004f','000000f7',40.471626,77.247093,6.80371,NULL,'2016-01-13T13:51:31:239+3',NULL,NULL,'7','2016-01-14 07:44:33',185),(3866,NULL,'LabR','Std0','0050','000000f8',40.481625,77.257095,6.80371,NULL,'2016-01-13T13:51:31:239+3',NULL,NULL,'7','2016-01-14 07:44:33',185),(3867,NULL,'LabR','Std0','0051','000000f9',40.491627,77.26709,6.80371,NULL,'2016-01-13T13:51:31:239+3',NULL,NULL,'7','2016-01-14 07:44:33',185),(3868,NULL,'LabR','Std0','0052','000000fa',40.501625,77.277092,6.80371,NULL,'2016-01-13T13:51:31:239+3',NULL,NULL,'7','2016-01-14 07:44:33',185),(3869,NULL,'LabR','Std0','0053','000000fb',40.511627,77.287094,6.80371,NULL,'2016-01-13T13:51:31:239+3',NULL,NULL,'7','2016-01-14 07:44:33',185),(3870,NULL,'LabR','Std0','0054','000000fc',40.521626,77.297089,6.80371,NULL,'2016-01-13T13:51:31:239+3',NULL,NULL,'7','2016-01-14 07:44:33',185),(3871,NULL,'LabR','Std0','0055','000000fd',40.531624,77.307091,6.80371,NULL,'2016-01-13T13:51:31:239+3',NULL,NULL,'7','2016-01-14 07:44:33',185),(3872,NULL,'LabR','Std0','0056','000000fe',40.541626,77.317093,6.80371,NULL,'2016-01-13T13:51:31:239+3',NULL,NULL,'7','2016-01-14 07:44:34',185),(3873,NULL,'LabR','Std0','0057','000000ff',40.551624,77.327095,6.80371,NULL,'2016-01-13T13:51:31:239+3',NULL,NULL,'7','2016-01-14 07:44:34',185),(3874,NULL,'LabR','Std0','0058','00000100',40.561626,77.33709,6.80371,NULL,'2016-01-13T13:51:31:239+3',NULL,NULL,'7','2016-01-14 07:44:34',185),(3875,NULL,'LabR','Std0','0059','00000101',40.571625,77.347092,6.80371,NULL,'2016-01-13T13:51:31:239+3',NULL,NULL,'7','2016-01-14 07:44:34',185),(3876,NULL,'LabR','Std0','005a','00000102',40.581627,77.357094,6.80371,NULL,'2016-01-13T13:51:31:239+3',NULL,NULL,'7','2016-01-14 07:44:34',185),(3877,NULL,'LabR','Std0','005b','00000103',40.591625,77.367096,6.80371,NULL,'2016-01-13T13:51:31:239+3',NULL,NULL,'7','2016-01-14 07:44:34',185),(3878,NULL,'LabR','Std0','005c','00000104',40.601624,77.37709,6.80371,NULL,'2016-01-13T13:51:31:239+3',NULL,NULL,'7','2016-01-14 07:44:34',185),(3879,NULL,'LabR','Std0','005d','00000105',40.611626,77.387093,6.80371,NULL,'2016-01-13T13:51:31:239+3',NULL,NULL,'7','2016-01-14 07:44:34',185),(3880,NULL,'LabR','Std0','005e','00000106',40.621624,77.397095,6.80371,NULL,'2016-01-13T13:51:31:239+3',NULL,NULL,'7','2016-01-14 07:44:34',185),(3881,NULL,'LabR','Std0','005f','00000107',40.631626,77.407089,6.80371,NULL,'2016-01-13T13:51:31:239+3',NULL,NULL,'7','2016-01-14 07:44:34',185),(3882,NULL,'LabR','Std0','0060','00000108',40.641624,77.417091,6.80371,NULL,'2016-01-13T13:51:31:239+3',NULL,NULL,'7','2016-01-14 07:44:34',185),(3883,NULL,'LabR','Std0','0061','00000109',40.651627,77.427094,6.80371,NULL,'2016-01-13T13:51:31:239+3',NULL,NULL,'7','2016-01-14 07:44:34',185),(3884,NULL,'LabR','Std0','0062','0000010a',40.661625,77.437096,6.80371,NULL,'2016-01-13T13:51:31:239+3',NULL,NULL,'7','2016-01-14 07:44:34',185),(3885,NULL,'LabR','Std0','0063','0000010b',40.671627,77.44709,6.80371,NULL,'2016-01-13T13:51:31:239+3',NULL,NULL,'7','2016-01-14 07:44:34',185),(3886,NULL,'LabR','Std0','0064','000000a8',39.681625,76.457092,6.80371,NULL,'2016-01-13T13:51:31:239+3',NULL,NULL,'7','2016-01-14 07:44:34',185),(3887,NULL,'LabR','Std0','0065','000000a9',39.691624,76.467094,6.80371,NULL,'2016-01-13T13:51:31:239+3',NULL,NULL,'7','2016-01-14 07:44:34',185),(3888,NULL,'LabR','Std0','0066','000000aa',39.701626,76.477089,6.80371,NULL,'2016-01-13T13:51:31:239+3',NULL,NULL,'7','2016-01-14 07:44:35',185),(3889,NULL,'LabR','Std0','0067','000000ab',39.711624,76.487091,6.80371,NULL,'2016-01-13T13:51:31:239+3',NULL,NULL,'7','2016-01-14 07:44:35',185),(3890,NULL,'LabR','Std0','0068','000000ac',39.721626,76.497093,6.80371,NULL,'2016-01-13T13:51:31:239+3',NULL,NULL,'7','2016-01-14 07:44:35',185),(3891,NULL,'LabR','Std0','0069','000000ad',39.731625,76.507095,6.80371,NULL,'2016-01-13T13:51:31:239+3',NULL,NULL,'7','2016-01-14 07:44:35',185),(3892,NULL,'LabR','Std0','006a','000000ae',39.741627,76.51709,6.80371,NULL,'2016-01-13T13:51:31:239+3',NULL,NULL,'7','2016-01-14 07:44:35',185),(3893,NULL,'LabR','Std0','006b','000000af',39.751625,76.527092,6.80371,NULL,'2016-01-13T13:51:31:239+3',NULL,NULL,'7','2016-01-14 07:44:35',185),(3894,NULL,'LabR','Std0','006c','000000b0',39.761627,76.537094,6.80371,NULL,'2016-01-13T13:51:31:239+3',NULL,NULL,'7','2016-01-14 07:44:35',185),(3895,NULL,'LabR','Std0','006d','000000b1',39.771626,76.547089,6.80371,NULL,'2016-01-13T13:51:31:239+3',NULL,NULL,'7','2016-01-14 07:44:35',185),(3896,NULL,'LabR','Std0','006e','000000b2',39.781624,76.557091,6.80371,NULL,'2016-01-13T13:51:31:239+3',NULL,NULL,'7','2016-01-14 07:44:35',185),(3897,NULL,'LabR','Std0','006f','000000b3',39.791626,76.567093,6.80371,NULL,'2016-01-13T13:51:31:239+3',NULL,NULL,'7','2016-01-14 07:44:35',185),(3898,NULL,'LabR','Std0','0070','000000b4',39.801624,76.577095,6.80371,NULL,'2016-01-13T13:51:31:239+3',NULL,NULL,'7','2016-01-14 07:44:36',185),(3899,NULL,'LabR','Std0','0071','000000b5',39.811626,76.58709,6.80371,NULL,'2016-01-13T13:51:31:239+3',NULL,NULL,'7','2016-01-14 07:44:36',185),(3900,NULL,'LabR','Std0','0072','000000b6',39.821625,76.597092,6.80371,NULL,'2016-01-13T13:51:31:239+3',NULL,NULL,'7','2016-01-14 07:44:36',185),(3901,NULL,'LabR','Std0','0073','000000b7',39.831627,76.607094,6.80371,NULL,'2016-01-13T13:51:31:239+3',NULL,NULL,'7','2016-01-14 07:44:36',185),(3902,NULL,'LabR','Std0','0074','000000b8',39.841625,76.617096,6.80371,NULL,'2016-01-13T13:51:31:239+3',NULL,NULL,'7','2016-01-14 07:44:36',185),(3903,NULL,'LabR','Std0','0075','000000b9',39.851624,76.62709,6.80371,NULL,'2016-01-13T13:51:31:239+3',NULL,NULL,'7','2016-01-14 07:44:36',185),(3904,NULL,'LabR','Std0','0076','000000ba',39.861626,76.637093,6.80371,NULL,'2016-01-13T13:51:31:239+3',NULL,NULL,'7','2016-01-14 07:44:36',185),(3905,NULL,'LabR','Std0','0077','000000bb',39.871624,76.647095,6.80371,NULL,'2016-01-13T13:51:31:239+3',NULL,NULL,'7','2016-01-14 07:44:36',185),(3906,NULL,'LabR','Std0','0078','000000bc',39.881626,76.657089,6.80371,NULL,'2016-01-13T13:51:31:239+3',NULL,NULL,'7','2016-01-14 07:44:36',185),(3907,NULL,'LabR','Std0','0079','000000bd',39.891624,76.667091,6.80371,NULL,'2016-01-13T13:51:31:239+3',NULL,NULL,'7','2016-01-14 07:44:36',185),(3908,NULL,'LabR','Std0','007a','000000be',39.901627,76.677094,6.80371,NULL,'2016-01-13T13:51:31:239+3',NULL,NULL,'7','2016-01-14 07:44:37',185),(3909,NULL,'LabR','Std0','007b','000000bf',39.911625,76.687096,6.80371,NULL,'2016-01-13T13:51:31:239+3',NULL,NULL,'7','2016-01-14 07:44:37',185),(3910,NULL,'LabR','Std0','007c','000000c0',39.921627,76.69709,6.80371,NULL,'2016-01-13T13:51:31:239+3',NULL,NULL,'7','2016-01-14 07:44:37',185),(3911,NULL,'LabR','Std0','007d','000000c1',39.931625,76.707092,6.80371,NULL,'2016-01-13T13:51:31:239+3',NULL,NULL,'7','2016-01-14 07:44:37',185),(3912,NULL,'LabR','Std0','007e','000000c2',39.941624,76.717094,6.80371,NULL,'2016-01-13T13:51:31:239+3',NULL,NULL,'7','2016-01-14 07:44:37',185),(3913,NULL,'LabR','Std0','007f','000000c3',39.951626,76.727089,6.80371,NULL,'2016-01-13T13:51:31:239+3',NULL,NULL,'7','2016-01-14 07:44:37',185),(3914,NULL,'LabR','Std0','0080','000000c4',39.961624,76.737091,6.80371,NULL,'2016-01-13T13:51:31:239+3',NULL,NULL,'7','2016-01-14 07:44:37',185),(3915,NULL,'LabR','Std0','0081','000000c5',39.971626,76.747093,6.80371,NULL,'2016-01-13T13:51:31:239+3',NULL,NULL,'7','2016-01-14 07:44:37',185),(3916,NULL,'LabR','Std0','0082','000000c6',39.981625,76.757095,6.80371,NULL,'2016-01-13T13:51:31:239+3',NULL,NULL,'7','2016-01-14 07:44:37',185),(3917,NULL,'LabR','Std0','0083','000000c7',39.991627,76.76709,6.80371,NULL,'2016-01-13T13:51:31:239+3',NULL,NULL,'7','2016-01-14 07:44:37',185),(3918,NULL,'LabR','Std0','0084','000000c8',40.001625,76.777092,6.80371,NULL,'2016-01-13T13:51:31:239+3',NULL,NULL,'7','2016-01-14 07:44:37',185),(3919,NULL,'LabR','Std0','0085','000000c9',40.011627,76.787094,6.80371,NULL,'2016-01-13T13:51:31:239+3',NULL,NULL,'7','2016-01-14 07:44:37',185),(3920,NULL,'LabR','Std0','0086','000000ca',40.021626,76.797089,6.80371,NULL,'2016-01-13T13:51:31:239+3',NULL,NULL,'7','2016-01-14 07:44:37',185),(3921,NULL,'LabR','Std0','0087','000000cb',40.031624,76.807091,6.80371,NULL,'2016-01-13T13:51:31:239+3',NULL,NULL,'7','2016-01-14 07:44:37',185),(3922,NULL,'LabR','Std0','0088','000000cc',40.041626,76.817093,6.80371,NULL,'2016-01-13T13:51:31:239+3',NULL,NULL,'7','2016-01-14 07:44:37',185),(3923,NULL,'LabR','Std0','0089','000000cd',40.051624,76.827095,6.80371,NULL,'2016-01-13T13:51:31:239+3',NULL,NULL,'7','2016-01-14 07:44:37',185),(3924,NULL,'LabR','Std0','008a','000000ce',40.061626,76.83709,6.80371,NULL,'2016-01-13T13:51:31:239+3',NULL,NULL,'7','2016-01-14 07:44:37',185),(3925,NULL,'LabR','Std0','008b','000000cf',40.071625,76.847092,6.80371,NULL,'2016-01-13T13:51:31:239+3',NULL,NULL,'7','2016-01-14 07:44:38',185),(3926,NULL,'LabR','Std0','008c','000000d0',40.081627,76.857094,6.80371,NULL,'2016-01-13T13:51:31:239+3',NULL,NULL,'7','2016-01-14 07:44:38',185),(3927,NULL,'LabR','Std0','008d','000000d1',40.091625,76.867096,6.80371,NULL,'2016-01-13T13:51:31:239+3',NULL,NULL,'7','2016-01-14 07:44:38',185),(3928,NULL,'LabR','Std0','008e','000000d2',40.101624,76.87709,6.80371,NULL,'2016-01-13T13:51:31:239+3',NULL,NULL,'7','2016-01-14 07:44:38',185),(3929,NULL,'LabR','Std0','008f','000000d3',40.111626,76.887093,6.80371,NULL,'2016-01-13T13:51:31:239+3',NULL,NULL,'7','2016-01-14 07:44:38',185),(3930,NULL,'LabR','Std0','0090','000000d4',40.121624,76.897095,6.80371,NULL,'2016-01-13T13:51:31:239+3',NULL,NULL,'7','2016-01-14 07:44:38',185),(3931,NULL,'LabR','Std0','0091','000000d5',40.131626,76.907089,6.80371,NULL,'2016-01-13T13:51:31:239+3',NULL,NULL,'7','2016-01-14 07:44:38',185),(3932,NULL,'LabR','Std0','0092','000000d6',40.141624,76.917091,6.80371,NULL,'2016-01-13T13:51:31:239+3',NULL,NULL,'7','2016-01-14 07:44:38',185),(3933,NULL,'LabR','Std0','0093','000000d7',40.151627,76.927094,6.80371,NULL,'2016-01-13T13:51:31:239+3',NULL,NULL,'7','2016-01-14 07:44:38',185),(3934,NULL,'LabR','Std0','0094','000000d8',40.161625,76.937096,6.80371,NULL,'2016-01-13T13:51:31:239+3',NULL,NULL,'7','2016-01-14 07:44:38',185),(3935,NULL,'LabR','Std0','0095','000000d9',40.171627,76.94709,6.80371,NULL,'2016-01-13T13:51:31:239+3',NULL,NULL,'7','2016-01-14 07:44:38',185),(3936,NULL,'LabR','Std0','0096','000000da',40.181625,76.957092,6.80371,NULL,'2016-01-13T13:51:31:239+3',NULL,NULL,'7','2016-01-14 07:44:38',185),(3937,NULL,'LabR','Std0','0097','000000db',40.191624,76.967094,6.80371,NULL,'2016-01-13T13:51:31:239+3',NULL,NULL,'7','2016-01-14 07:44:38',185),(3938,NULL,'LabR','Std0','0098','000000dc',40.201626,76.977089,6.80371,NULL,'2016-01-13T13:51:31:239+3',NULL,NULL,'7','2016-01-14 07:44:38',185),(3939,NULL,'LabR','Std0','0099','000000dd',40.211624,76.987091,6.80371,NULL,'2016-01-13T13:51:31:239+3',NULL,NULL,'7','2016-01-14 07:44:38',185),(3940,NULL,'LabR','Std0','009a','000000de',40.221626,76.997093,6.80371,NULL,'2016-01-13T13:51:31:239+3',NULL,NULL,'7','2016-01-14 07:44:38',185),(3941,NULL,'LabR','Std0','009b','000000df',40.231625,77.007095,6.80371,NULL,'2016-01-13T13:51:31:239+3',NULL,NULL,'7','2016-01-14 07:44:38',185),(3942,NULL,'LabR','Std0','009c','000000e0',40.241627,77.01709,6.80371,NULL,'2016-01-13T13:51:31:239+3',NULL,NULL,'7','2016-01-14 07:44:39',185),(3943,NULL,'LabR','Std0','009d','000000e1',40.251625,77.027092,6.80371,NULL,'2016-01-13T13:51:31:239+3',NULL,NULL,'7','2016-01-14 07:44:39',185),(3944,NULL,'LabR','Std0','009e','000000e2',40.261627,77.037094,6.80371,NULL,'2016-01-13T13:51:31:239+3',NULL,NULL,'7','2016-01-14 07:44:39',185),(3945,NULL,'LabR','Std0','009f','000000e3',40.271626,77.047089,6.80371,NULL,'2016-01-13T13:51:31:239+3',NULL,NULL,'7','2016-01-14 07:44:39',185),(3946,NULL,'LabR','Std0','00a0','000000e4',40.281624,77.057091,6.80371,NULL,'2016-01-13T13:51:31:239+3',NULL,NULL,'7','2016-01-14 07:44:39',185),(3947,NULL,'LabR','Std0','00a1','000000e5',40.291626,77.067093,6.80371,NULL,'2016-01-13T13:51:31:239+3',NULL,NULL,'7','2016-01-14 07:44:39',185),(3948,NULL,'LabR','Std0','00a2','000000e6',40.301624,77.077095,6.80371,NULL,'2016-01-13T13:51:31:239+3',NULL,NULL,'7','2016-01-14 07:44:39',185),(3949,NULL,'LabR','Std0','00a3','000000e7',40.311626,77.08709,6.80371,NULL,'2016-01-13T13:51:31:239+3',NULL,NULL,'7','2016-01-14 07:44:39',185),(3950,NULL,'LabR','Std0','00a4','000000e8',40.321625,77.097092,6.80371,NULL,'2016-01-13T13:51:31:239+3',NULL,NULL,'7','2016-01-14 07:44:39',185),(3951,NULL,'LabR','Std0','00a5','000000e9',40.331627,77.107094,6.80371,NULL,'2016-01-13T13:51:31:239+3',NULL,NULL,'7','2016-01-14 07:44:39',185),(3952,NULL,'LabR','Std0','00a6','000000ea',40.341625,77.117096,6.80371,NULL,'2016-01-13T13:51:31:239+3',NULL,NULL,'7','2016-01-14 07:44:39',185),(3953,NULL,'LabR','Std0','00a7','000000eb',40.351624,77.12709,6.80371,NULL,'2016-01-13T13:51:31:239+3',NULL,NULL,'7','2016-01-14 07:44:39',185),(3954,NULL,'LabR','Std0','00a8','000000ec',40.361626,77.137093,6.80371,NULL,'2016-01-13T13:51:31:239+3',NULL,NULL,'7','2016-01-14 07:44:39',185),(3955,NULL,'LabR','Std0','00a9','000000ed',40.371624,77.147095,6.80371,NULL,'2016-01-13T13:51:31:239+3',NULL,NULL,'7','2016-01-14 07:44:39',185),(3956,NULL,'LabR','Std0','00aa','000000ee',40.381626,77.157089,6.80371,NULL,'2016-01-13T13:51:31:239+3',NULL,NULL,'7','2016-01-14 07:44:39',185),(3957,NULL,'LabR','Std0','00ab','000000ef',40.391624,77.167091,6.80371,NULL,'2016-01-13T13:51:31:239+3',NULL,NULL,'7','2016-01-14 07:44:39',185),(3958,NULL,'LabR','Std0','00ac','000000f0',40.401627,77.177094,6.80371,NULL,'2016-01-13T13:51:31:239+3',NULL,NULL,'7','2016-01-14 07:44:39',185),(3959,NULL,'LabR','Std0','00ad','000000f1',40.411625,77.187096,6.80371,NULL,'2016-01-13T13:51:31:239+3',NULL,NULL,'7','2016-01-14 07:44:39',185),(3960,NULL,'LabR','Std0','00ae','000000f2',40.421627,77.19709,6.80371,NULL,'2016-01-13T13:51:31:239+3',NULL,NULL,'7','2016-01-14 07:44:40',185),(3961,NULL,'LabR','Std0','00af','000000f3',40.431625,77.207092,6.80371,NULL,'2016-01-13T13:51:31:239+3',NULL,NULL,'7','2016-01-14 07:44:40',185),(3962,NULL,'LabR','Std0','00b0','000000f4',40.441624,77.217094,6.80371,NULL,'2016-01-13T13:51:31:239+3',NULL,NULL,'7','2016-01-14 07:44:40',185),(3963,NULL,'LabR','Std0','00b1','000000f5',40.451626,77.227089,6.80371,NULL,'2016-01-13T13:51:31:239+3',NULL,NULL,'7','2016-01-14 07:44:40',185),(3964,NULL,'LabR','Std0','00b2','000000f6',40.461624,77.237091,6.80371,NULL,'2016-01-13T13:51:31:239+3',NULL,NULL,'7','2016-01-14 07:44:40',185),(3965,NULL,'LabR','Std0','00b3','000000f7',40.471626,77.247093,6.80371,NULL,'2016-01-13T13:51:31:239+3',NULL,NULL,'7','2016-01-14 07:44:40',185),(3966,NULL,'LabR','Std0','00b4','000000f8',40.481625,77.257095,6.80371,NULL,'2016-01-13T13:51:31:239+3',NULL,NULL,'7','2016-01-14 07:44:40',185),(3967,NULL,'LabR','Std0','00b5','000000f9',40.491627,77.26709,6.80371,NULL,'2016-01-13T13:51:31:239+3',NULL,NULL,'7','2016-01-14 07:44:40',185),(3968,NULL,'LabR','Std0','00b6','000000fa',40.501625,77.277092,6.80371,NULL,'2016-01-13T13:51:31:239+3',NULL,NULL,'7','2016-01-14 07:44:40',185),(3969,NULL,'LabR','Std0','00b7','000000fb',40.511627,77.287094,6.80371,NULL,'2016-01-13T13:51:31:239+3',NULL,NULL,'7','2016-01-14 07:44:40',185),(3970,NULL,'LabR','Std0','00b8','000000fc',40.521626,77.297089,6.80371,NULL,'2016-01-13T13:51:31:239+3',NULL,NULL,'7','2016-01-14 07:44:40',185),(3971,NULL,'LabR','Std0','00b9','000000fd',40.531624,77.307091,6.80371,NULL,'2016-01-13T13:51:31:239+3',NULL,NULL,'7','2016-01-14 07:44:40',185),(3972,NULL,'LabR','Std0','00ba','000000fe',40.541626,77.317093,6.80371,NULL,'2016-01-13T13:51:31:239+3',NULL,NULL,'7','2016-01-14 07:44:40',185),(3973,NULL,'LabR','Std0','00bb','000000ff',40.551624,77.327095,6.80371,NULL,'2016-01-13T13:51:31:239+3',NULL,NULL,'7','2016-01-14 07:44:40',185),(3974,NULL,'LabR','Std0','00bc','00000100',40.561626,77.33709,6.80371,NULL,'2016-01-13T13:51:31:239+3',NULL,NULL,'7','2016-01-14 07:44:40',185),(3975,NULL,'LabR','Std0','00bd','00000101',40.571625,77.347092,6.80371,NULL,'2016-01-13T13:51:31:239+3',NULL,NULL,'7','2016-01-14 07:44:40',185),(3976,NULL,'LabR','Std0','00be','00000102',40.581627,77.357094,6.80371,NULL,'2016-01-13T13:51:31:239+3',NULL,NULL,'7','2016-01-14 07:44:40',185),(3977,NULL,'LabR','Std0','00bf','00000103',40.591625,77.367096,6.80371,NULL,'2016-01-13T13:51:31:239+3',NULL,NULL,'7','2016-01-14 07:44:41',185),(3978,NULL,'LabR','Std0','00c0','00000104',40.601624,77.37709,6.80371,NULL,'2016-01-13T13:51:31:239+3',NULL,NULL,'7','2016-01-14 07:44:41',185),(3979,NULL,'LabR','Std0','00c1','00000105',40.611626,77.387093,6.80371,NULL,'2016-01-13T13:51:31:239+3',NULL,NULL,'7','2016-01-14 07:44:41',185),(3980,NULL,'LabR','Std0','00c2','00000106',40.621624,77.397095,6.80371,NULL,'2016-01-13T13:51:31:239+3',NULL,NULL,'7','2016-01-14 07:44:41',185),(3981,NULL,'LabR','Std0','00c3','00000107',40.631626,77.407089,6.80371,NULL,'2016-01-13T13:51:31:239+3',NULL,NULL,'7','2016-01-14 07:44:41',185),(3982,NULL,'LabR','Std0','00c4','00000108',40.641624,77.417091,6.80371,NULL,'2016-01-13T13:51:31:239+3',NULL,NULL,'7','2016-01-14 07:44:41',185),(3983,NULL,'LabR','Std0','00c5','00000109',40.651627,77.427094,6.80371,NULL,'2016-01-13T13:51:31:239+3',NULL,NULL,'7','2016-01-14 07:44:41',185),(3984,NULL,'LabR','Std0','00c6','0000010a',40.661625,77.437096,6.80371,NULL,'2016-01-13T13:51:31:239+3',NULL,NULL,'7','2016-01-14 07:44:41',185),(3985,NULL,'LabR','Std0','00c7','0000010b',40.671627,77.44709,6.80371,NULL,'2016-01-13T13:51:31:239+3',NULL,NULL,'7','2016-01-14 07:44:41',185);
/*!40000 ALTER TABLE `Std0` ENABLE KEYS */;
UNLOCK TABLES;

--
-- Table structure for table `Tag`
--

DROP TABLE IF EXISTS `Tag`;
/*!40101 SET @saved_cs_client     = @@character_set_client */;
/*!40101 SET character_set_client = utf8 */;
CREATE TABLE `Tag` (
  `TagId` varchar(20) COLLATE utf8_unicode_ci NOT NULL,
  `Name` varchar(200) COLLATE utf8_unicode_ci DEFAULT NULL,
  `TagType_id` int(11) NOT NULL,
  PRIMARY KEY (`TagId`),
  KEY `Tag_48f29e72` (`TagType_id`),
  CONSTRAINT `Tag_TagType_id_722090c1_fk_TagType_id` FOREIGN KEY (`TagType_id`) REFERENCES `TagType` (`id`)
) ENGINE=InnoDB DEFAULT CHARSET=utf8 COLLATE=utf8_unicode_ci;
/*!40101 SET character_set_client = @saved_cs_client */;

--
-- Dumping data for table `Tag`
--

LOCK TABLES `Tag` WRITE;
/*!40000 ALTER TABLE `Tag` DISABLE KEYS */;
INSERT INTO `Tag` VALUES ('0000006e','Гульнара',1),('0000006f','Ильсия Хисамовна',1),('00000070','Денис Петров',1),('00000071','Лиля',1),('00000072','Никита Семахин',1),('00000073','Юрий Сариго',1),('00000074','Andrey22',2),('00000075','Иванов Иван',1),('00000a1','Denis',1),('00000a2','Sergey22223232',1),('00000a3','dene',1);
/*!40000 ALTER TABLE `Tag` ENABLE KEYS */;
UNLOCK TABLES;

--
-- Table structure for table `TagFloorOrder`
--

DROP TABLE IF EXISTS `TagFloorOrder`;
/*!40101 SET @saved_cs_client     = @@character_set_client */;
/*!40101 SET character_set_client = utf8 */;
CREATE TABLE `TagFloorOrder` (
  `id` int(11) NOT NULL AUTO_INCREMENT,
  `WriteTime` datetime NOT NULL,
  `Floor_id` int(11) NOT NULL,
  `Tag_id` varchar(20) COLLATE utf8_unicode_ci NOT NULL,
  PRIMARY KEY (`id`),
  KEY `TagFloorOrder_Floor_id_3bd096c0_fk_Floor_id` (`Floor_id`),
  KEY `TagFloorOrder_Tag_id_860fcd17_fk_Tag_TagId` (`Tag_id`),
  CONSTRAINT `TagFloorOrder_Floor_id_3bd096c0_fk_Floor_id` FOREIGN KEY (`Floor_id`) REFERENCES `Floor` (`id`),
  CONSTRAINT `TagFloorOrder_Tag_id_860fcd17_fk_Tag_TagId` FOREIGN KEY (`Tag_id`) REFERENCES `Tag` (`TagId`)
) ENGINE=InnoDB AUTO_INCREMENT=181 DEFAULT CHARSET=utf8 COLLATE=utf8_unicode_ci;
/*!40101 SET character_set_client = @saved_cs_client */;

--
-- Dumping data for table `TagFloorOrder`
--

LOCK TABLES `TagFloorOrder` WRITE;
/*!40000 ALTER TABLE `TagFloorOrder` DISABLE KEYS */;
INSERT INTO `TagFloorOrder` VALUES (136,'2016-04-08 14:22:17',638,'00000a1'),(137,'2016-04-08 14:23:21',639,'00000a1'),(138,'2016-04-08 14:24:03',638,'00000a1'),(139,'2016-04-08 15:49:42',638,'00000a1'),(141,'2016-04-15 10:49:47',513,'00000a2'),(142,'2016-04-15 10:56:54',513,'00000a2'),(143,'2016-04-15 11:20:27',513,'00000a2'),(144,'2016-04-15 11:20:27',513,'00000a2'),(145,'2016-04-15 11:20:28',513,'00000a2'),(146,'2016-04-15 11:20:28',513,'00000a2'),(147,'2016-04-15 11:21:05',513,'00000a2'),(148,'2016-04-18 09:16:57',513,'00000a1'),(149,'2016-04-18 09:21:46',513,'00000a1'),(150,'2016-04-18 09:22:07',638,'00000a1'),(151,'2016-04-18 09:23:25',638,'00000a1'),(152,'2016-04-18 09:23:54',638,'00000a1'),(153,'2016-04-18 09:23:54',638,'00000a1'),(154,'2016-04-18 09:57:17',638,'00000a1'),(155,'2016-04-18 09:57:17',638,'00000a1'),(156,'2016-04-18 09:57:54',638,'00000a1'),(157,'2016-04-18 09:57:54',638,'00000a1'),(158,'2016-04-18 09:58:37',638,'00000a1'),(159,'2016-04-18 09:58:37',638,'00000a1'),(160,'2016-04-22 16:55:04',638,'00000a1'),(162,'2016-04-29 16:15:06',638,'00000a1'),(163,'2016-04-29 16:27:26',638,'00000a1'),(164,'2016-04-29 16:27:26',638,'00000a1'),(165,'2016-04-29 16:33:34',638,'00000a1'),(166,'2016-04-29 17:52:30',638,'00000a1'),(167,'2016-04-29 17:52:30',638,'00000a1'),(168,'2016-04-29 17:54:02',638,'00000a1'),(169,'2016-05-04 10:14:46',639,'00000070'),(170,'2016-05-04 10:14:52',638,'00000070'),(171,'2016-05-04 12:12:22',638,'00000070'),(172,'2016-05-05 11:49:03',639,'00000072'),(173,'2016-05-05 11:50:01',639,'00000072'),(174,'2016-05-05 11:50:12',638,'00000072'),(175,'2016-05-06 10:53:09',638,'00000a1'),(176,'2016-05-06 11:13:39',639,'00000a1'),(177,'2016-05-06 11:16:13',639,'00000a1'),(178,'2016-05-07 12:09:45',638,'00000a1'),(179,'2016-05-12 13:49:27',641,'00000072'),(180,'2016-05-12 13:51:22',641,'00000072');
/*!40000 ALTER TABLE `TagFloorOrder` ENABLE KEYS */;
UNLOCK TABLES;

--
-- Table structure for table `TagGroup`
--

DROP TABLE IF EXISTS `TagGroup`;
/*!40101 SET @saved_cs_client     = @@character_set_client */;
/*!40101 SET character_set_client = utf8 */;
CREATE TABLE `TagGroup` (
  `id` int(11) NOT NULL AUTO_INCREMENT,
  `GroupName` varchar(200) COLLATE utf8_unicode_ci DEFAULT NULL,
  `MeshColor` varchar(50) COLLATE utf8_unicode_ci DEFAULT NULL,
  `CircleColor` varchar(50) COLLATE utf8_unicode_ci DEFAULT NULL,
  `MeshGeometry` longtext COLLATE utf8_unicode_ci,
  `User_id` int(11) NOT NULL,
  PRIMARY KEY (`id`),
  KEY `TagGroup_7789c4eb` (`User_id`),
  CONSTRAINT `TagGroup_User_id_d4df3b8a_fk_auth_user_id` FOREIGN KEY (`User_id`) REFERENCES `auth_user` (`id`)
) ENGINE=InnoDB AUTO_INCREMENT=19 DEFAULT CHARSET=utf8 COLLATE=utf8_unicode_ci;
/*!40101 SET character_set_client = @saved_cs_client */;

--
-- Dumping data for table `TagGroup`
--

LOCK TABLES `TagGroup` WRITE;
/*!40000 ALTER TABLE `TagGroup` DISABLE KEYS */;
INSERT INTO `TagGroup` VALUES (12,'группа 1','FF321F','FF8360','{\"type\": \"box\", \"parameters\": [{\"name\": \"width\", \"value\": 0.3}, {\"name\": \"heigth\", \"value\": 0.3}, {\"name\": \"depth\", \"value\": 0.3}]}',1),(13,'Группа 2','4EFF36','AFFFAA','{\"type\": \"sphere\", \"parameters\": [{\"name\": \"radius\", \"value\": 0.5}, {\"name\": \"widthsegments\", \"value\": 16}, {\"name\": \"heigthsegments\", \"value\": 16}]}',1),(15,'Бюджетный отдел','30FF64','C7FCFF','{\"type\": \"sphere\", \"parameters\": [{\"name\": \"radius\", \"value\": 0.5}, {\"name\": \"widthsegments\", \"value\": 16}, {\"name\": \"heigthsegments\", \"value\": 16}]}',2),(16,'Рабочие','52D1FF','D6FEFF','{\"type\": \"torus\", \"parameters\": [{\"name\": \"radius\", \"value\": 2}, {\"name\": \"tube\", \"value\": 0.3}, {\"name\": \"radialsegments\", \"value\": 16}, {\"name\": \"tubularsegments\", \"value\": 16}]}',2),(17,'Новая группа',NULL,NULL,'{\"type\": \"box\", \"parameters\": [{\"name\": \"width\", \"value\": 0.3}, {\"name\": \"heigth\", \"value\": 0.3}, {\"name\": \"depth\", \"value\": 0.3}]}',2),(18,'Новая группа',NULL,NULL,'{\"type\": \"box\", \"parameters\": [{\"name\": \"width\", \"value\": 0.3}, {\"name\": \"heigth\", \"value\": 0.3}, {\"name\": \"depth\", \"value\": 0.3}]}',1);
/*!40000 ALTER TABLE `TagGroup` ENABLE KEYS */;
UNLOCK TABLES;

--
-- Table structure for table `TagGroup_Tag`
--

DROP TABLE IF EXISTS `TagGroup_Tag`;
/*!40101 SET @saved_cs_client     = @@character_set_client */;
/*!40101 SET character_set_client = utf8 */;
CREATE TABLE `TagGroup_Tag` (
  `id` int(11) NOT NULL AUTO_INCREMENT,
  `Tag_id` varchar(20) COLLATE utf8_unicode_ci NOT NULL,
  `TagGroup_id` int(11) NOT NULL,
  `User_id` int(11) NOT NULL,
  PRIMARY KEY (`id`),
  KEY `TagGroup_Tag_Tag_id_ccbf2052_fk_Tag_TagId` (`Tag_id`),
  KEY `TagGroup_Tag_TagGroup_id_54fec1ce_fk_TagGroup_id` (`TagGroup_id`),
  KEY `TagGroup_Tag_7789c4eb` (`User_id`),
  CONSTRAINT `TagGroup_Tag_TagGroup_id_54fec1ce_fk_TagGroup_id` FOREIGN KEY (`TagGroup_id`) REFERENCES `TagGroup` (`id`),
  CONSTRAINT `TagGroup_Tag_Tag_id_ccbf2052_fk_Tag_TagId` FOREIGN KEY (`Tag_id`) REFERENCES `Tag` (`TagId`),
  CONSTRAINT `TagGroup_Tag_User_id_8a15d83a_fk_auth_user_id` FOREIGN KEY (`User_id`) REFERENCES `auth_user` (`id`)
) ENGINE=InnoDB AUTO_INCREMENT=24 DEFAULT CHARSET=utf8 COLLATE=utf8_unicode_ci;
/*!40101 SET character_set_client = @saved_cs_client */;

--
-- Dumping data for table `TagGroup_Tag`
--

LOCK TABLES `TagGroup_Tag` WRITE;
/*!40000 ALTER TABLE `TagGroup_Tag` DISABLE KEYS */;
INSERT INTO `TagGroup_Tag` VALUES (16,'00000074',12,1),(17,'00000075',13,1),(20,'00000a1',15,2),(21,'00000075',15,2),(22,'00000a2',16,2),(23,'00000a3',16,2);
/*!40000 ALTER TABLE `TagGroup_Tag` ENABLE KEYS */;
UNLOCK TABLES;

--
-- Table structure for table `TagKabinetOrder`
--

DROP TABLE IF EXISTS `TagKabinetOrder`;
/*!40101 SET @saved_cs_client     = @@character_set_client */;
/*!40101 SET character_set_client = utf8 */;
CREATE TABLE `TagKabinetOrder` (
  `id` int(11) NOT NULL AUTO_INCREMENT,
  `WriteTime` datetime NOT NULL,
  `Kabinet_n_Outer_id` int(11) NOT NULL,
  `Tag_id` varchar(20) COLLATE utf8_unicode_ci NOT NULL,
  PRIMARY KEY (`id`),
  KEY `TagKabinetOrde_Kabinet_n_Outer_id_c89516ca_fk_Kabinet_n_Outer_id` (`Kabinet_n_Outer_id`),
  KEY `TagKabinetOrder_Tag_id_f3c38f7d_fk_Tag_TagId` (`Tag_id`),
  CONSTRAINT `TagKabinetOrder_Tag_id_f3c38f7d_fk_Tag_TagId` FOREIGN KEY (`Tag_id`) REFERENCES `Tag` (`TagId`),
  CONSTRAINT `TagKabinetOrde_Kabinet_n_Outer_id_c89516ca_fk_Kabinet_n_Outer_id` FOREIGN KEY (`Kabinet_n_Outer_id`) REFERENCES `Kabinet_n_Outer` (`id`)
) ENGINE=InnoDB AUTO_INCREMENT=587 DEFAULT CHARSET=utf8 COLLATE=utf8_unicode_ci;
/*!40101 SET character_set_client = @saved_cs_client */;

--
-- Dumping data for table `TagKabinetOrder`
--

LOCK TABLES `TagKabinetOrder` WRITE;
/*!40000 ALTER TABLE `TagKabinetOrder` DISABLE KEYS */;
INSERT INTO `TagKabinetOrder` VALUES (23,'2016-04-08 14:26:40',1115,'00000a1'),(24,'2016-04-08 14:27:18',1117,'00000a1'),(25,'2016-04-08 14:28:26',1115,'00000074'),(26,'2016-04-08 14:30:37',1115,'00000074'),(27,'2016-04-08 14:38:33',1117,'00000a1'),(28,'2016-04-08 14:38:47',1115,'00000074'),(29,'2016-04-08 14:38:48',1115,'00000a1'),(30,'2016-04-08 14:38:55',1117,'00000a1'),(31,'2016-04-08 14:39:56',1115,'00000a1'),(32,'2016-04-08 14:44:08',1115,'00000074'),(33,'2016-04-08 14:46:21',1115,'00000a1'),(34,'2016-04-08 14:46:24',1115,'00000074'),(35,'2016-04-08 14:47:50',1115,'00000a1'),(36,'2016-04-08 14:47:51',1115,'00000074'),(37,'2016-04-08 14:49:18',1115,'00000a1'),(38,'2016-04-08 14:49:19',1115,'00000074'),(39,'2016-04-08 14:59:33',1115,'00000074'),(40,'2016-04-08 15:09:34',1115,'00000074'),(41,'2016-04-08 15:09:34',1115,'00000a1'),(42,'2016-04-08 15:11:40',1115,'00000074'),(43,'2016-04-08 15:28:30',1115,'00000074'),(44,'2016-04-08 15:30:42',1115,'00000a1'),(45,'2016-04-08 15:30:48',1115,'00000074'),(46,'2016-04-08 15:32:30',1115,'00000074'),(47,'2016-04-08 15:32:48',1115,'00000a1'),(48,'2016-04-08 15:34:45',1115,'00000a1'),(49,'2016-04-08 15:34:45',1115,'00000074'),(50,'2016-04-08 15:36:46',1115,'00000074'),(51,'2016-04-08 15:36:59',1115,'00000a1'),(52,'2016-04-08 15:37:25',1115,'00000074'),(53,'2016-04-08 15:38:36',1115,'00000a1'),(54,'2016-04-08 15:42:43',1115,'00000074'),(55,'2016-04-08 15:46:39',1115,'00000074'),(56,'2016-04-08 15:47:08',1115,'00000074'),(57,'2016-04-08 15:48:37',1115,'00000a1'),(58,'2016-04-08 15:48:52',1115,'00000074'),(59,'2016-04-08 15:51:22',1115,'00000a1'),(60,'2016-04-08 16:02:52',1115,'00000a1'),(61,'2016-04-08 16:03:07',1115,'00000a2'),(62,'2016-04-08 16:07:41',1115,'00000074'),(63,'2016-04-08 16:18:29',1115,'00000a1'),(64,'2016-04-08 16:22:48',1115,'00000074'),(65,'2016-04-08 16:23:35',1115,'00000074'),(66,'2016-04-08 16:41:01',1115,'00000074'),(67,'2016-04-08 16:42:50',1115,'00000074'),(68,'2016-04-08 16:47:48',1115,'00000a1'),(69,'2016-04-08 16:47:49',1115,'00000074'),(70,'2016-04-08 16:47:50',1115,'00000a1'),(71,'2016-04-08 16:47:50',1115,'00000a2'),(72,'2016-04-08 16:47:50',1115,'00000074'),(73,'2016-04-08 16:47:50',1115,'00000a1'),(74,'2016-04-08 16:47:51',1115,'00000a2'),(75,'2016-04-08 16:47:51',1115,'00000a2'),(76,'2016-04-08 16:47:51',1115,'00000a2'),(77,'2016-04-08 16:50:52',1115,'00000a2'),(78,'2016-04-08 16:50:53',1115,'00000a1'),(79,'2016-04-08 16:50:53',1115,'00000a2'),(80,'2016-04-08 16:50:54',1115,'00000a1'),(81,'2016-04-08 16:50:55',1115,'00000a2'),(82,'2016-04-08 16:50:55',1115,'00000a1'),(83,'2016-04-08 16:50:55',1115,'00000074'),(84,'2016-04-08 16:52:20',1115,'00000a2'),(85,'2016-04-08 16:52:20',1115,'00000a1'),(86,'2016-04-08 16:52:20',1115,'00000a2'),(87,'2016-04-08 16:52:20',1115,'00000a2'),(88,'2016-04-08 16:52:20',1115,'00000a1'),(89,'2016-04-08 16:52:20',1115,'00000a1'),(90,'2016-04-08 16:52:38',1115,'00000074'),(91,'2016-04-08 16:53:54',1115,'00000074'),(92,'2016-04-08 17:02:43',1115,'00000a1'),(93,'2016-04-08 17:02:45',1115,'00000a2'),(94,'2016-04-08 17:02:45',1115,'00000a2'),(95,'2016-04-08 17:02:45',1115,'00000a1'),(96,'2016-04-08 17:02:45',1115,'00000a2'),(97,'2016-04-08 17:02:45',1115,'00000074'),(98,'2016-04-08 17:04:21',1115,'00000a1'),(99,'2016-04-08 17:04:21',1115,'00000074'),(100,'2016-04-08 17:04:22',1115,'00000a2'),(101,'2016-04-08 17:04:22',1115,'00000a2'),(102,'2016-04-08 17:05:33',1115,'00000a2'),(103,'2016-04-08 17:05:33',1115,'00000074'),(104,'2016-04-08 17:05:33',1115,'00000a2'),(105,'2016-04-08 17:05:33',1115,'00000a1'),(106,'2016-04-08 17:05:33',1115,'00000a1'),(107,'2016-04-08 17:17:10',1115,'00000a2'),(108,'2016-04-08 17:17:10',1115,'00000a2'),(109,'2016-04-08 17:17:10',1115,'00000a1'),(110,'2016-04-08 17:17:10',1115,'00000a1'),(111,'2016-04-08 17:23:22',1115,'00000a1'),(112,'2016-04-08 17:23:22',1115,'00000a2'),(113,'2016-04-08 17:23:22',1115,'00000a2'),(114,'2016-04-08 17:28:47',1115,'00000a1'),(115,'2016-04-08 17:28:47',1115,'00000a2'),(116,'2016-04-08 17:28:47',1115,'00000a2'),(117,'2016-04-08 17:30:13',1115,'00000a2'),(118,'2016-04-08 17:30:13',1115,'00000a1'),(119,'2016-04-08 17:30:13',1115,'00000a2'),(436,'2016-04-18 09:22:42',1115,'00000a1'),(445,'2016-04-18 10:16:05',1115,'00000074'),(461,'2016-04-22 17:00:05',1115,'00000a1'),(474,'2016-05-04 08:33:59',1115,'0000006e'),(475,'2016-05-04 08:36:11',1115,'00000070'),(476,'2016-05-04 08:38:04',1115,'00000073'),(477,'2016-05-04 08:39:43',1115,'00000071'),(478,'2016-05-04 08:42:54',1117,'00000070'),(479,'2016-05-04 08:43:51',1129,'00000070'),(480,'2016-05-04 08:44:31',1117,'00000070'),(481,'2016-05-04 08:44:41',1129,'00000070'),(482,'2016-05-04 08:44:48',1117,'00000070'),(483,'2016-05-04 08:45:25',1129,'00000070'),(484,'2016-05-04 08:45:45',1117,'00000070'),(485,'2016-05-04 08:46:35',1129,'00000070'),(486,'2016-05-04 08:47:50',1117,'00000070'),(487,'2016-05-04 08:49:10',1115,'00000070'),(488,'2016-05-04 09:10:54',1115,'00000073'),(489,'2016-05-04 09:36:01',1115,'00000070'),(490,'2016-05-04 09:36:05',1115,'00000073'),(491,'2016-05-04 09:46:06',1117,'00000071'),(492,'2016-05-04 09:46:39',1115,'00000071'),(493,'2016-05-04 09:58:26',1117,'00000070'),(494,'2016-05-04 09:59:31',1115,'00000070'),(495,'2016-05-04 10:10:41',1117,'00000070'),(496,'2016-05-04 10:15:05',1117,'00000070'),(497,'2016-05-04 10:15:28',1115,'00000070'),(498,'2016-05-04 10:17:14',1117,'00000070'),(499,'2016-05-04 10:17:27',1115,'00000070'),(500,'2016-05-04 10:19:25',1117,'00000070'),(501,'2016-05-04 10:20:13',1115,'00000070'),(502,'2016-05-04 10:21:23',1117,'00000070'),(503,'2016-05-04 10:22:11',1115,'00000070'),(504,'2016-05-04 10:22:19',1117,'00000070'),(505,'2016-05-04 10:22:29',1115,'00000070'),(506,'2016-05-04 10:22:38',1117,'00000070'),(507,'2016-05-04 10:23:56',1115,'00000070'),(508,'2016-05-04 10:26:28',1115,'0000006e'),(509,'2016-05-04 10:26:51',1117,'00000070'),(510,'2016-05-04 10:27:14',1115,'00000070'),(511,'2016-05-04 11:03:28',1117,'00000070'),(512,'2016-05-04 11:04:25',1117,'00000072'),(513,'2016-05-04 11:04:39',1115,'00000072'),(514,'2016-05-04 11:04:42',1115,'00000070'),(515,'2016-05-04 11:08:26',1115,'0000006e'),(516,'2016-05-04 11:44:45',1117,'00000070'),(517,'2016-05-04 11:45:32',1129,'00000070'),(518,'2016-05-04 11:45:41',1117,'00000070'),(519,'2016-05-04 11:46:17',1115,'00000070'),(520,'2016-05-04 11:50:55',1115,'0000006f'),(521,'2016-05-04 12:07:22',1115,'00000073'),(522,'2016-05-04 12:11:42',1117,'00000070'),(523,'2016-05-04 12:12:40',1133,'00000070'),(524,'2016-05-04 12:37:59',1117,'00000072'),(525,'2016-05-04 12:38:22',1115,'00000072'),(526,'2016-05-04 12:46:34',1115,'0000006e'),(527,'2016-05-04 13:06:07',1115,'00000073'),(528,'2016-05-04 13:10:50',1115,'00000070'),(529,'2016-05-05 10:54:15',1115,'00000072'),(530,'2016-05-05 11:00:37',1115,'00000070'),(531,'2016-05-05 11:13:19',1115,'00000070'),(532,'2016-05-05 11:13:20',1115,'00000072'),(533,'2016-05-05 11:14:04',1115,'00000070'),(534,'2016-05-05 11:14:04',1115,'00000072'),(535,'2016-05-05 11:20:07',1115,'00000070'),(536,'2016-05-05 11:20:07',1115,'00000072'),(537,'2016-05-05 11:21:21',1117,'00000070'),(538,'2016-05-05 11:22:32',1115,'00000070'),(539,'2016-05-05 11:23:56',1115,'00000070'),(540,'2016-05-05 11:23:56',1115,'00000072'),(541,'2016-05-05 11:25:49',1115,'00000070'),(542,'2016-05-05 11:25:49',1115,'00000072'),(543,'2016-05-05 11:29:20',1115,'00000072'),(544,'2016-05-05 11:29:20',1115,'00000070'),(545,'2016-05-05 11:31:40',1115,'00000070'),(546,'2016-05-05 11:31:40',1115,'00000072'),(547,'2016-05-05 11:33:30',1115,'00000070'),(548,'2016-05-05 11:33:30',1115,'00000072'),(549,'2016-05-05 11:47:26',1115,'00000072'),(550,'2016-05-05 11:48:12',1117,'00000072'),(551,'2016-05-05 11:53:38',1115,'00000070'),(552,'2016-05-05 11:55:49',1115,'00000072'),(553,'2016-05-06 11:02:59',1115,'00000a1'),(554,'2016-05-06 11:04:01',1137,'00000a1'),(555,'2016-05-06 11:14:06',1135,'00000a1'),(556,'2016-05-06 11:16:43',1135,'00000a1'),(557,'2016-05-06 11:17:27',1137,'00000a1'),(558,'2016-05-06 11:17:56',1135,'00000a1'),(559,'2016-05-07 12:10:29',1115,'00000070'),(560,'2016-05-07 12:18:31',1117,'00000070'),(561,'2016-05-07 12:18:53',1115,'00000070'),(562,'2016-05-07 12:31:19',1117,'00000070'),(563,'2016-05-07 12:32:49',1115,'00000070'),(564,'2016-05-07 12:44:43',1117,'00000070'),(565,'2016-05-07 12:45:04',1133,'00000070'),(566,'2016-05-07 12:45:35',1117,'00000070'),(567,'2016-05-07 12:46:39',1131,'00000070'),(568,'2016-05-07 12:47:31',1117,'00000070'),(569,'2016-05-07 12:48:14',1115,'00000070'),(570,'2016-05-12 13:27:22',1138,'00000072'),(571,'2016-05-12 13:28:54',1138,'00000072'),(572,'2016-05-12 13:29:20',1138,'00000072'),(573,'2016-05-12 13:50:46',1140,'00000072'),(574,'2016-05-12 13:55:00',1140,'00000072'),(575,'2016-05-12 13:55:22',1138,'00000072'),(576,'2016-05-12 13:58:41',1138,'00000072'),(577,'2016-05-12 15:28:40',1138,'00000072'),(578,'2016-05-12 15:57:09',1138,'00000072'),(579,'2016-05-13 17:04:08',1138,'00000072'),(580,'2016-05-13 17:18:06',1138,'00000072'),(581,'2016-05-14 10:47:01',1138,'00000072'),(582,'2016-05-14 10:50:47',1138,'00000072'),(583,'2016-05-14 10:52:14',1138,'00000072'),(584,'2016-05-14 10:54:14',1138,'00000072'),(585,'2016-05-14 10:58:18',1138,'00000072'),(586,'2016-05-14 10:59:28',1138,'0000006f');
/*!40000 ALTER TABLE `TagKabinetOrder` ENABLE KEYS */;
UNLOCK TABLES;

--
-- Table structure for table `TagNoUzone`
--

DROP TABLE IF EXISTS `TagNoUzone`;
/*!40101 SET @saved_cs_client     = @@character_set_client */;
/*!40101 SET character_set_client = utf8 */;
CREATE TABLE `TagNoUzone` (
  `id` int(11) NOT NULL AUTO_INCREMENT,
  `WriteTime` datetime NOT NULL,
  `Tag_id` varchar(20) COLLATE utf8_unicode_ci NOT NULL,
  `User_id` int(11) NOT NULL,
  `LoadLandscape_id` varchar(20) COLLATE utf8_unicode_ci NOT NULL,
  PRIMARY KEY (`id`),
  KEY `TagNoUzone_Tag_id_5e5d529c_fk_Tag_TagId` (`Tag_id`),
  KEY `TagNoUzone_User_id_0a1b5b1d_fk_auth_user_id` (`User_id`),
  KEY `TagNoUzone_5813e371` (`LoadLandscape_id`),
  CONSTRAINT `TagNoUzone_Tag_id_5e5d529c_fk_Tag_TagId` FOREIGN KEY (`Tag_id`) REFERENCES `Tag` (`TagId`),
  CONSTRAINT `TagNoUzone_User_id_0a1b5b1d_fk_auth_user_id` FOREIGN KEY (`User_id`) REFERENCES `auth_user` (`id`),
  CONSTRAINT `TagNoUzo_LoadLandscape_id_17a1ef77_fk_LoadLandscape_landscape_id` FOREIGN KEY (`LoadLandscape_id`) REFERENCES `LoadLandscape` (`landscape_id`)
) ENGINE=InnoDB AUTO_INCREMENT=109 DEFAULT CHARSET=utf8 COLLATE=utf8_unicode_ci;
/*!40101 SET character_set_client = @saved_cs_client */;

--
-- Dumping data for table `TagNoUzone`
--

LOCK TABLES `TagNoUzone` WRITE;
/*!40000 ALTER TABLE `TagNoUzone` DISABLE KEYS */;
INSERT INTO `TagNoUzone` VALUES (1,'2016-04-08 15:49:25','00000a1',1,'0000'),(2,'2016-04-08 15:49:30','00000a1',2,'0000'),(3,'2016-04-08 15:52:45','00000a1',1,'0000'),(4,'2016-04-08 16:36:12','00000a2',1,'0000'),(5,'2016-04-08 17:20:15','00000a2',1,'0000'),(6,'2016-04-08 17:25:42','00000a2',1,'0000'),(67,'2016-04-18 09:23:11','00000a1',2,'0000'),(68,'2016-04-18 09:23:13','00000a1',1,'0000'),(70,'2016-05-04 08:27:31','0000006e',1,'0000'),(71,'2016-05-04 08:29:19','0000006e',1,'0000'),(72,'2016-05-04 08:42:58','00000070',2,'0000'),(73,'2016-05-04 08:43:07','00000070',1,'0000'),(74,'2016-05-04 08:57:07','00000072',1,'0000'),(75,'2016-05-04 09:36:58','00000073',2,'0000'),(76,'2016-05-04 09:54:16','00000072',1,'0000'),(77,'2016-05-04 09:57:24','00000072',1,'0000'),(78,'2016-05-04 09:58:42','00000070',2,'0000'),(79,'2016-05-04 09:58:49','00000070',1,'0000'),(80,'2016-05-04 10:10:56','00000070',1,'0000'),(81,'2016-05-04 10:10:58','00000070',2,'0000'),(82,'2016-05-04 10:16:33','00000070',2,'0000'),(83,'2016-05-04 10:16:43','00000070',1,'0000'),(84,'2016-05-04 10:22:56','00000070',2,'0000'),(85,'2016-05-04 10:23:52','00000070',1,'0000'),(86,'2016-05-04 10:30:31','00000073',2,'0000'),(87,'2016-05-04 11:03:37','00000072',1,'0000'),(88,'2016-05-04 11:03:39','00000070',2,'0000'),(89,'2016-05-04 11:03:43','00000072',2,'0000'),(90,'2016-05-04 11:03:45','00000070',1,'0000'),(91,'2016-05-04 11:45:06','00000070',2,'0000'),(92,'2016-05-04 11:45:09','00000070',1,'0000'),(93,'2016-05-04 12:11:48','00000070',2,'0000'),(94,'2016-05-04 12:12:03','00000070',1,'0000'),(95,'2016-05-04 12:38:03','00000072',2,'0000'),(96,'2016-05-05 11:21:22','00000070',1,'0000'),(97,'2016-05-05 11:21:22','00000070',2,'0000'),(98,'2016-05-05 11:48:19','00000072',2,'0000'),(99,'2016-05-05 11:48:36','00000072',1,'0000'),(100,'2016-05-06 11:03:52','00000a1',1,'0000'),(101,'2016-05-06 11:03:52','00000a1',2,'0000'),(102,'2016-05-07 12:18:24','00000070',1,'0000'),(103,'2016-05-07 12:18:28','00000070',2,'0000'),(104,'2016-05-07 12:31:05','00000070',2,'0000'),(105,'2016-05-07 12:31:14','00000070',1,'0000'),(106,'2016-05-07 12:45:01','00000070',1,'0000'),(107,'2016-05-07 12:45:04','00000070',2,'0000'),(108,'2016-05-13 17:05:59','00000072',1,'0004');
/*!40000 ALTER TABLE `TagNoUzone` ENABLE KEYS */;
UNLOCK TABLES;

--
-- Table structure for table `TagNode`
--

DROP TABLE IF EXISTS `TagNode`;
/*!40101 SET @saved_cs_client     = @@character_set_client */;
/*!40101 SET character_set_client = utf8 */;
CREATE TABLE `TagNode` (
  `id` int(11) NOT NULL AUTO_INCREMENT,
  `Node_id` int(11) NOT NULL,
  `Tag_id` varchar(20) COLLATE utf8_unicode_ci NOT NULL,
  PRIMARY KEY (`id`),
  KEY `TagNode_Node_id_196012ba_fk_Node_id` (`Node_id`),
  KEY `TagNode_Tag_id_4ba212fe_fk_Tag_TagId` (`Tag_id`),
  CONSTRAINT `TagNode_Tag_id_4ba212fe_fk_Tag_TagId` FOREIGN KEY (`Tag_id`) REFERENCES `Tag` (`TagId`),
  CONSTRAINT `TagNode_Node_id_196012ba_fk_Node_id` FOREIGN KEY (`Node_id`) REFERENCES `Node` (`id`)
) ENGINE=InnoDB AUTO_INCREMENT=3 DEFAULT CHARSET=utf8 COLLATE=utf8_unicode_ci;
/*!40101 SET character_set_client = @saved_cs_client */;

--
-- Dumping data for table `TagNode`
--

LOCK TABLES `TagNode` WRITE;
/*!40000 ALTER TABLE `TagNode` DISABLE KEYS */;
INSERT INTO `TagNode` VALUES (1,3,'00000072');
/*!40000 ALTER TABLE `TagNode` ENABLE KEYS */;
UNLOCK TABLES;

--
-- Table structure for table `TagOutOfBuilding`
--

DROP TABLE IF EXISTS `TagOutOfBuilding`;
/*!40101 SET @saved_cs_client     = @@character_set_client */;
/*!40101 SET character_set_client = utf8 */;
CREATE TABLE `TagOutOfBuilding` (
  `id` int(11) NOT NULL AUTO_INCREMENT,
  `WriteTime` datetime NOT NULL,
  `Tag_id` varchar(20) COLLATE utf8_unicode_ci NOT NULL,
  `LoadLandscape_id` varchar(20) COLLATE utf8_unicode_ci NOT NULL,
  PRIMARY KEY (`id`),
  KEY `TagOutOfBuilding_Tag_id_31bd532e_fk_Tag_TagId` (`Tag_id`),
  KEY `TagOutOfBuilding_5813e371` (`LoadLandscape_id`),
  CONSTRAINT `TagOutOfBuilding_Tag_id_31bd532e_fk_Tag_TagId` FOREIGN KEY (`Tag_id`) REFERENCES `Tag` (`TagId`),
  CONSTRAINT `TagOutOf_LoadLandscape_id_50ed5674_fk_LoadLandscape_landscape_id` FOREIGN KEY (`LoadLandscape_id`) REFERENCES `LoadLandscape` (`landscape_id`)
) ENGINE=InnoDB AUTO_INCREMENT=17 DEFAULT CHARSET=utf8 COLLATE=utf8_unicode_ci;
/*!40101 SET character_set_client = @saved_cs_client */;

--
-- Dumping data for table `TagOutOfBuilding`
--

LOCK TABLES `TagOutOfBuilding` WRITE;
/*!40000 ALTER TABLE `TagOutOfBuilding` DISABLE KEYS */;
INSERT INTO `TagOutOfBuilding` VALUES (8,'2016-04-08 15:37:24','00000a1','0000'),(9,'2016-04-15 11:21:47','00000a2','0003'),(10,'2016-05-06 10:46:06','00000a1','0000'),(11,'2016-05-06 10:52:13','00000a1','0000'),(13,'2016-05-12 13:12:24','00000072','0000'),(14,'2016-05-12 13:14:43','00000072','0000'),(15,'2016-05-12 13:17:17','00000072','0000'),(16,'2016-05-12 13:20:27','00000072','0000');
/*!40000 ALTER TABLE `TagOutOfBuilding` ENABLE KEYS */;
UNLOCK TABLES;

--
-- Table structure for table `TagType`
--

DROP TABLE IF EXISTS `TagType`;
/*!40101 SET @saved_cs_client     = @@character_set_client */;
/*!40101 SET character_set_client = utf8 */;
CREATE TABLE `TagType` (
  `id` int(11) NOT NULL AUTO_INCREMENT,
  `Name` varchar(200) COLLATE utf8_unicode_ci NOT NULL,
  PRIMARY KEY (`id`)
) ENGINE=InnoDB AUTO_INCREMENT=3 DEFAULT CHARSET=utf8 COLLATE=utf8_unicode_ci;
/*!40101 SET character_set_client = @saved_cs_client */;

--
-- Dumping data for table `TagType`
--

LOCK TABLES `TagType` WRITE;
/*!40000 ALTER TABLE `TagType` DISABLE KEYS */;
INSERT INTO `TagType` VALUES (1,'человек'),(2,'товарно-материальная ценность');
/*!40000 ALTER TABLE `TagType` ENABLE KEYS */;
UNLOCK TABLES;

--
-- Table structure for table `TagUzoneUserOrder`
--

DROP TABLE IF EXISTS `TagUzoneUserOrder`;
/*!40101 SET @saved_cs_client     = @@character_set_client */;
/*!40101 SET character_set_client = utf8 */;
CREATE TABLE `TagUzoneUserOrder` (
  `id` int(11) NOT NULL AUTO_INCREMENT,
  `WriteTime` datetime NOT NULL,
  `Tag_id` varchar(20) COLLATE utf8_unicode_ci NOT NULL,
  `User_id` int(11) NOT NULL,
  `UserZone_id` int(11) NOT NULL,
  PRIMARY KEY (`id`),
  KEY `TagUzoneUserOrder_Tag_id_5e95027a_fk_Tag_TagId` (`Tag_id`),
  KEY `TagUzoneUserOrder_User_id_5d6cca28_fk_auth_user_id` (`User_id`),
  KEY `TagUzoneUserOrder_UserZone_id_8b46b94a_fk_UserZone_id` (`UserZone_id`),
  CONSTRAINT `TagUzoneUserOrder_Tag_id_5e95027a_fk_Tag_TagId` FOREIGN KEY (`Tag_id`) REFERENCES `Tag` (`TagId`),
  CONSTRAINT `TagUzoneUserOrder_UserZone_id_8b46b94a_fk_UserZone_id` FOREIGN KEY (`UserZone_id`) REFERENCES `UserZone` (`id`),
  CONSTRAINT `TagUzoneUserOrder_User_id_5d6cca28_fk_auth_user_id` FOREIGN KEY (`User_id`) REFERENCES `auth_user` (`id`)
) ENGINE=InnoDB AUTO_INCREMENT=4821 DEFAULT CHARSET=utf8 COLLATE=utf8_unicode_ci;
/*!40101 SET character_set_client = @saved_cs_client */;

--
-- Dumping data for table `TagUzoneUserOrder`
--

LOCK TABLES `TagUzoneUserOrder` WRITE;
/*!40000 ALTER TABLE `TagUzoneUserOrder` DISABLE KEYS */;
INSERT INTO `TagUzoneUserOrder` VALUES (5,'2016-04-08 14:49:17','00000a1',1,29),(6,'2016-04-08 14:49:17','00000a1',2,33),(7,'2016-04-08 14:49:18','00000074',1,30),(8,'2016-04-08 14:49:18','00000074',2,34),(9,'2016-04-08 14:50:12','00000a1',1,28),(10,'2016-04-08 14:50:59','00000a1',1,29),(11,'2016-04-08 14:51:22','00000a1',1,28),(12,'2016-04-08 14:52:16','00000a1',1,29),(13,'2016-04-08 14:55:48','00000a1',1,22),(14,'2016-04-08 14:59:32','00000074',1,30),(15,'2016-04-08 14:59:32','00000074',2,34),(16,'2016-04-08 15:09:33','00000074',1,30),(17,'2016-04-08 15:09:33','00000074',2,34),(18,'2016-04-08 15:09:33','00000a1',1,22),(19,'2016-04-08 15:09:33','00000a1',2,33),(20,'2016-04-08 15:11:39','00000074',1,30),(21,'2016-04-08 15:11:39','00000074',2,34),(22,'2016-04-08 15:28:29','00000074',1,30),(23,'2016-04-08 15:28:29','00000074',2,34),(24,'2016-04-08 15:30:41','00000a1',1,22),(25,'2016-04-08 15:30:41','00000a1',2,33),(26,'2016-04-08 15:30:47','00000074',1,30),(27,'2016-04-08 15:30:47','00000074',2,34),(28,'2016-04-08 15:32:29','00000074',1,30),(29,'2016-04-08 15:32:29','00000074',2,34),(30,'2016-04-08 15:32:48','00000a1',1,22),(31,'2016-04-08 15:32:48','00000a1',2,33),(32,'2016-04-08 15:34:44','00000a1',1,22),(33,'2016-04-08 15:34:44','00000a1',2,33),(34,'2016-04-08 15:34:44','00000074',1,30),(35,'2016-04-08 15:34:44','00000074',2,34),(36,'2016-04-08 15:36:45','00000074',1,30),(37,'2016-04-08 15:36:45','00000074',2,34),(38,'2016-04-08 15:36:58','00000a1',1,22),(39,'2016-04-08 15:36:58','00000a1',2,33),(40,'2016-04-08 15:37:24','00000074',1,30),(41,'2016-04-08 15:37:24','00000074',2,34),(42,'2016-04-08 15:38:36','00000a1',1,22),(43,'2016-04-08 15:38:36','00000a1',2,33),(44,'2016-04-08 15:42:42','00000074',1,30),(45,'2016-04-08 15:42:42','00000074',2,34),(46,'2016-04-08 15:46:38','00000074',1,30),(47,'2016-04-08 15:46:38','00000074',2,34),(48,'2016-04-08 15:47:07','00000074',1,30),(49,'2016-04-08 15:47:07','00000074',2,34),(50,'2016-04-08 15:48:36','00000a1',1,22),(51,'2016-04-08 15:48:36','00000a1',2,33),(52,'2016-04-08 15:48:51','00000074',1,30),(53,'2016-04-08 15:48:51','00000074',2,34),(54,'2016-04-08 15:49:15','00000a1',1,27),(55,'2016-04-08 15:50:59','00000074',1,30),(56,'2016-04-08 15:50:59','00000074',2,34),(57,'2016-04-08 15:51:13','00000a1',1,27),(58,'2016-04-08 15:51:22','00000a1',2,33),(59,'2016-04-08 15:51:33','00000a1',1,22),(60,'2016-04-08 15:52:35','00000a1',1,27),(61,'2016-04-08 15:53:17','00000a1',1,24),(62,'2016-04-08 15:57:32','00000a1',1,27),(63,'2016-04-08 15:57:37','00000a1',2,34),(64,'2016-04-08 15:57:52','00000a1',1,30),(65,'2016-04-08 16:02:51','00000a1',1,30),(66,'2016-04-08 16:02:51','00000a1',2,34),(67,'2016-04-08 16:02:53','00000a2',1,29),(68,'2016-04-08 16:03:06','00000a2',2,33),(69,'2016-04-08 16:07:40','00000074',1,30),(70,'2016-04-08 16:07:40','00000074',2,34),(71,'2016-04-08 16:18:28','00000a1',1,30),(72,'2016-04-08 16:18:28','00000a1',2,34),(73,'2016-04-08 16:22:47','00000074',1,30),(74,'2016-04-08 16:22:47','00000074',2,34),(75,'2016-04-08 16:23:08','00000a1',1,22),(76,'2016-04-08 16:23:08','00000a1',2,33),(77,'2016-04-08 16:23:34','00000074',1,30),(78,'2016-04-08 16:23:35','00000074',2,34),(79,'2016-04-08 16:41:00','00000074',1,30),(80,'2016-04-08 16:41:00','00000074',2,34),(81,'2016-04-08 16:42:49','00000074',1,30),(82,'2016-04-08 16:42:49','00000074',2,34),(83,'2016-04-08 16:47:35','00000a2',1,29),(84,'2016-04-08 16:47:47','00000a1',1,22),(85,'2016-04-08 16:47:48','00000a1',2,33),(86,'2016-04-08 16:47:49','00000074',1,30),(87,'2016-04-08 16:47:50','00000074',2,34),(88,'2016-04-08 16:47:50','00000a1',1,22),(89,'2016-04-08 16:47:50','00000a1',2,33),(90,'2016-04-08 16:47:50','00000a2',2,33),(91,'2016-04-08 16:47:50','00000074',1,30),(92,'2016-04-08 16:47:50','00000074',2,34),(93,'2016-04-08 16:47:50','00000a1',1,22),(94,'2016-04-08 16:47:51','00000a1',2,33),(95,'2016-04-08 16:47:51','00000a2',2,33),(96,'2016-04-08 16:47:51','00000a2',2,33),(97,'2016-04-08 16:47:51','00000a2',2,33),(98,'2016-04-08 16:50:51','00000a2',2,33),(99,'2016-04-08 16:50:52','00000a1',1,22),(100,'2016-04-08 16:50:52','00000a1',2,33),(101,'2016-04-08 16:50:52','00000a2',2,33),(102,'2016-04-08 16:50:52','00000a1',1,22),(103,'2016-04-08 16:50:52','00000a1',2,33),(104,'2016-04-08 16:50:52','00000a2',2,33),(105,'2016-04-08 16:50:53','00000a1',1,22),(106,'2016-04-08 16:50:55','00000a1',2,33),(107,'2016-04-08 16:50:55','00000074',1,30),(108,'2016-04-08 16:50:56','00000074',2,34),(109,'2016-04-08 16:52:19','00000a2',2,33),(110,'2016-04-08 16:52:19','00000a1',1,22),(111,'2016-04-08 16:52:19','00000a1',2,33),(112,'2016-04-08 16:52:19','00000a2',2,33),(113,'2016-04-08 16:52:19','00000a2',2,33),(114,'2016-04-08 16:52:19','00000a1',1,22),(115,'2016-04-08 16:52:19','00000a1',2,33),(116,'2016-04-08 16:52:19','00000a1',1,22),(117,'2016-04-08 16:52:19','00000a1',2,33),(118,'2016-04-08 16:52:37','00000074',1,30),(119,'2016-04-08 16:52:37','00000074',2,34),(120,'2016-04-08 16:53:53','00000074',1,30),(121,'2016-04-08 16:53:53','00000074',2,34),(122,'2016-04-08 16:55:45','00000a2',1,29),(123,'2016-04-08 16:58:48','00000a2',1,29),(124,'2016-04-08 16:58:48','00000a2',1,29),(125,'2016-04-08 17:02:43','00000a1',1,22),(126,'2016-04-08 17:02:43','00000a1',2,33),(127,'2016-04-08 17:02:44','00000a2',2,33),(128,'2016-04-08 17:02:44','00000a2',2,33),(129,'2016-04-08 17:02:44','00000a1',1,22),(130,'2016-04-08 17:02:44','00000a1',2,33),(131,'2016-04-08 17:02:44','00000a2',2,33),(132,'2016-04-08 17:02:44','00000074',1,30),(133,'2016-04-08 17:02:44','00000074',2,34),(134,'2016-04-08 17:04:20','00000a1',1,22),(135,'2016-04-08 17:04:21','00000a1',2,33),(136,'2016-04-08 17:04:21','00000074',1,30),(137,'2016-04-08 17:04:21','00000074',2,34),(138,'2016-04-08 17:04:21','00000a2',2,33),(139,'2016-04-08 17:04:21','00000a2',2,33),(140,'2016-04-08 17:05:32','00000a2',2,33),(141,'2016-04-08 17:05:32','00000074',1,30),(142,'2016-04-08 17:05:32','00000074',2,34),(143,'2016-04-08 17:05:32','00000a2',2,33),(144,'2016-04-08 17:05:32','00000a1',1,22),(145,'2016-04-08 17:05:32','00000a1',2,33),(146,'2016-04-08 17:05:32','00000a1',1,22),(147,'2016-04-08 17:05:33','00000a1',2,33),(148,'2016-04-08 17:08:13','00000a2',1,29),(149,'2016-04-08 17:08:13','00000a2',1,29),(150,'2016-04-08 17:17:09','00000a2',2,33),(151,'2016-04-08 17:17:09','00000a2',2,33),(152,'2016-04-08 17:17:09','00000a1',1,22),(153,'2016-04-08 17:17:09','00000a1',2,33),(154,'2016-04-08 17:17:09','00000a1',1,22),(155,'2016-04-08 17:17:09','00000a1',2,33),(156,'2016-04-08 17:17:44','00000a2',1,29),(157,'2016-04-08 17:23:21','00000a1',1,22),(158,'2016-04-08 17:23:21','00000a1',2,33),(159,'2016-04-08 17:23:21','00000a2',2,33),(160,'2016-04-08 17:23:21','00000a2',2,33),(161,'2016-04-08 17:25:31','00000a2',1,29),(162,'2016-04-08 17:28:46','00000a1',1,22),(163,'2016-04-08 17:28:46','00000a1',2,33),(164,'2016-04-08 17:28:46','00000a2',2,33),(165,'2016-04-08 17:28:46','00000a2',2,33),(166,'2016-04-08 17:30:12','00000a2',2,33),(167,'2016-04-08 17:30:12','00000a1',1,22),(168,'2016-04-08 17:30:12','00000a1',2,33),(169,'2016-04-08 17:30:12','00000a2',2,33),(170,'2016-04-08 17:30:45','00000a2',1,29),(171,'2016-04-08 17:30:45','00000a2',1,29),(572,'2016-04-15 11:21:38','00000a2',2,33),(573,'2016-04-15 11:21:45','00000a2',1,29),(574,'2016-04-15 11:21:58','00000a2',2,34),(575,'2016-04-15 11:22:05','00000a2',1,30),(722,'2016-04-18 09:22:39','00000a1',2,33),(723,'2016-04-18 09:22:41','00000a1',1,28),(747,'2016-04-18 10:16:04','00000074',1,30),(748,'2016-04-18 10:16:05','00000074',2,34),(829,'2016-04-22 16:59:41','00000a1',2,33),(830,'2016-04-22 16:59:52','00000a1',1,28),(831,'2016-04-22 16:59:59','00000a1',1,29),(1009,'2016-05-04 08:27:13','0000006e',2,33),(1013,'2016-05-04 08:27:22','0000006f',1,27),(1015,'2016-05-04 08:27:38','0000006e',2,34),(1016,'2016-05-04 08:27:39','0000006f',1,22),(1017,'2016-05-04 08:27:46','0000006f',1,27),(1018,'2016-05-04 08:27:53','0000006f',1,22),(1019,'2016-05-04 08:27:58','0000006e',2,33),(1020,'2016-05-04 08:28:00','0000006e',1,22),(1021,'2016-05-04 08:28:00','0000006f',1,27),(1023,'2016-05-04 08:28:07','0000006e',1,30),(1024,'2016-05-04 08:28:10','0000006f',1,22),(1025,'2016-05-04 08:28:17','0000006f',1,27),(1026,'2016-05-04 08:28:20','0000006e',2,34),(1027,'2016-05-04 08:28:29','0000006f',1,22),(1028,'2016-05-04 08:28:36','0000006f',1,27),(1029,'2016-05-04 08:28:40','0000006e',2,33),(1030,'2016-05-04 08:28:43','0000006f',1,22),(1031,'2016-05-04 08:28:46','0000006e',1,22),(1032,'2016-05-04 08:28:54','0000006f',1,27),(1033,'2016-05-04 08:28:58','00000072',1,32),(1034,'2016-05-04 08:29:02','0000006e',2,34),(1035,'2016-05-04 08:29:07','00000072',1,30),(1036,'2016-05-04 08:29:22','0000006e',2,33),(1037,'2016-05-04 08:29:27','0000006f',1,22),(1038,'2016-05-04 08:29:34','0000006f',1,27),(1039,'2016-05-04 08:29:41','0000006f',1,22),(1040,'2016-05-04 08:29:48','0000006f',1,27),(1041,'2016-05-04 08:29:49','0000006e',2,34),(1042,'2016-05-04 08:29:55','0000006f',1,22),(1043,'2016-05-04 08:29:57','00000072',1,32),(1044,'2016-05-04 08:30:02','0000006f',1,27),(1045,'2016-05-04 08:30:09','0000006e',2,33),(1046,'2016-05-04 08:30:13','0000006f',1,22),(1047,'2016-05-04 08:30:20','0000006f',1,27),(1048,'2016-05-04 08:30:27','0000006f',1,22),(1049,'2016-05-04 08:30:30','00000072',1,30),(1050,'2016-05-04 08:30:36','0000006f',1,27),(1051,'2016-05-04 08:30:47','0000006e',2,34),(1052,'2016-05-04 08:30:52','00000072',1,32),(1053,'2016-05-04 08:31:01','0000006f',1,22),(1054,'2016-05-04 08:31:05','00000072',1,30),(1055,'2016-05-04 08:31:08','0000006f',1,27),(1056,'2016-05-04 08:31:19','0000006f',1,22),(1057,'2016-05-04 08:31:26','0000006f',1,27),(1058,'2016-05-04 08:31:38','00000072',1,32),(1059,'2016-05-04 08:31:48','0000006f',1,22),(1060,'2016-05-04 08:31:55','0000006f',1,27),(1061,'2016-05-04 08:31:55','00000072',1,30),(1062,'2016-05-04 08:32:05','00000072',1,32),(1063,'2016-05-04 08:32:10','0000006f',1,22),(1064,'2016-05-04 08:32:20','0000006f',1,27),(1065,'2016-05-04 08:32:25','00000072',1,30),(1066,'2016-05-04 08:32:34','00000072',1,32),(1067,'2016-05-04 08:32:36','0000006f',1,22),(1068,'2016-05-04 08:32:43','0000006f',1,27),(1069,'2016-05-04 08:32:51','0000006f',1,22),(1070,'2016-05-04 08:32:55','00000072',1,30),(1071,'2016-05-04 08:32:58','0000006f',1,27),(1072,'2016-05-04 08:33:02','00000072',1,32),(1073,'2016-05-04 08:33:05','0000006f',1,22),(1074,'2016-05-04 08:33:12','0000006f',1,27),(1075,'2016-05-04 08:33:19','0000006f',1,22),(1076,'2016-05-04 08:33:33','00000072',1,30),(1077,'2016-05-04 08:33:39','0000006f',1,27),(1078,'2016-05-04 08:33:40','00000072',1,32),(1079,'2016-05-04 08:33:47','0000006f',1,22),(1080,'2016-05-04 08:33:54','0000006f',1,27),(1081,'2016-05-04 08:33:58','0000006e',2,34),(1082,'2016-05-04 08:34:01','0000006f',1,22),(1083,'2016-05-04 08:34:08','0000006f',1,27),(1084,'2016-05-04 08:34:15','0000006f',1,22),(1085,'2016-05-04 08:34:22','0000006f',1,27),(1086,'2016-05-04 08:34:26','0000006e',2,33),(1087,'2016-05-04 08:34:29','0000006f',1,22),(1088,'2016-05-04 08:34:36','0000006e',1,22),(1089,'2016-05-04 08:34:37','0000006f',1,27),(1090,'2016-05-04 08:34:38','00000072',1,30),(1091,'2016-05-04 08:34:58','00000072',1,32),(1092,'2016-05-04 08:35:26','00000072',1,30),(1093,'2016-05-04 08:35:36','0000006f',1,22),(1094,'2016-05-04 08:35:43','0000006f',1,27),(1095,'2016-05-04 08:35:46','00000072',1,32),(1096,'2016-05-04 08:35:50','0000006f',1,22),(1097,'2016-05-04 08:36:01','0000006f',1,27),(1098,'2016-05-04 08:36:06','00000072',1,30),(1099,'2016-05-04 08:36:08','0000006f',1,22),(1100,'2016-05-04 08:36:10','00000070',1,30),(1101,'2016-05-04 08:36:10','00000070',2,34),(1102,'2016-05-04 08:36:13','00000072',1,32),(1103,'2016-05-04 08:36:15','0000006f',1,27),(1104,'2016-05-04 08:36:24','0000006f',1,22),(1105,'2016-05-04 08:36:32','0000006f',1,27),(1106,'2016-05-04 08:36:33','00000072',1,30),(1107,'2016-05-04 08:36:33','00000070',1,22),(1108,'2016-05-04 08:36:33','00000070',2,33),(1109,'2016-05-04 08:36:40','00000072',1,32),(1110,'2016-05-04 08:36:48','0000006f',1,22),(1111,'2016-05-04 08:36:53','00000070',1,30),(1112,'2016-05-04 08:36:53','00000070',2,34),(1113,'2016-05-04 08:36:57','0000006f',1,27),(1114,'2016-05-04 08:37:04','0000006f',1,22),(1115,'2016-05-04 08:37:28','0000006f',1,27),(1116,'2016-05-04 08:37:28','00000070',1,22),(1117,'2016-05-04 08:37:28','00000070',2,33),(1118,'2016-05-04 08:37:36','0000006f',1,22),(1119,'2016-05-04 08:37:45','0000006f',1,27),(1120,'2016-05-04 08:37:48','00000072',1,30),(1121,'2016-05-04 08:37:48','00000070',1,30),(1122,'2016-05-04 08:37:48','00000070',2,34),(1123,'2016-05-04 08:37:52','0000006f',1,22),(1124,'2016-05-04 08:37:55','00000072',1,32),(1125,'2016-05-04 08:38:00','0000006f',1,27),(1126,'2016-05-04 08:38:03','00000073',1,22),(1127,'2016-05-04 08:38:03','00000073',2,33),(1128,'2016-05-04 08:38:06','0000006e',1,30),(1129,'2016-05-04 08:38:07','0000006f',1,22),(1130,'2016-05-04 08:38:13','0000006e',1,22),(1131,'2016-05-04 08:38:15','0000006f',1,27),(1132,'2016-05-04 08:38:19','0000006e',2,34),(1133,'2016-05-04 08:38:22','0000006f',1,22),(1134,'2016-05-04 08:38:23','00000073',1,30),(1135,'2016-05-04 08:38:23','00000073',2,34),(1136,'2016-05-04 08:38:31','0000006f',1,27),(1137,'2016-05-04 08:38:36','00000072',1,30),(1138,'2016-05-04 08:38:38','0000006f',1,22),(1139,'2016-05-04 08:38:39','0000006e',2,33),(1140,'2016-05-04 08:38:43','00000072',1,32),(1141,'2016-05-04 08:38:45','0000006f',1,27),(1142,'2016-05-04 08:38:54','0000006f',1,22),(1143,'2016-05-04 08:39:01','0000006f',1,27),(1144,'2016-05-04 08:39:10','0000006f',1,22),(1145,'2016-05-04 08:39:17','0000006f',1,24),(1146,'2016-05-04 08:39:24','0000006f',1,22),(1147,'2016-05-04 08:39:33','0000006f',1,27),(1148,'2016-05-04 08:39:42','0000006f',1,22),(1149,'2016-05-04 08:39:42','00000071',1,30),(1150,'2016-05-04 08:39:42','00000071',2,34),(1151,'2016-05-04 08:39:47','00000072',1,30),(1152,'2016-05-04 08:39:49','0000006f',1,27),(1153,'2016-05-04 08:39:54','00000072',1,32),(1154,'2016-05-04 08:39:59','0000006f',1,22),(1155,'2016-05-04 08:40:06','0000006f',1,27),(1156,'2016-05-04 08:40:13','0000006f',1,22),(1157,'2016-05-04 08:40:20','0000006f',1,27),(1158,'2016-05-04 08:40:28','0000006f',1,22),(1159,'2016-05-04 08:40:35','0000006f',1,27),(1160,'2016-05-04 08:40:44','0000006f',1,22),(1161,'2016-05-04 08:40:44','00000072',1,30),(1162,'2016-05-04 08:40:51','0000006f',1,27),(1163,'2016-05-04 08:40:51','00000072',1,32),(1164,'2016-05-04 08:40:53','0000006e',1,30),(1165,'2016-05-04 08:41:00','0000006f',1,22),(1166,'2016-05-04 08:41:06','0000006e',2,34),(1167,'2016-05-04 08:41:10','00000072',1,30),(1168,'2016-05-04 08:41:13','0000006e',1,22),(1169,'2016-05-04 08:41:17','00000072',1,32),(1170,'2016-05-04 08:41:21','0000006f',1,27),(1171,'2016-05-04 08:41:22','00000070',1,22),(1172,'2016-05-04 08:41:22','00000070',2,33),(1173,'2016-05-04 08:41:26','0000006e',2,33),(1174,'2016-05-04 08:41:29','00000070',1,30),(1175,'2016-05-04 08:41:30','00000072',1,30),(1176,'2016-05-04 08:41:31','0000006f',1,22),(1177,'2016-05-04 08:41:38','0000006f',1,27),(1178,'2016-05-04 08:41:38','00000072',1,32),(1179,'2016-05-04 08:41:42','00000070',2,34),(1180,'2016-05-04 08:41:48','0000006f',1,22),(1181,'2016-05-04 08:41:51','0000006e',1,30),(1182,'2016-05-04 08:41:55','0000006f',1,27),(1183,'2016-05-04 08:41:58','00000072',1,30),(1184,'2016-05-04 08:42:03','0000006f',1,22),(1185,'2016-05-04 08:42:04','0000006e',2,34),(1186,'2016-05-04 08:42:06','00000072',1,32),(1187,'2016-05-04 08:42:10','0000006f',1,27),(1188,'2016-05-04 08:42:11','0000006e',1,22),(1189,'2016-05-04 08:42:18','0000006f',1,22),(1190,'2016-05-04 08:42:24','0000006e',2,33),(1191,'2016-05-04 08:42:25','0000006f',1,27),(1192,'2016-05-04 08:42:37','0000006f',1,22),(1193,'2016-05-04 08:42:37','00000072',1,30),(1194,'2016-05-04 08:42:37','0000006e',1,30),(1195,'2016-05-04 08:42:44','0000006f',1,27),(1196,'2016-05-04 08:42:44','00000072',1,32),(1197,'2016-05-04 08:42:50','0000006e',2,34),(1198,'2016-05-04 08:42:51','0000006f',1,22),(1199,'2016-05-04 08:42:57','0000006e',1,22),(1200,'2016-05-04 08:42:58','0000006f',1,27),(1201,'2016-05-04 08:43:07','0000006f',1,22),(1202,'2016-05-04 08:43:10','0000006e',2,33),(1203,'2016-05-04 08:43:14','0000006f',1,27),(1204,'2016-05-04 08:43:15','00000072',1,30),(1205,'2016-05-04 08:43:23','0000006f',1,22),(1206,'2016-05-04 08:43:31','0000006f',1,27),(1207,'2016-05-04 08:43:43','00000072',1,32),(1208,'2016-05-04 08:43:49','0000006f',1,22),(1209,'2016-05-04 08:43:58','0000006f',1,27),(1210,'2016-05-04 08:44:05','0000006f',1,22),(1211,'2016-05-04 08:44:11','00000072',1,30),(1212,'2016-05-04 08:44:12','0000006f',1,27),(1213,'2016-05-04 08:44:18','00000072',1,32),(1214,'2016-05-04 08:44:23','0000006f',1,22),(1215,'2016-05-04 08:44:25','00000072',1,30),(1216,'2016-05-04 08:44:31','0000006f',1,27),(1217,'2016-05-04 08:44:35','00000072',1,32),(1218,'2016-05-04 08:44:43','00000072',1,30),(1219,'2016-05-04 08:44:47','0000006f',1,22),(1220,'2016-05-04 08:44:50','00000072',1,32),(1221,'2016-05-04 08:44:59','0000006f',1,27),(1222,'2016-05-04 08:45:09','0000006f',1,22),(1223,'2016-05-04 08:45:12','0000006e',1,29),(1224,'2016-05-04 08:45:12','0000006e',2,34),(1225,'2016-05-04 08:45:18','0000006f',1,27),(1226,'2016-05-04 08:45:19','0000006e',1,22),(1227,'2016-05-04 08:45:25','0000006f',1,22),(1228,'2016-05-04 08:45:26','0000006e',1,30),(1229,'2016-05-04 08:45:27','00000072',1,30),(1230,'2016-05-04 08:45:32','0000006f',1,27),(1231,'2016-05-04 08:45:32','0000006e',2,33),(1232,'2016-05-04 08:45:35','0000006e',1,22),(1233,'2016-05-04 08:45:37','00000072',1,32),(1234,'2016-05-04 08:45:39','0000006f',1,22),(1235,'2016-05-04 08:45:46','0000006f',1,27),(1236,'2016-05-04 08:45:47','00000072',1,30),(1237,'2016-05-04 08:45:55','0000006f',1,22),(1238,'2016-05-04 08:45:57','0000006e',2,34),(1239,'2016-05-04 08:46:03','00000072',1,32),(1240,'2016-05-04 08:46:05','0000006f',1,27),(1241,'2016-05-04 08:46:11','00000072',1,30),(1242,'2016-05-04 08:46:16','0000006f',1,22),(1243,'2016-05-04 08:46:18','0000006e',2,33),(1244,'2016-05-04 08:46:20','00000072',1,32),(1245,'2016-05-04 08:46:23','0000006f',1,27),(1246,'2016-05-04 08:46:30','00000072',1,30),(1247,'2016-05-04 08:46:42','0000006f',1,22),(1248,'2016-05-04 08:46:49','0000006f',1,27),(1249,'2016-05-04 08:46:55','00000072',1,32),(1250,'2016-05-04 08:46:56','0000006f',1,22),(1251,'2016-05-04 08:47:02','00000072',1,30),(1252,'2016-05-04 08:47:05','0000006f',1,27),(1253,'2016-05-04 08:47:05','0000006e',1,30),(1254,'2016-05-04 08:47:14','00000072',1,32),(1255,'2016-05-04 08:47:15','0000006f',1,22),(1256,'2016-05-04 08:47:18','0000006e',2,34),(1257,'2016-05-04 08:47:21','00000072',1,30),(1258,'2016-05-04 08:47:29','00000072',1,32),(1259,'2016-05-04 08:47:36','0000006f',1,27),(1260,'2016-05-04 08:47:37','00000072',1,30),(1261,'2016-05-04 08:47:38','0000006e',2,33),(1262,'2016-05-04 08:47:43','0000006f',1,22),(1263,'2016-05-04 08:47:44','00000072',1,32),(1264,'2016-05-04 08:47:49','0000006e',1,22),(1265,'2016-05-04 08:47:50','0000006f',1,27),(1266,'2016-05-04 08:47:56','00000072',1,30),(1267,'2016-05-04 08:48:11','0000006e',1,30),(1268,'2016-05-04 08:48:18','0000006e',1,22),(1269,'2016-05-04 08:48:24','0000006e',2,34),(1270,'2016-05-04 08:48:25','00000072',1,32),(1271,'2016-05-04 08:48:28','0000006f',1,22),(1272,'2016-05-04 08:48:32','00000072',1,30),(1273,'2016-05-04 08:48:37','0000006e',1,30),(1274,'2016-05-04 08:48:39','00000072',1,32),(1275,'2016-05-04 08:48:42','0000006f',1,27),(1276,'2016-05-04 08:48:44','0000006e',1,22),(1277,'2016-05-04 08:48:45','0000006e',2,33),(1278,'2016-05-04 08:48:46','00000072',1,30),(1279,'2016-05-04 08:48:56','00000072',1,32),(1280,'2016-05-04 08:49:03','0000006f',1,22),(1281,'2016-05-04 08:49:03','00000072',1,30),(1282,'2016-05-04 08:49:10','0000006f',1,27),(1283,'2016-05-04 08:49:10','00000072',1,32),(1284,'2016-05-04 08:49:17','0000006f',1,22),(1285,'2016-05-04 08:49:22','00000072',1,30),(1286,'2016-05-04 08:49:24','0000006f',1,27),(1287,'2016-05-04 08:49:25','00000070',1,31),(1288,'2016-05-04 08:49:25','00000070',2,34),(1289,'2016-05-04 08:49:31','00000072',1,32),(1290,'2016-05-04 08:49:35','0000006f',1,22),(1291,'2016-05-04 08:49:38','00000072',1,30),(1292,'2016-05-04 08:49:42','0000006f',1,27),(1293,'2016-05-04 08:49:44','0000006e',1,30),(1294,'2016-05-04 08:49:44','0000006e',2,34),(1295,'2016-05-04 08:49:45','00000070',1,30),(1296,'2016-05-04 08:49:51','0000006e',1,22),(1297,'2016-05-04 08:49:59','0000006f',1,22),(1298,'2016-05-04 08:50:03','00000072',1,32),(1299,'2016-05-04 08:50:04','0000006e',2,33),(1300,'2016-05-04 08:50:05','0000006e',1,30),(1301,'2016-05-04 08:50:06','0000006f',1,27),(1302,'2016-05-04 08:50:10','00000072',1,30),(1303,'2016-05-04 08:50:12','0000006e',1,22),(1304,'2016-05-04 08:50:14','0000006f',1,22),(1305,'2016-05-04 08:50:17','00000072',1,32),(1306,'2016-05-04 08:50:25','0000006e',1,30),(1307,'2016-05-04 08:50:30','00000072',1,30),(1308,'2016-05-04 08:50:32','0000006e',1,22),(1309,'2016-05-04 08:50:38','0000006e',2,34),(1310,'2016-05-04 08:50:39','00000072',1,32),(1311,'2016-05-04 08:50:39','0000006e',1,30),(1312,'2016-05-04 08:50:46','00000072',1,30),(1313,'2016-05-04 08:50:48','0000006f',1,27),(1314,'2016-05-04 08:50:55','00000072',1,32),(1315,'2016-05-04 08:50:56','0000006e',1,22),(1316,'2016-05-04 08:50:57','0000006f',1,22),(1317,'2016-05-04 08:51:02','00000072',1,30),(1318,'2016-05-04 08:51:05','0000006f',1,27),(1319,'2016-05-04 08:51:05','0000006e',1,30),(1320,'2016-05-04 08:51:09','00000072',1,32),(1321,'2016-05-04 08:51:09','0000006e',2,33),(1322,'2016-05-04 08:51:12','0000006e',1,22),(1323,'2016-05-04 08:51:13','0000006f',1,22),(1324,'2016-05-04 08:51:17','00000072',1,30),(1325,'2016-05-04 08:51:19','0000006e',1,30),(1326,'2016-05-04 08:51:20','0000006f',1,27),(1327,'2016-05-04 08:51:25','00000072',1,32),(1328,'2016-05-04 08:51:28','0000006e',1,22),(1329,'2016-05-04 08:51:29','0000006e',2,34),(1330,'2016-05-04 08:51:32','00000072',1,30),(1331,'2016-05-04 08:51:35','0000006e',1,30),(1332,'2016-05-04 08:51:42','00000070',1,22),(1333,'2016-05-04 08:51:42','00000070',2,33),(1334,'2016-05-04 08:51:44','00000072',1,32),(1335,'2016-05-04 08:51:53','00000072',1,30),(1336,'2016-05-04 08:51:59','0000006f',1,24),(1337,'2016-05-04 08:52:02','00000070',1,30),(1338,'2016-05-04 08:52:02','00000070',2,34),(1339,'2016-05-04 08:52:05','00000072',1,32),(1340,'2016-05-04 08:52:06','0000006f',1,22),(1341,'2016-05-04 08:52:12','00000072',1,30),(1342,'2016-05-04 08:52:13','0000006f',1,27),(1343,'2016-05-04 08:52:15','00000071',1,29),(1344,'2016-05-04 08:52:20','0000006f',1,22),(1345,'2016-05-04 08:52:22','0000006e',1,22),(1346,'2016-05-04 08:52:22','0000006e',2,33),(1347,'2016-05-04 08:52:23','00000071',1,30),(1348,'2016-05-04 08:52:24','00000072',1,32),(1349,'2016-05-04 08:52:28','0000006f',1,27),(1350,'2016-05-04 08:52:29','00000070',1,22),(1351,'2016-05-04 08:52:29','00000070',2,33),(1352,'2016-05-04 08:52:29','00000071',2,33),(1353,'2016-05-04 08:52:37','0000006e',1,30),(1354,'2016-05-04 08:52:45','00000072',1,30),(1355,'2016-05-04 08:52:49','00000070',1,30),(1356,'2016-05-04 08:52:49','00000070',2,34),(1357,'2016-05-04 08:52:49','00000071',2,34),(1358,'2016-05-04 08:52:50','0000006f',1,22),(1359,'2016-05-04 08:52:50','0000006e',2,34),(1360,'2016-05-04 08:52:53','00000072',1,32),(1361,'2016-05-04 08:52:57','0000006f',1,27),(1362,'2016-05-04 08:52:59','0000006e',1,22),(1363,'2016-05-04 08:53:05','0000006f',1,22),(1364,'2016-05-04 08:53:09','00000070',1,22),(1365,'2016-05-04 08:53:09','00000070',2,33),(1366,'2016-05-04 08:53:10','0000006e',2,33),(1367,'2016-05-04 08:53:13','00000072',1,30),(1368,'2016-05-04 08:53:16','0000006e',1,30),(1369,'2016-05-04 08:53:20','00000072',1,32),(1370,'2016-05-04 08:53:25','0000006f',1,27),(1371,'2016-05-04 08:53:29','00000070',1,30),(1372,'2016-05-04 08:53:29','00000070',2,34),(1373,'2016-05-04 08:53:30','0000006e',2,34),(1374,'2016-05-04 08:53:32','0000006f',1,22),(1375,'2016-05-04 08:53:36','0000006e',1,22),(1376,'2016-05-04 08:53:40','0000006f',1,27),(1377,'2016-05-04 08:53:41','00000072',1,30),(1378,'2016-05-04 08:53:49','0000006f',1,22),(1379,'2016-05-04 08:53:50','0000006e',2,33),(1380,'2016-05-04 08:53:50','00000070',1,22),(1381,'2016-05-04 08:53:51','00000070',2,33),(1382,'2016-05-04 08:53:54','0000006e',1,30),(1383,'2016-05-04 08:53:57','0000006f',1,27),(1384,'2016-05-04 08:54:02','0000006e',1,22),(1385,'2016-05-04 08:54:04','00000072',1,32),(1386,'2016-05-04 08:54:05','0000006f',1,22),(1387,'2016-05-04 08:54:12','0000006f',1,27),(1388,'2016-05-04 08:54:12','0000006e',2,34),(1389,'2016-05-04 08:54:12','00000070',1,30),(1390,'2016-05-04 08:54:12','00000070',2,34),(1391,'2016-05-04 08:54:23','0000006f',1,22),(1392,'2016-05-04 08:54:27','0000006e',1,30),(1393,'2016-05-04 08:54:28','00000072',1,30),(1394,'2016-05-04 08:54:30','0000006f',1,27),(1395,'2016-05-04 08:54:32','0000006e',2,33),(1396,'2016-05-04 08:54:32','00000070',1,22),(1397,'2016-05-04 08:54:32','00000070',2,33),(1398,'2016-05-04 08:54:37','0000006f',1,22),(1399,'2016-05-04 08:54:39','00000072',1,32),(1400,'2016-05-04 08:54:44','0000006f',1,27),(1401,'2016-05-04 08:54:48','00000072',1,30),(1402,'2016-05-04 08:54:52','00000070',1,30),(1403,'2016-05-04 08:54:52','00000070',2,34),(1404,'2016-05-04 08:54:55','00000072',1,32),(1405,'2016-05-04 08:54:56','0000006e',2,34),(1406,'2016-05-04 08:54:57','0000006f',1,22),(1407,'2016-05-04 08:55:03','00000072',1,30),(1408,'2016-05-04 08:55:04','0000006f',1,27),(1409,'2016-05-04 08:55:12','00000070',1,22),(1410,'2016-05-04 08:55:12','00000070',2,33),(1411,'2016-05-04 08:55:13','0000006f',1,22),(1412,'2016-05-04 08:55:15','0000006e',1,22),(1413,'2016-05-04 08:55:16','0000006e',2,33),(1414,'2016-05-04 08:55:20','00000072',1,32),(1415,'2016-05-04 08:55:27','00000072',1,30),(1416,'2016-05-04 08:55:27','0000006e',1,30),(1417,'2016-05-04 08:55:33','00000070',1,30),(1418,'2016-05-04 08:55:33','00000070',2,34),(1419,'2016-05-04 08:55:35','00000072',1,32),(1420,'2016-05-04 08:55:40','0000006e',2,34),(1421,'2016-05-04 08:55:41','0000006f',1,27),(1422,'2016-05-04 08:55:42','00000072',1,30),(1423,'2016-05-04 08:55:47','0000006e',1,22),(1424,'2016-05-04 08:55:48','0000006f',1,22),(1425,'2016-05-04 08:55:55','0000006f',1,27),(1426,'2016-05-04 08:56:00','00000072',1,32),(1427,'2016-05-04 08:56:00','0000006e',2,33),(1428,'2016-05-04 08:56:02','0000006f',1,22),(1429,'2016-05-04 08:56:10','0000006e',1,30),(1430,'2016-05-04 08:56:11','0000006f',1,27),(1431,'2016-05-04 08:56:15','00000070',1,22),(1432,'2016-05-04 08:56:15','00000070',2,33),(1433,'2016-05-04 08:56:17','0000006e',1,22),(1434,'2016-05-04 08:56:20','0000006f',1,22),(1435,'2016-05-04 08:56:27','0000006f',1,27),(1436,'2016-05-04 08:56:35','0000006f',1,22),(1437,'2016-05-04 08:56:36','00000070',1,30),(1438,'2016-05-04 08:56:36','00000070',2,34),(1439,'2016-05-04 08:56:36','0000006e',2,34),(1440,'2016-05-04 08:56:42','0000006f',1,27),(1441,'2016-05-04 08:56:50','0000006e',1,30),(1442,'2016-05-04 08:56:53','0000006f',1,22),(1443,'2016-05-04 08:56:56','00000070',1,22),(1444,'2016-05-04 08:56:56','00000070',2,33),(1445,'2016-05-04 08:56:57','0000006e',1,22),(1446,'2016-05-04 08:56:57','0000006e',2,33),(1447,'2016-05-04 08:57:01','0000006f',1,27),(1448,'2016-05-04 08:57:09','0000006f',1,22),(1449,'2016-05-04 08:57:16','0000006f',1,27),(1450,'2016-05-04 08:57:16','00000070',1,30),(1451,'2016-05-04 08:57:16','00000070',2,34),(1452,'2016-05-04 08:57:23','0000006f',1,22),(1453,'2016-05-04 08:57:31','0000006f',1,27),(1454,'2016-05-04 08:57:34','0000006e',1,30),(1455,'2016-05-04 08:57:34','0000006e',2,34),(1456,'2016-05-04 08:57:41','0000006e',1,22),(1457,'2016-05-04 08:57:42','0000006f',1,22),(1458,'2016-05-04 08:57:54','0000006e',2,33),(1459,'2016-05-04 08:57:56','00000070',1,22),(1460,'2016-05-04 08:57:56','00000070',2,33),(1461,'2016-05-04 08:58:02','0000006f',1,27),(1462,'2016-05-04 08:58:10','0000006f',1,22),(1463,'2016-05-04 08:58:17','0000006f',1,27),(1464,'2016-05-04 08:58:17','0000006e',2,34),(1465,'2016-05-04 08:58:17','00000070',1,30),(1466,'2016-05-04 08:58:17','00000070',2,34),(1467,'2016-05-04 08:58:19','0000006e',1,30),(1468,'2016-05-04 08:58:27','0000006e',1,22),(1469,'2016-05-04 08:58:29','0000006f',1,22),(1470,'2016-05-04 08:58:36','0000006f',1,27),(1471,'2016-05-04 08:58:37','0000006e',1,30),(1472,'2016-05-04 08:58:37','0000006e',2,33),(1473,'2016-05-04 08:58:44','0000006f',1,22),(1474,'2016-05-04 08:58:49','0000006e',1,22),(1475,'2016-05-04 08:58:51','0000006f',1,27),(1476,'2016-05-04 08:58:57','0000006e',2,34),(1477,'2016-05-04 08:59:01','0000006f',1,22),(1478,'2016-05-04 08:59:13','0000006f',1,27),(1479,'2016-05-04 08:59:17','0000006e',2,33),(1480,'2016-05-04 08:59:18','00000070',1,22),(1481,'2016-05-04 08:59:18','00000070',2,33),(1482,'2016-05-04 08:59:20','0000006f',1,22),(1483,'2016-05-04 08:59:24','0000006e',1,30),(1484,'2016-05-04 08:59:30','0000006f',1,27),(1485,'2016-05-04 08:59:31','0000006e',1,22),(1486,'2016-05-04 08:59:37','0000006e',2,34),(1487,'2016-05-04 08:59:38','0000006e',1,30),(1488,'2016-05-04 08:59:38','00000070',1,30),(1489,'2016-05-04 08:59:38','00000070',2,34),(1490,'2016-05-04 08:59:40','0000006f',1,22),(1491,'2016-05-04 08:59:45','0000006e',1,22),(1492,'2016-05-04 08:59:49','0000006f',1,24),(1493,'2016-05-04 08:59:52','00000072',1,32),(1494,'2016-05-04 08:59:56','0000006f',1,27),(1495,'2016-05-04 08:59:57','0000006e',2,33),(1496,'2016-05-04 09:00:03','0000006f',1,22),(1497,'2016-05-04 09:00:10','0000006f',1,27),(1498,'2016-05-04 09:00:11','0000006e',1,30),(1499,'2016-05-04 09:00:18','00000070',1,22),(1500,'2016-05-04 09:00:18','00000070',2,33),(1501,'2016-05-04 09:00:24','0000006e',2,34),(1502,'2016-05-04 09:00:26','0000006f',1,24),(1503,'2016-05-04 09:00:33','0000006f',1,27),(1504,'2016-05-04 09:00:38','00000070',1,30),(1505,'2016-05-04 09:00:38','00000070',2,34),(1506,'2016-05-04 09:00:42','0000006f',1,22),(1507,'2016-05-04 09:00:46','0000006e',1,22),(1508,'2016-05-04 09:00:47','0000006e',2,33),(1509,'2016-05-04 09:00:49','0000006f',1,27),(1510,'2016-05-04 09:01:00','0000006f',1,22),(1511,'2016-05-04 09:01:07','0000006f',1,27),(1512,'2016-05-04 09:01:30','0000006f',1,22),(1513,'2016-05-04 09:01:31','00000070',1,22),(1514,'2016-05-04 09:01:31','00000070',2,33),(1515,'2016-05-04 09:01:43','0000006e',2,34),(1516,'2016-05-04 09:01:48','0000006f',1,27),(1517,'2016-05-04 09:01:51','00000070',1,30),(1518,'2016-05-04 09:01:52','00000070',2,34),(1519,'2016-05-04 09:01:55','0000006e',1,30),(1520,'2016-05-04 09:01:57','0000006f',1,22),(1521,'2016-05-04 09:02:03','0000006e',1,22),(1522,'2016-05-04 09:02:03','0000006e',2,33),(1523,'2016-05-04 09:02:04','0000006f',1,27),(1524,'2016-05-04 09:02:14','0000006f',1,22),(1525,'2016-05-04 09:02:22','0000006f',1,27),(1526,'2016-05-04 09:02:25','00000070',2,33),(1527,'2016-05-04 09:02:30','0000006f',1,22),(1528,'2016-05-04 09:02:37','0000006f',1,27),(1529,'2016-05-04 09:02:45','00000070',2,34),(1530,'2016-05-04 09:02:46','0000006f',1,22),(1531,'2016-05-04 09:02:53','0000006f',1,27),(1532,'2016-05-04 09:03:00','0000006f',1,22),(1533,'2016-05-04 09:03:07','0000006f',1,27),(1534,'2016-05-04 09:03:14','0000006f',1,22),(1535,'2016-05-04 09:03:16','00000072',1,30),(1536,'2016-05-04 09:03:21','0000006f',1,27),(1537,'2016-05-04 09:03:23','00000072',1,32),(1538,'2016-05-04 09:03:28','0000006f',1,22),(1539,'2016-05-04 09:03:30','00000072',1,30),(1540,'2016-05-04 09:03:35','0000006f',1,27),(1541,'2016-05-04 09:03:42','0000006f',1,22),(1542,'2016-05-04 09:03:49','0000006e',1,30),(1543,'2016-05-04 09:03:49','0000006e',2,34),(1544,'2016-05-04 09:03:52','00000072',1,32),(1545,'2016-05-04 09:03:53','00000070',1,22),(1546,'2016-05-04 09:03:53','00000070',2,33),(1547,'2016-05-04 09:03:56','0000006f',1,27),(1548,'2016-05-04 09:04:06','0000006f',1,22),(1549,'2016-05-04 09:04:09','00000072',1,30),(1550,'2016-05-04 09:04:09','0000006e',2,33),(1551,'2016-05-04 09:04:13','0000006f',1,27),(1552,'2016-05-04 09:04:13','00000070',1,30),(1553,'2016-05-04 09:04:13','00000070',2,34),(1554,'2016-05-04 09:04:16','00000072',1,32),(1555,'2016-05-04 09:04:21','0000006f',1,22),(1556,'2016-05-04 09:04:24','00000072',1,30),(1557,'2016-05-04 09:04:28','0000006f',1,27),(1558,'2016-05-04 09:04:31','00000072',1,32),(1559,'2016-05-04 09:04:32','0000006e',1,22),(1560,'2016-05-04 09:04:34','00000070',2,33),(1561,'2016-05-04 09:04:35','00000070',1,22),(1562,'2016-05-04 09:04:38','00000072',1,30),(1563,'2016-05-04 09:04:42','0000006f',1,22),(1564,'2016-05-04 09:04:45','00000072',1,32),(1565,'2016-05-04 09:04:49','0000006f',1,27),(1566,'2016-05-04 09:04:54','00000070',2,34),(1567,'2016-05-04 09:04:55','00000070',1,30),(1568,'2016-05-04 09:04:58','00000072',1,30),(1569,'2016-05-04 09:04:59','0000006f',1,22),(1570,'2016-05-04 09:05:06','0000006f',1,27),(1571,'2016-05-04 09:05:15','0000006f',1,22),(1572,'2016-05-04 09:05:24','0000006f',1,27),(1573,'2016-05-04 09:05:29','00000072',1,32),(1574,'2016-05-04 09:05:31','0000006f',1,22),(1575,'2016-05-04 09:05:38','0000006f',1,27),(1576,'2016-05-04 09:06:17','00000070',1,22),(1577,'2016-05-04 09:06:17','00000070',2,33),(1578,'2016-05-04 09:06:18','0000006f',1,22),(1579,'2016-05-04 09:06:25','0000006f',1,27),(1580,'2016-05-04 09:06:39','00000070',1,30),(1581,'2016-05-04 09:06:39','00000070',2,34),(1582,'2016-05-04 09:06:41','00000072',1,30),(1583,'2016-05-04 09:06:47','0000006f',1,24),(1584,'2016-05-04 09:06:48','00000072',1,32),(1585,'2016-05-04 09:06:54','0000006f',1,27),(1586,'2016-05-04 09:06:59','0000006e',1,30),(1587,'2016-05-04 09:06:59','00000070',1,22),(1588,'2016-05-04 09:06:59','00000070',2,33),(1589,'2016-05-04 09:07:01','0000006f',1,22),(1590,'2016-05-04 09:07:08','0000006f',1,27),(1591,'2016-05-04 09:07:12','0000006e',2,34),(1592,'2016-05-04 09:07:15','0000006f',1,22),(1593,'2016-05-04 09:07:19','0000006e',1,22),(1594,'2016-05-04 09:07:19','00000070',1,30),(1595,'2016-05-04 09:07:19','00000070',2,34),(1596,'2016-05-04 09:07:24','0000006f',1,27),(1597,'2016-05-04 09:07:33','0000006f',1,22),(1598,'2016-05-04 09:07:33','0000006e',2,33),(1599,'2016-05-04 09:07:35','00000072',1,30),(1600,'2016-05-04 09:07:40','0000006f',1,27),(1601,'2016-05-04 09:07:48','0000006f',1,22),(1602,'2016-05-04 09:07:55','0000006f',1,27),(1603,'2016-05-04 09:08:02','0000006f',1,22),(1604,'2016-05-04 09:08:05','0000006e',2,34),(1605,'2016-05-04 09:08:09','0000006f',1,27),(1606,'2016-05-04 09:08:09','0000006e',1,30),(1607,'2016-05-04 09:08:16','0000006e',1,22),(1608,'2016-05-04 09:08:17','0000006f',1,22),(1609,'2016-05-04 09:08:24','0000006f',1,27),(1610,'2016-05-04 09:08:24','0000006e',1,30),(1611,'2016-05-04 09:08:25','0000006e',2,33),(1612,'2016-05-04 09:08:31','0000006e',1,22),(1613,'2016-05-04 09:08:32','0000006f',1,22),(1614,'2016-05-04 09:08:39','0000006f',1,27),(1615,'2016-05-04 09:08:45','0000006e',2,34),(1616,'2016-05-04 09:08:46','0000006f',1,22),(1617,'2016-05-04 09:08:53','0000006e',1,30),(1618,'2016-05-04 09:08:56','0000006f',1,27),(1619,'2016-05-04 09:09:00','0000006e',1,22),(1620,'2016-05-04 09:09:03','0000006f',1,22),(1621,'2016-05-04 09:09:05','0000006e',2,33),(1622,'2016-05-04 09:09:24','0000006f',1,27),(1623,'2016-05-04 09:09:33','00000072',1,32),(1624,'2016-05-04 09:09:34','0000006f',1,22),(1625,'2016-05-04 09:09:44','0000006f',1,27),(1626,'2016-05-04 09:09:45','0000006e',2,34),(1627,'2016-05-04 09:09:53','0000006f',1,22),(1628,'2016-05-04 09:09:54','0000006e',1,30),(1629,'2016-05-04 09:10:00','0000006f',1,27),(1630,'2016-05-04 09:10:06','0000006e',2,33),(1631,'2016-05-04 09:10:08','0000006f',1,22),(1632,'2016-05-04 09:10:13','0000006e',1,22),(1633,'2016-05-04 09:10:15','0000006f',1,27),(1634,'2016-05-04 09:10:27','0000006f',1,22),(1635,'2016-05-04 09:10:28','0000006e',1,30),(1636,'2016-05-04 09:10:34','0000006f',1,27),(1637,'2016-05-04 09:10:41','0000006e',2,34),(1638,'2016-05-04 09:10:48','0000006e',1,22),(1639,'2016-05-04 09:10:53','00000073',1,30),(1640,'2016-05-04 09:10:53','00000073',2,34),(1641,'2016-05-04 09:10:57','0000006f',1,22),(1642,'2016-05-04 09:11:01','00000072',1,30),(1643,'2016-05-04 09:11:01','0000006e',2,33),(1644,'2016-05-04 09:11:04','0000006f',1,27),(1645,'2016-05-04 09:11:08','00000072',1,32),(1646,'2016-05-04 09:11:24','0000006f',1,22),(1647,'2016-05-04 09:11:31','0000006f',1,27),(1648,'2016-05-04 09:11:31','00000072',1,30),(1649,'2016-05-04 09:11:38','00000072',1,32),(1650,'2016-05-04 09:11:46','00000072',1,30),(1651,'2016-05-04 09:11:49','0000006e',2,34),(1652,'2016-05-04 09:11:52','0000006f',1,22),(1653,'2016-05-04 09:11:53','00000072',1,32),(1654,'2016-05-04 09:11:59','0000006f',1,27),(1655,'2016-05-04 09:12:00','0000006e',1,30),(1656,'2016-05-04 09:12:09','0000006e',1,22),(1657,'2016-05-04 09:12:09','0000006e',2,33),(1658,'2016-05-04 09:12:14','00000072',1,30),(1659,'2016-05-04 09:12:16','0000006e',1,30),(1660,'2016-05-04 09:12:21','0000006f',1,22),(1661,'2016-05-04 09:12:29','0000006e',2,34),(1662,'2016-05-04 09:12:41','0000006f',1,27),(1663,'2016-05-04 09:12:45','00000072',1,32),(1664,'2016-05-04 09:12:52','00000072',1,30),(1665,'2016-05-04 09:13:00','00000072',1,32),(1666,'2016-05-04 09:13:07','00000072',1,30),(1667,'2016-05-04 09:13:15','00000072',1,32),(1668,'2016-05-04 09:13:22','00000072',1,30),(1669,'2016-05-04 09:13:23','0000006f',1,22),(1670,'2016-05-04 09:13:30','0000006f',1,27),(1671,'2016-05-04 09:13:31','00000072',1,32),(1672,'2016-05-04 09:13:42','00000072',1,30),(1673,'2016-05-04 09:13:50','0000006f',1,22),(1674,'2016-05-04 09:13:51','00000072',1,32),(1675,'2016-05-04 09:13:59','0000006f',1,27),(1676,'2016-05-04 09:14:07','00000070',1,22),(1677,'2016-05-04 09:14:07','00000070',2,33),(1678,'2016-05-04 09:14:08','00000072',1,30),(1679,'2016-05-04 09:14:15','00000072',1,32),(1680,'2016-05-04 09:14:22','0000006e',1,32),(1681,'2016-05-04 09:14:27','00000070',1,30),(1682,'2016-05-04 09:14:27','00000070',2,34),(1683,'2016-05-04 09:14:29','0000006e',1,22),(1684,'2016-05-04 09:14:32','0000006f',1,22),(1685,'2016-05-04 09:14:36','0000006e',1,30),(1686,'2016-05-04 09:14:39','0000006f',1,27),(1687,'2016-05-04 09:14:42','0000006e',2,33),(1688,'2016-05-04 09:14:45','0000006e',1,22),(1689,'2016-05-04 09:14:53','0000006e',1,30),(1690,'2016-05-04 09:14:59','0000006f',1,22),(1691,'2016-05-04 09:14:59','00000070',1,22),(1692,'2016-05-04 09:14:59','00000070',2,33),(1693,'2016-05-04 09:15:01','0000006e',1,22),(1694,'2016-05-04 09:15:06','0000006e',2,34),(1695,'2016-05-04 09:15:10','0000006f',1,27),(1696,'2016-05-04 09:15:10','00000072',1,30),(1697,'2016-05-04 09:15:12','0000006e',1,30),(1698,'2016-05-04 09:15:19','0000006e',1,22),(1699,'2016-05-04 09:15:20','00000070',1,30),(1700,'2016-05-04 09:15:20','00000070',2,34),(1701,'2016-05-04 09:15:27','0000006e',1,30),(1702,'2016-05-04 09:15:30','0000006f',1,22),(1703,'2016-05-04 09:15:30','00000072',1,32),(1704,'2016-05-04 09:15:32','0000006e',2,33),(1705,'2016-05-04 09:15:34','0000006e',1,22),(1706,'2016-05-04 09:15:39','00000072',1,30),(1707,'2016-05-04 09:15:40','0000006f',1,27),(1708,'2016-05-04 09:15:46','00000072',1,32),(1709,'2016-05-04 09:15:47','0000006e',1,30),(1710,'2016-05-04 09:15:52','00000070',1,22),(1711,'2016-05-04 09:15:55','0000006e',2,34),(1712,'2016-05-04 09:15:56','0000006e',1,22),(1713,'2016-05-04 09:16:03','0000006f',1,22),(1714,'2016-05-04 09:16:05','00000070',2,33),(1715,'2016-05-04 09:16:06','00000070',1,30),(1716,'2016-05-04 09:16:10','0000006f',1,27),(1717,'2016-05-04 09:16:15','00000072',1,30),(1718,'2016-05-04 09:16:15','0000006e',2,33),(1719,'2016-05-04 09:16:17','0000006e',1,30),(1720,'2016-05-04 09:16:22','00000072',1,32),(1721,'2016-05-04 09:16:24','0000006e',1,22),(1722,'2016-05-04 09:16:25','00000070',2,34),(1723,'2016-05-04 09:16:35','0000006f',1,22),(1724,'2016-05-04 09:16:41','0000006e',2,34),(1725,'2016-05-04 09:16:42','0000006f',1,27),(1726,'2016-05-04 09:16:47','0000006e',1,30),(1727,'2016-05-04 09:17:02','0000006f',1,22),(1728,'2016-05-04 09:17:11','0000006f',1,27),(1729,'2016-05-04 09:17:11','0000006e',1,22),(1730,'2016-05-04 09:17:15','00000072',1,30),(1731,'2016-05-04 09:17:18','0000006e',1,30),(1732,'2016-05-04 09:17:24','0000006e',2,33),(1733,'2016-05-04 09:17:25','0000006e',1,22),(1734,'2016-05-04 09:17:31','0000006f',1,22),(1735,'2016-05-04 09:17:33','0000006e',1,30),(1736,'2016-05-04 09:17:38','0000006f',1,27),(1737,'2016-05-04 09:17:40','0000006e',1,22),(1738,'2016-05-04 09:17:44','00000072',1,32),(1739,'2016-05-04 09:17:45','0000006e',2,34),(1740,'2016-05-04 09:17:54','00000072',1,30),(1741,'2016-05-04 09:17:56','0000006e',1,30),(1742,'2016-05-04 09:17:59','0000006f',1,22),(1743,'2016-05-04 09:18:01','00000072',1,32),(1744,'2016-05-04 09:18:03','0000006e',1,22),(1745,'2016-05-04 09:18:05','0000006e',2,33),(1746,'2016-05-04 09:18:06','0000006f',1,27),(1747,'2016-05-04 09:18:15','0000006e',1,30),(1748,'2016-05-04 09:18:25','0000006e',1,22),(1749,'2016-05-04 09:18:26','0000006f',1,22),(1750,'2016-05-04 09:18:28','0000006e',2,34),(1751,'2016-05-04 09:18:33','0000006f',1,24),(1752,'2016-05-04 09:18:35','00000070',1,22),(1753,'2016-05-04 09:18:40','0000006f',1,27),(1754,'2016-05-04 09:18:42','00000070',1,30),(1755,'2016-05-04 09:18:48','00000070',2,33),(1756,'2016-05-04 09:18:49','0000006e',2,33),(1757,'2016-05-04 09:19:01','0000006f',1,22),(1758,'2016-05-04 09:19:08','0000006e',1,30),(1759,'2016-05-04 09:19:08','00000070',2,34),(1760,'2016-05-04 09:19:15','0000006e',1,22),(1761,'2016-05-04 09:19:19','0000006f',1,27),(1762,'2016-05-04 09:19:21','0000006e',2,34),(1763,'2016-05-04 09:19:35','0000006e',1,30),(1764,'2016-05-04 09:19:41','0000006e',2,33),(1765,'2016-05-04 09:19:41','00000070',1,22),(1766,'2016-05-04 09:19:42','0000006e',1,22),(1767,'2016-05-04 09:19:44','0000006f',1,22),(1768,'2016-05-04 09:19:48','00000070',1,30),(1769,'2016-05-04 09:19:51','0000006f',1,27),(1770,'2016-05-04 09:19:54','00000070',2,33),(1771,'2016-05-04 09:20:06','0000006e',1,30),(1772,'2016-05-04 09:20:13','0000006e',1,22),(1773,'2016-05-04 09:20:14','00000070',2,34),(1774,'2016-05-04 09:20:15','0000006f',1,22),(1775,'2016-05-04 09:20:15','00000072',1,30),(1776,'2016-05-04 09:20:19','0000006e',2,34),(1777,'2016-05-04 09:20:22','00000072',1,32),(1778,'2016-05-04 09:20:25','0000006e',1,30),(1779,'2016-05-04 09:20:27','0000006f',1,27),(1780,'2016-05-04 09:20:29','00000072',1,30),(1781,'2016-05-04 09:20:32','0000006e',1,22),(1782,'2016-05-04 09:20:39','0000006e',2,33),(1783,'2016-05-04 09:20:42','0000006e',1,30),(1784,'2016-05-04 09:20:48','0000006f',1,22),(1785,'2016-05-04 09:20:49','0000006e',1,22),(1786,'2016-05-04 09:20:50','00000071',1,31),(1787,'2016-05-04 09:20:57','00000071',1,30),(1788,'2016-05-04 09:21:00','0000006e',2,34),(1789,'2016-05-04 09:21:04','0000006f',1,27),(1790,'2016-05-04 09:21:09','0000006e',1,30),(1791,'2016-05-04 09:21:11','00000072',1,32),(1792,'2016-05-04 09:21:16','0000006e',1,22),(1793,'2016-05-04 09:21:20','00000072',1,30),(1794,'2016-05-04 09:21:23','0000006e',1,30),(1795,'2016-05-04 09:21:25','0000006f',1,22),(1796,'2016-05-04 09:21:25','0000006e',2,33),(1797,'2016-05-04 09:21:32','0000006e',1,22),(1798,'2016-05-04 09:21:33','0000006f',1,27),(1799,'2016-05-04 09:21:39','0000006e',1,30),(1800,'2016-05-04 09:21:46','0000006e',1,22),(1801,'2016-05-04 09:21:46','0000006e',2,34),(1802,'2016-05-04 09:21:53','0000006f',1,22),(1803,'2016-05-04 09:21:53','0000006e',1,30),(1804,'2016-05-04 09:21:59','00000072',1,32),(1805,'2016-05-04 09:22:07','0000006f',1,27),(1806,'2016-05-04 09:22:27','0000006f',1,22),(1807,'2016-05-04 09:22:31','0000006e',1,22),(1808,'2016-05-04 09:22:34','0000006f',1,27),(1809,'2016-05-04 09:22:40','0000006e',1,30),(1810,'2016-05-04 09:22:44','0000006e',2,33),(1811,'2016-05-04 09:22:49','00000071',1,32),(1812,'2016-05-04 09:22:51','0000006e',1,22),(1813,'2016-05-04 09:22:55','0000006f',1,22),(1814,'2016-05-04 09:22:56','00000071',1,30),(1815,'2016-05-04 09:22:58','0000006e',1,30),(1816,'2016-05-04 09:23:02','0000006f',1,27),(1817,'2016-05-04 09:23:05','0000006e',2,34),(1818,'2016-05-04 09:23:18','0000006e',1,22),(1819,'2016-05-04 09:23:23','00000072',1,30),(1820,'2016-05-04 09:23:27','0000006f',1,22),(1821,'2016-05-04 09:23:30','00000072',1,32),(1822,'2016-05-04 09:23:33','0000006e',1,30),(1823,'2016-05-04 09:23:33','0000006e',2,33),(1824,'2016-05-04 09:23:34','0000006f',1,27),(1825,'2016-05-04 09:23:41','00000072',1,30),(1826,'2016-05-04 09:23:48','00000072',1,32),(1827,'2016-05-04 09:23:53','0000006e',2,34),(1828,'2016-05-04 09:23:54','0000006e',1,22),(1829,'2016-05-04 09:24:00','00000072',1,30),(1830,'2016-05-04 09:24:01','0000006e',1,30),(1831,'2016-05-04 09:24:13','0000006e',2,33),(1832,'2016-05-04 09:24:16','0000006f',1,22),(1833,'2016-05-04 09:24:23','0000006f',1,27),(1834,'2016-05-04 09:24:24','0000006e',1,22),(1835,'2016-05-04 09:24:29','00000072',1,32),(1836,'2016-05-04 09:24:31','0000006e',1,30),(1837,'2016-05-04 09:24:33','0000006e',2,34),(1838,'2016-05-04 09:24:38','0000006e',1,22),(1839,'2016-05-04 09:24:46','0000006e',1,30),(1840,'2016-05-04 09:24:48','00000072',1,30),(1841,'2016-05-04 09:24:49','0000006f',1,22),(1842,'2016-05-04 09:24:51','00000070',1,32),(1843,'2016-05-04 09:24:53','0000006e',1,22),(1844,'2016-05-04 09:24:53','0000006e',2,33),(1845,'2016-05-04 09:24:55','00000072',1,32),(1846,'2016-05-04 09:24:56','0000006f',1,27),(1847,'2016-05-04 09:24:58','00000070',1,30),(1848,'2016-05-04 09:25:08','0000006e',1,30),(1849,'2016-05-04 09:25:15','0000006e',1,22),(1850,'2016-05-04 09:25:17','0000006f',1,22),(1851,'2016-05-04 09:25:19','0000006e',2,34),(1852,'2016-05-04 09:25:24','0000006f',1,27),(1853,'2016-05-04 09:25:27','0000006e',1,30),(1854,'2016-05-04 09:25:34','0000006e',1,22),(1855,'2016-05-04 09:25:39','0000006e',2,33),(1856,'2016-05-04 09:25:44','0000006f',1,22),(1857,'2016-05-04 09:25:47','0000006e',1,30),(1858,'2016-05-04 09:25:51','0000006f',1,27),(1859,'2016-05-04 09:25:56','0000006e',1,22),(1860,'2016-05-04 09:26:00','0000006e',2,34),(1861,'2016-05-04 09:26:03','0000006e',1,30),(1862,'2016-05-04 09:26:10','0000006e',1,22),(1863,'2016-05-04 09:26:11','0000006f',1,22),(1864,'2016-05-04 09:26:18','0000006f',1,27),(1865,'2016-05-04 09:26:19','0000006e',1,30),(1866,'2016-05-04 09:26:20','00000072',1,30),(1867,'2016-05-04 09:26:21','0000006e',2,33),(1868,'2016-05-04 09:26:31','0000006e',1,22),(1869,'2016-05-04 09:26:35','00000072',1,32),(1870,'2016-05-04 09:26:38','0000006e',1,30),(1871,'2016-05-04 09:26:38','0000006f',1,22),(1872,'2016-05-04 09:26:41','0000006e',2,34),(1873,'2016-05-04 09:26:48','0000006f',1,27),(1874,'2016-05-04 09:26:52','0000006e',1,22),(1875,'2016-05-04 09:26:55','00000072',1,30),(1876,'2016-05-04 09:26:59','0000006e',1,30),(1877,'2016-05-04 09:27:02','00000072',1,32),(1878,'2016-05-04 09:27:05','0000006e',2,33),(1879,'2016-05-04 09:27:08','0000006f',1,22),(1880,'2016-05-04 09:27:10','0000006e',1,22),(1881,'2016-05-04 09:27:15','0000006f',1,27),(1882,'2016-05-04 09:27:17','0000006e',1,30),(1883,'2016-05-04 09:27:29','0000006e',2,34),(1884,'2016-05-04 09:27:35','0000006e',1,22),(1885,'2016-05-04 09:27:40','0000006f',1,22),(1886,'2016-05-04 09:27:42','0000006e',1,30),(1887,'2016-05-04 09:27:45','00000072',1,30),(1888,'2016-05-04 09:27:52','0000006f',1,27),(1889,'2016-05-04 09:27:52','00000072',1,32),(1890,'2016-05-04 09:27:55','00000071',1,31),(1891,'2016-05-04 09:27:57','0000006e',1,22),(1892,'2016-05-04 09:27:59','0000006e',2,33),(1893,'2016-05-04 09:28:02','00000071',1,30),(1894,'2016-05-04 09:28:09','0000006e',1,30),(1895,'2016-05-04 09:28:12','0000006f',1,22),(1896,'2016-05-04 09:28:12','00000072',1,30),(1897,'2016-05-04 09:28:16','0000006e',1,22),(1898,'2016-05-04 09:28:19','0000006f',1,27),(1899,'2016-05-04 09:28:20','00000072',1,32),(1900,'2016-05-04 09:28:22','0000006e',2,34),(1901,'2016-05-04 09:28:39','0000006f',1,22),(1902,'2016-05-04 09:28:41','0000006e',1,30),(1903,'2016-05-04 09:28:42','0000006e',2,33),(1904,'2016-05-04 09:28:46','0000006f',1,27),(1905,'2016-05-04 09:28:48','0000006e',1,22),(1906,'2016-05-04 09:28:55','00000072',1,30),(1907,'2016-05-04 09:29:05','0000006e',1,30),(1908,'2016-05-04 09:29:10','0000006f',1,22),(1909,'2016-05-04 09:29:12','0000006e',1,22),(1910,'2016-05-04 09:29:15','00000072',1,32),(1911,'2016-05-04 09:29:18','0000006e',2,34),(1912,'2016-05-04 09:29:20','0000006f',1,27),(1913,'2016-05-04 09:29:38','0000006e',2,33),(1914,'2016-05-04 09:29:40','0000006f',1,22),(1915,'2016-05-04 09:29:47','0000006f',1,27),(1916,'2016-05-04 09:29:51','00000072',1,30),(1917,'2016-05-04 09:29:57','0000006e',1,30),(1918,'2016-05-04 09:29:58','00000072',1,32),(1919,'2016-05-04 09:30:04','0000006e',1,22),(1920,'2016-05-04 09:30:06','0000006e',2,34),(1921,'2016-05-04 09:30:07','0000006f',1,22),(1922,'2016-05-04 09:30:14','0000006f',1,27),(1923,'2016-05-04 09:30:26','0000006e',2,33),(1924,'2016-05-04 09:30:36','0000006f',1,22),(1925,'2016-05-04 09:30:40','0000006e',1,30),(1926,'2016-05-04 09:30:43','0000006f',1,27),(1927,'2016-05-04 09:30:43','00000072',1,30),(1928,'2016-05-04 09:30:47','0000006e',1,22),(1929,'2016-05-04 09:30:50','00000072',1,32),(1930,'2016-05-04 09:30:53','0000006e',2,34),(1931,'2016-05-04 09:31:03','0000006f',1,22),(1932,'2016-05-04 09:31:13','0000006e',2,33),(1933,'2016-05-04 09:31:17','0000006e',1,30),(1934,'2016-05-04 09:31:24','0000006f',1,27),(1935,'2016-05-04 09:31:24','0000006e',1,22),(1936,'2016-05-04 09:31:43','0000006e',2,34),(1937,'2016-05-04 09:31:47','0000006f',1,22),(1938,'2016-05-04 09:31:53','00000072',1,30),(1939,'2016-05-04 09:31:54','0000006f',1,27),(1940,'2016-05-04 09:32:00','00000072',1,32),(1941,'2016-05-04 09:32:03','0000006e',2,33),(1942,'2016-05-04 09:32:07','00000072',1,30),(1943,'2016-05-04 09:32:13','0000006e',1,30),(1944,'2016-05-04 09:32:14','00000072',1,32),(1945,'2016-05-04 09:32:17','0000006f',1,22),(1946,'2016-05-04 09:32:20','0000006e',1,22),(1947,'2016-05-04 09:32:25','0000006f',1,27),(1948,'2016-05-04 09:32:26','0000006e',2,34),(1949,'2016-05-04 09:32:31','0000006e',1,30),(1950,'2016-05-04 09:32:34','00000072',1,30),(1951,'2016-05-04 09:32:38','0000006e',1,22),(1952,'2016-05-04 09:32:42','00000072',1,32),(1953,'2016-05-04 09:32:45','0000006e',1,30),(1954,'2016-05-04 09:32:46','0000006e',2,33),(1955,'2016-05-04 09:32:48','0000006f',1,22),(1956,'2016-05-04 09:32:52','0000006e',1,22),(1957,'2016-05-04 09:32:55','0000006f',1,27),(1958,'2016-05-04 09:33:04','0000006e',1,30),(1959,'2016-05-04 09:33:11','0000006e',1,22),(1960,'2016-05-04 09:33:17','0000006e',2,34),(1961,'2016-05-04 09:33:19','0000006f',1,22),(1962,'2016-05-04 09:33:20','0000006e',1,30),(1963,'2016-05-04 09:33:26','0000006f',1,27),(1964,'2016-05-04 09:33:28','0000006e',1,22),(1965,'2016-05-04 09:33:34','00000070',1,22),(1966,'2016-05-04 09:33:37','0000006e',2,33),(1967,'2016-05-04 09:33:38','0000006e',1,30),(1968,'2016-05-04 09:33:41','00000070',1,30),(1969,'2016-05-04 09:33:45','0000006e',1,22),(1970,'2016-05-04 09:33:48','00000070',2,33),(1971,'2016-05-04 09:33:48','00000070',1,22),(1972,'2016-05-04 09:33:51','0000006f',1,22),(1973,'2016-05-04 09:33:52','0000006e',1,30),(1974,'2016-05-04 09:33:55','00000070',1,30),(1975,'2016-05-04 09:34:01','0000006e',2,34),(1976,'2016-05-04 09:34:01','0000006f',1,27),(1977,'2016-05-04 09:34:02','00000071',1,31),(1978,'2016-05-04 09:34:03','00000070',1,22),(1979,'2016-05-04 09:34:04','0000006e',1,22),(1980,'2016-05-04 09:34:08','00000070',2,34),(1981,'2016-05-04 09:34:09','00000071',1,30),(1982,'2016-05-04 09:34:10','00000070',1,30),(1983,'2016-05-04 09:34:11','0000006e',1,30),(1984,'2016-05-04 09:34:18','0000006e',1,22),(1985,'2016-05-04 09:34:21','0000006e',2,33),(1986,'2016-05-04 09:34:23','0000006f',1,22),(1987,'2016-05-04 09:34:25','0000006e',1,30),(1988,'2016-05-04 09:34:31','0000006f',1,27),(1989,'2016-05-04 09:34:32','0000006e',1,22),(1990,'2016-05-04 09:34:45','00000072',1,30),(1991,'2016-05-04 09:34:51','0000006f',1,22),(1992,'2016-05-04 09:34:56','00000072',1,32),(1993,'2016-05-04 09:35:00','0000006f',1,27),(1994,'2016-05-04 09:35:03','00000072',1,30),(1995,'2016-05-04 09:35:10','00000072',1,32),(1996,'2016-05-04 09:35:17','00000072',1,30),(1997,'2016-05-04 09:35:17','0000006e',1,30),(1998,'2016-05-04 09:35:23','0000006f',1,22),(1999,'2016-05-04 09:35:24','00000072',1,32),(2000,'2016-05-04 09:35:25','0000006e',1,22),(2001,'2016-05-04 09:35:30','0000006f',1,27),(2002,'2016-05-04 09:35:30','0000006e',2,34),(2003,'2016-05-04 09:35:32','0000006e',1,30),(2004,'2016-05-04 09:35:40','0000006e',1,22),(2005,'2016-05-04 09:35:42','00000072',1,30),(2006,'2016-05-04 09:35:47','0000006e',1,30),(2007,'2016-05-04 09:35:52','00000072',1,32),(2008,'2016-05-04 09:35:53','0000006e',2,33),(2009,'2016-05-04 09:35:54','0000006e',1,22),(2010,'2016-05-04 09:35:55','0000006f',1,22),(2011,'2016-05-04 09:36:00','00000070',1,30),(2012,'2016-05-04 09:36:00','00000070',2,34),(2013,'2016-05-04 09:36:04','00000073',1,30),(2014,'2016-05-04 09:36:04','00000073',2,34),(2015,'2016-05-04 09:36:06','0000006f',1,27),(2016,'2016-05-04 09:36:09','0000006e',1,30),(2017,'2016-05-04 09:36:19','0000006e',1,22),(2018,'2016-05-04 09:36:22','0000006e',2,34),(2019,'2016-05-04 09:36:26','0000006f',1,22),(2020,'2016-05-04 09:36:26','00000072',1,30),(2021,'2016-05-04 09:36:33','0000006f',1,27),(2022,'2016-05-04 09:36:38','00000072',1,32),(2023,'2016-05-04 09:36:42','0000006e',2,33),(2024,'2016-05-04 09:36:45','0000006f',1,22),(2025,'2016-05-04 09:36:45','0000006e',1,30),(2026,'2016-05-04 09:36:46','00000072',1,30),(2027,'2016-05-04 09:36:52','0000006f',1,27),(2028,'2016-05-04 09:36:52','0000006e',1,22),(2029,'2016-05-04 09:36:55','00000072',1,32),(2030,'2016-05-04 09:37:03','0000006e',1,30),(2031,'2016-05-04 09:37:11','0000006e',1,22),(2032,'2016-05-04 09:37:11','0000006e',2,34),(2033,'2016-05-04 09:37:19','0000006e',1,30),(2034,'2016-05-04 09:37:24','0000006f',1,22),(2035,'2016-05-04 09:37:26','0000006e',1,22),(2036,'2016-05-04 09:37:31','0000006f',1,27),(2037,'2016-05-04 09:37:31','0000006e',2,33),(2038,'2016-05-04 09:37:35','0000006e',1,30),(2039,'2016-05-04 09:37:42','0000006e',1,22),(2040,'2016-05-04 09:37:46','00000073',2,34),(2041,'2016-05-04 09:37:51','0000006e',1,30),(2042,'2016-05-04 09:37:59','0000006e',1,22),(2043,'2016-05-04 09:38:02','0000006f',1,22),(2044,'2016-05-04 09:38:04','0000006e',2,34),(2045,'2016-05-04 09:38:06','0000006e',1,30),(2046,'2016-05-04 09:38:09','0000006f',1,27),(2047,'2016-05-04 09:38:14','0000006e',1,22),(2048,'2016-05-04 09:38:21','0000006f',1,22),(2049,'2016-05-04 09:38:21','0000006e',1,30),(2050,'2016-05-04 09:38:24','0000006e',2,33),(2051,'2016-05-04 09:38:28','0000006f',1,27),(2052,'2016-05-04 09:38:28','0000006e',1,22),(2053,'2016-05-04 09:38:35','0000006f',1,22),(2054,'2016-05-04 09:38:42','0000006f',1,27),(2055,'2016-05-04 09:38:49','0000006f',1,22),(2056,'2016-05-04 09:38:57','0000006f',1,27),(2057,'2016-05-04 09:38:59','0000006e',1,30),(2058,'2016-05-04 09:38:59','0000006e',2,34),(2059,'2016-05-04 09:39:08','0000006f',1,22),(2060,'2016-05-04 09:39:14','00000072',1,30),(2061,'2016-05-04 09:39:14','00000071',1,31),(2062,'2016-05-04 09:39:15','0000006f',1,27),(2063,'2016-05-04 09:39:21','00000072',1,32),(2064,'2016-05-04 09:39:21','00000071',1,30),(2065,'2016-05-04 09:39:27','0000006e',1,22),(2066,'2016-05-04 09:39:27','0000006e',2,33),(2067,'2016-05-04 09:39:29','00000072',1,30),(2068,'2016-05-04 09:39:31','0000006f',1,22),(2069,'2016-05-04 09:39:36','00000072',1,32),(2070,'2016-05-04 09:39:38','0000006f',1,27),(2071,'2016-05-04 09:39:45','0000006f',1,22),(2072,'2016-05-04 09:39:47','0000006e',1,30),(2073,'2016-05-04 09:39:47','0000006e',2,34),(2074,'2016-05-04 09:39:53','0000006f',1,27),(2075,'2016-05-04 09:40:00','0000006f',1,22),(2076,'2016-05-04 09:40:07','0000006f',1,27),(2077,'2016-05-04 09:40:14','0000006f',1,22),(2078,'2016-05-04 09:40:17','0000006e',1,22),(2079,'2016-05-04 09:40:22','0000006f',1,27),(2080,'2016-05-04 09:40:25','0000006e',1,30),(2081,'2016-05-04 09:40:30','0000006e',2,33),(2082,'2016-05-04 09:40:31','0000006f',1,22),(2083,'2016-05-04 09:40:33','0000006e',1,22),(2084,'2016-05-04 09:40:40','0000006e',1,30),(2085,'2016-05-04 09:40:48','0000006f',1,27),(2086,'2016-05-04 09:40:52','0000006e',2,34),(2087,'2016-05-04 09:40:55','0000006f',1,22),(2088,'2016-05-04 09:41:06','0000006e',1,22),(2089,'2016-05-04 09:41:08','0000006f',1,27),(2090,'2016-05-04 09:41:15','0000006f',1,22),(2091,'2016-05-04 09:41:18','00000072',1,30),(2092,'2016-05-04 09:41:19','0000006e',2,33),(2093,'2016-05-04 09:41:26','00000072',1,32),(2094,'2016-05-04 09:41:35','0000006f',1,27),(2095,'2016-05-04 09:41:40','0000006e',2,34),(2096,'2016-05-04 09:41:42','0000006f',1,22),(2097,'2016-05-04 09:41:44','00000072',1,30),(2098,'2016-05-04 09:41:49','00000071',1,32),(2099,'2016-05-04 09:41:52','0000006f',1,27),(2100,'2016-05-04 09:41:56','00000071',1,30),(2101,'2016-05-04 09:42:00','0000006f',1,22),(2102,'2016-05-04 09:42:01','00000072',1,32),(2103,'2016-05-04 09:42:01','0000006e',1,30),(2104,'2016-05-04 09:42:08','0000006f',1,27),(2105,'2016-05-04 09:42:08','0000006e',2,33),(2106,'2016-05-04 09:42:15','0000006f',1,22),(2107,'2016-05-04 09:42:22','0000006f',1,27),(2108,'2016-05-04 09:42:28','0000006e',2,34),(2109,'2016-05-04 09:42:31','0000006f',1,22),(2110,'2016-05-04 09:42:31','0000006e',1,22),(2111,'2016-05-04 09:42:41','00000072',1,30),(2112,'2016-05-04 09:42:46','0000006f',1,27),(2113,'2016-05-04 09:42:48','00000072',1,32),(2114,'2016-05-04 09:42:48','0000006e',2,33),(2115,'2016-05-04 09:42:53','0000006f',1,22),(2116,'2016-05-04 09:42:56','0000006e',1,30),(2117,'2016-05-04 09:42:59','00000072',1,30),(2118,'2016-05-04 09:43:03','0000006e',1,22),(2119,'2016-05-04 09:43:06','00000072',1,32),(2120,'2016-05-04 09:43:10','0000006e',1,30),(2121,'2016-05-04 09:43:16','0000006f',1,27),(2122,'2016-05-04 09:43:22','0000006e',2,34),(2123,'2016-05-04 09:43:23','0000006f',1,22),(2124,'2016-05-04 09:43:30','0000006f',1,27),(2125,'2016-05-04 09:43:33','0000006e',1,22),(2126,'2016-05-04 09:43:39','0000006f',1,22),(2127,'2016-05-04 09:43:46','0000006f',1,27),(2128,'2016-05-04 09:43:46','0000006e',2,33),(2129,'2016-05-04 09:43:53','0000006f',1,22),(2130,'2016-05-04 09:43:53','0000006e',1,30),(2131,'2016-05-04 09:44:01','0000006f',1,27),(2132,'2016-05-04 09:44:05','0000006e',1,22),(2133,'2016-05-04 09:44:06','0000006e',2,34),(2134,'2016-05-04 09:44:09','0000006f',1,22),(2135,'2016-05-04 09:44:12','0000006e',1,30),(2136,'2016-05-04 09:44:16','0000006f',1,27),(2137,'2016-05-04 09:44:19','0000006e',1,22),(2138,'2016-05-04 09:44:25','0000006f',1,22),(2139,'2016-05-04 09:44:26','0000006e',2,33),(2140,'2016-05-04 09:44:31','0000006e',1,30),(2141,'2016-05-04 09:44:33','0000006f',1,27),(2142,'2016-05-04 09:44:39','0000006e',1,22),(2143,'2016-05-04 09:44:40','0000006f',1,22),(2144,'2016-05-04 09:44:46','0000006e',1,30),(2145,'2016-05-04 09:44:48','0000006e',2,34),(2146,'2016-05-04 09:44:50','0000006f',1,27),(2147,'2016-05-04 09:44:50','00000072',1,30),(2148,'2016-05-04 09:45:04','0000006f',1,22),(2149,'2016-05-04 09:45:10','00000072',1,32),(2150,'2016-05-04 09:45:12','0000006f',1,27),(2151,'2016-05-04 09:45:17','0000006e',1,22),(2152,'2016-05-04 09:45:24','0000006f',1,22),(2153,'2016-05-04 09:45:24','0000006e',1,30),(2154,'2016-05-04 09:45:24','00000070',1,22),(2155,'2016-05-04 09:45:24','00000070',2,33),(2156,'2016-05-04 09:45:30','0000006e',2,33),(2157,'2016-05-04 09:45:31','0000006e',1,22),(2158,'2016-05-04 09:45:34','0000006f',1,27),(2159,'2016-05-04 09:45:38','0000006e',1,30),(2160,'2016-05-04 09:45:44','00000070',1,30),(2161,'2016-05-04 09:45:44','00000070',2,34),(2162,'2016-05-04 09:45:47','0000006f',1,22),(2163,'2016-05-04 09:45:50','0000006e',2,34),(2164,'2016-05-04 09:45:54','0000006f',1,27),(2165,'2016-05-04 09:46:01','0000006f',1,22),(2166,'2016-05-04 09:46:04','00000070',1,22),(2167,'2016-05-04 09:46:04','00000070',2,33),(2168,'2016-05-04 09:46:08','0000006f',1,27),(2169,'2016-05-04 09:46:16','00000072',1,30),(2170,'2016-05-04 09:46:24','0000006e',2,33),(2171,'2016-05-04 09:46:24','00000070',1,30),(2172,'2016-05-04 09:46:24','00000070',2,34),(2173,'2016-05-04 09:46:30','0000006f',1,22),(2174,'2016-05-04 09:46:38','0000006f',1,27),(2175,'2016-05-04 09:46:39','0000006e',1,22),(2176,'2016-05-04 09:46:44','0000006e',2,34),(2177,'2016-05-04 09:46:45','0000006f',1,22),(2178,'2016-05-04 09:46:48','0000006e',1,30),(2179,'2016-05-04 09:46:49','00000072',1,32),(2180,'2016-05-04 09:46:52','0000006f',1,27),(2181,'2016-05-04 09:46:56','00000072',1,30),(2182,'2016-05-04 09:46:59','0000006f',1,22),(2183,'2016-05-04 09:47:03','0000006e',1,22),(2184,'2016-05-04 09:47:08','0000006f',1,27),(2185,'2016-05-04 09:47:10','0000006e',1,30),(2186,'2016-05-04 09:47:16','00000072',1,32),(2187,'2016-05-04 09:47:16','0000006e',2,33),(2188,'2016-05-04 09:47:17','0000006f',1,22),(2189,'2016-05-04 09:47:18','0000006e',1,22),(2190,'2016-05-04 09:47:24','0000006f',1,27),(2191,'2016-05-04 09:47:31','0000006f',1,22),(2192,'2016-05-04 09:47:35','0000006e',1,30),(2193,'2016-05-04 09:47:36','0000006e',2,34),(2194,'2016-05-04 09:47:38','0000006f',1,27),(2195,'2016-05-04 09:47:39','00000072',1,30),(2196,'2016-05-04 09:47:42','0000006e',1,22),(2197,'2016-05-04 09:47:56','0000006e',2,33),(2198,'2016-05-04 09:47:57','0000006e',1,30),(2199,'2016-05-04 09:47:59','00000072',1,32),(2200,'2016-05-04 09:48:03','0000006f',1,22),(2201,'2016-05-04 09:48:03','00000070',1,22),(2202,'2016-05-04 09:48:04','00000070',2,33),(2203,'2016-05-04 09:48:04','0000006e',1,22),(2204,'2016-05-04 09:48:06','00000072',1,30),(2205,'2016-05-04 09:48:06','00000071',1,31),(2206,'2016-05-04 09:48:11','0000006e',1,30),(2207,'2016-05-04 09:48:13','00000072',1,32),(2208,'2016-05-04 09:48:13','00000071',1,30),(2209,'2016-05-04 09:48:16','0000006f',1,27),(2210,'2016-05-04 09:48:21','0000006e',2,34),(2211,'2016-05-04 09:48:23','00000070',1,30),(2212,'2016-05-04 09:48:23','00000070',2,34),(2213,'2016-05-04 09:48:26','0000006e',1,22),(2214,'2016-05-04 09:48:30','0000006f',1,24),(2215,'2016-05-04 09:48:37','0000006f',1,22),(2216,'2016-05-04 09:48:39','00000071',1,32),(2217,'2016-05-04 09:48:40','0000006e',1,30),(2218,'2016-05-04 09:48:41','0000006e',2,33),(2219,'2016-05-04 09:48:46','00000071',1,30),(2220,'2016-05-04 09:48:47','0000006e',1,22),(2221,'2016-05-04 09:48:48','0000006f',1,27),(2222,'2016-05-04 09:48:55','0000006f',1,22),(2223,'2016-05-04 09:48:58','00000072',1,30),(2224,'2016-05-04 09:49:02','0000006f',1,27),(2225,'2016-05-04 09:49:03','0000006e',1,30),(2226,'2016-05-04 09:49:05','00000072',1,32),(2227,'2016-05-04 09:49:11','0000006f',1,22),(2228,'2016-05-04 09:49:15','00000072',1,30),(2229,'2016-05-04 09:49:17','0000006e',1,22),(2230,'2016-05-04 09:49:17','0000006e',2,34),(2231,'2016-05-04 09:49:24','0000006e',1,30),(2232,'2016-05-04 09:49:30','0000006f',1,27),(2233,'2016-05-04 09:49:31','0000006e',1,22),(2234,'2016-05-04 09:49:40','0000006e',2,33),(2235,'2016-05-04 09:49:41','00000071',1,31),(2236,'2016-05-04 09:49:43','0000006e',1,30),(2237,'2016-05-04 09:49:44','0000006f',1,22),(2238,'2016-05-04 09:49:48','00000071',1,30),(2239,'2016-05-04 09:49:49','00000072',1,32),(2240,'2016-05-04 09:49:51','0000006f',1,27),(2241,'2016-05-04 09:49:51','0000006e',1,22),(2242,'2016-05-04 09:50:00','0000006e',2,34),(2243,'2016-05-04 09:50:02','00000072',1,30),(2244,'2016-05-04 09:50:04','0000006f',1,22),(2245,'2016-05-04 09:50:11','0000006f',1,27),(2246,'2016-05-04 09:50:18','0000006f',1,22),(2247,'2016-05-04 09:50:20','0000006e',2,33),(2248,'2016-05-04 09:50:25','0000006e',1,30),(2249,'2016-05-04 09:50:27','0000006f',1,27),(2250,'2016-05-04 09:50:32','0000006e',1,22),(2251,'2016-05-04 09:50:34','0000006f',1,22),(2252,'2016-05-04 09:50:48','0000006e',2,34),(2253,'2016-05-04 09:50:49','0000006e',1,30),(2254,'2016-05-04 09:50:53','00000070',1,22),(2255,'2016-05-04 09:50:53','00000070',2,33),(2256,'2016-05-04 09:50:55','0000006f',1,27),(2257,'2016-05-04 09:50:56','0000006e',1,22),(2258,'2016-05-04 09:51:02','0000006f',1,22),(2259,'2016-05-04 09:51:02','00000072',1,32),(2260,'2016-05-04 09:51:08','0000006e',2,33),(2261,'2016-05-04 09:51:13','00000070',1,30),(2262,'2016-05-04 09:51:13','00000070',2,34),(2263,'2016-05-04 09:51:24','0000006f',1,27),(2264,'2016-05-04 09:51:30','0000006e',1,30),(2265,'2016-05-04 09:51:33','0000006f',1,22),(2266,'2016-05-04 09:51:34','00000072',1,30),(2267,'2016-05-04 09:51:40','0000006e',1,22),(2268,'2016-05-04 09:51:43','0000006e',2,34),(2269,'2016-05-04 09:51:46','0000006f',1,27),(2270,'2016-05-04 09:51:49','0000006e',1,30),(2271,'2016-05-04 09:51:54','0000006f',1,22),(2272,'2016-05-04 09:51:57','0000006e',1,22),(2273,'2016-05-04 09:52:01','0000006f',1,27),(2274,'2016-05-04 09:52:04','0000006e',1,30),(2275,'2016-05-04 09:52:05','0000006e',2,33),(2276,'2016-05-04 09:52:09','0000006f',1,22),(2277,'2016-05-04 09:52:11','0000006e',1,22),(2278,'2016-05-04 09:52:11','00000070',1,22),(2279,'2016-05-04 09:52:11','00000070',2,33),(2280,'2016-05-04 09:52:17','00000072',1,32),(2281,'2016-05-04 09:52:18','00000070',1,30),(2282,'2016-05-04 09:52:22','0000006f',1,27),(2283,'2016-05-04 09:52:27','0000006e',2,34),(2284,'2016-05-04 09:52:31','0000006f',1,22),(2285,'2016-05-04 09:52:31','00000070',2,34),(2286,'2016-05-04 09:52:38','00000070',1,22),(2287,'2016-05-04 09:52:39','00000071',1,29),(2288,'2016-05-04 09:52:42','0000006f',1,27),(2289,'2016-05-04 09:52:45','00000070',1,30),(2290,'2016-05-04 09:52:46','00000071',1,30),(2291,'2016-05-04 09:52:47','0000006e',2,33),(2292,'2016-05-04 09:52:59','0000006e',1,30),(2293,'2016-05-04 09:53:03','00000072',1,30),(2294,'2016-05-04 09:53:08','0000006e',1,22),(2295,'2016-05-04 09:53:12','0000006e',2,34),(2296,'2016-05-04 09:53:23','00000072',1,32),(2297,'2016-05-04 09:53:30','0000006f',1,22),(2298,'2016-05-04 09:53:32','0000006e',2,33),(2299,'2016-05-04 09:53:37','00000072',1,30),(2300,'2016-05-04 09:53:41','0000006e',1,30),(2301,'2016-05-04 09:53:44','00000072',1,32),(2302,'2016-05-04 09:53:48','0000006e',1,22),(2303,'2016-05-04 09:53:54','0000006e',2,34),(2304,'2016-05-04 09:54:03','0000006e',1,30),(2305,'2016-05-04 09:54:04','00000071',1,31),(2306,'2016-05-04 09:54:11','00000071',1,30),(2307,'2016-05-04 09:54:13','0000006e',1,22),(2308,'2016-05-04 09:54:14','0000006e',2,33),(2309,'2016-05-04 09:54:19','00000071',1,29),(2310,'2016-05-04 09:54:23','00000072',1,32),(2311,'2016-05-04 09:54:27','00000071',1,30),(2312,'2016-05-04 09:54:30','00000071',2,33),(2313,'2016-05-04 09:54:31','00000070',1,22),(2314,'2016-05-04 09:54:31','00000070',2,33),(2315,'2016-05-04 09:54:33','0000006e',1,30),(2316,'2016-05-04 09:54:34','0000006e',2,34),(2317,'2016-05-04 09:54:38','00000070',1,30),(2318,'2016-05-04 09:54:40','0000006e',1,22),(2319,'2016-05-04 09:54:41','0000006f',1,27),(2320,'2016-05-04 09:54:48','0000006f',1,22),(2321,'2016-05-04 09:54:49','0000006e',1,30),(2322,'2016-05-04 09:54:50','00000071',2,34),(2323,'2016-05-04 09:54:51','00000070',2,34),(2324,'2016-05-04 09:54:59','0000006e',2,33),(2325,'2016-05-04 09:55:10','0000006e',1,22),(2326,'2016-05-04 09:55:14','0000006f',1,27),(2327,'2016-05-04 09:55:20','0000006e',2,34),(2328,'2016-05-04 09:55:31','0000006f',1,22),(2329,'2016-05-04 09:55:38','0000006f',1,27),(2330,'2016-05-04 09:55:40','0000006e',2,33),(2331,'2016-05-04 09:55:55','00000071',1,31),(2332,'2016-05-04 09:55:58','0000006f',1,22),(2333,'2016-05-04 09:56:03','00000071',1,30),(2334,'2016-05-04 09:56:06','0000006e',1,30),(2335,'2016-05-04 09:56:15','0000006e',1,22),(2336,'2016-05-04 09:56:19','0000006e',2,34),(2337,'2016-05-04 09:56:33','0000006e',1,30),(2338,'2016-05-04 09:56:36','0000006f',1,27),(2339,'2016-05-04 09:56:39','0000006e',2,33),(2340,'2016-05-04 09:56:40','0000006e',1,22),(2341,'2016-05-04 09:56:49','0000006e',1,30),(2342,'2016-05-04 09:56:56','0000006f',1,22),(2343,'2016-05-04 09:56:56','0000006e',1,22),(2344,'2016-05-04 09:57:02','0000006e',2,34),(2345,'2016-05-04 09:57:06','0000006e',1,30),(2346,'2016-05-04 09:57:13','0000006e',1,22),(2347,'2016-05-04 09:57:21','0000006e',1,30),(2348,'2016-05-04 09:57:26','0000006e',2,33),(2349,'2016-05-04 09:57:46','0000006e',2,34),(2350,'2016-05-04 09:57:53','0000006e',1,22),(2351,'2016-05-04 09:58:00','0000006e',1,30),(2352,'2016-05-04 09:58:07','0000006e',1,22),(2353,'2016-05-04 09:58:07','0000006e',2,33),(2354,'2016-05-04 09:58:14','0000006e',1,30),(2355,'2016-05-04 09:58:21','0000006e',1,22),(2356,'2016-05-04 09:58:25','00000072',1,32),(2357,'2016-05-04 09:58:27','0000006e',2,34),(2358,'2016-05-04 09:58:29','0000006e',1,30),(2359,'2016-05-04 09:58:36','0000006e',1,22),(2360,'2016-05-04 09:58:46','0000006e',1,30),(2361,'2016-05-04 09:58:48','0000006e',2,33),(2362,'2016-05-04 09:58:55','0000006e',1,22),(2363,'2016-05-04 09:59:06','0000006e',1,30),(2364,'2016-05-04 09:59:19','0000006e',1,22),(2365,'2016-05-04 09:59:19','0000006e',2,34),(2366,'2016-05-04 09:59:31','00000072',1,30),(2367,'2016-05-04 09:59:33','00000070',1,30),(2368,'2016-05-04 09:59:39','0000006e',2,33),(2369,'2016-05-04 09:59:42','00000071',1,29),(2370,'2016-05-04 09:59:45','00000070',2,34),(2371,'2016-05-04 09:59:47','00000071',2,33),(2372,'2016-05-04 09:59:49','00000071',1,30),(2373,'2016-05-04 10:00:02','0000006e',1,30),(2374,'2016-05-04 10:00:07','00000071',2,34),(2375,'2016-05-04 10:00:13','00000071',1,29),(2376,'2016-05-04 10:00:14','0000006e',2,34),(2377,'2016-05-04 10:00:25','00000071',1,30),(2378,'2016-05-04 10:00:26','00000072',2,33),(2379,'2016-05-04 10:00:26','00000070',1,22),(2380,'2016-05-04 10:00:27','00000071',2,33),(2381,'2016-05-04 10:00:32','0000006f',1,27),(2382,'2016-05-04 10:00:32','00000071',1,29),(2383,'2016-05-04 10:00:33','00000070',1,30),(2384,'2016-05-04 10:00:36','0000006e',1,22),(2385,'2016-05-04 10:00:39','0000006f',1,22),(2386,'2016-05-04 10:00:39','00000070',2,33),(2387,'2016-05-04 10:00:43','0000006e',1,30),(2388,'2016-05-04 10:00:43','00000071',1,30),(2389,'2016-05-04 10:00:46','00000072',2,34),(2390,'2016-05-04 10:00:47','00000071',2,34),(2391,'2016-05-04 10:00:49','0000006e',2,33),(2392,'2016-05-04 10:00:55','0000006f',1,27),(2393,'2016-05-04 10:00:55','0000006e',1,22),(2394,'2016-05-04 10:00:59','00000070',2,34),(2395,'2016-05-04 10:01:01','00000071',1,29),(2396,'2016-05-04 10:01:02','0000006e',1,30),(2397,'2016-05-04 10:01:03','00000070',1,22),(2398,'2016-05-04 10:01:06','0000006f',1,22),(2399,'2016-05-04 10:01:09','00000070',1,30),(2400,'2016-05-04 10:01:10','0000006e',2,34),(2401,'2016-05-04 10:01:11','00000071',1,30),(2402,'2016-05-04 10:01:15','0000006f',1,27),(2403,'2016-05-04 10:01:17','00000070',1,22),(2404,'2016-05-04 10:01:19','00000071',1,29),(2405,'2016-05-04 10:01:19','00000071',2,33),(2406,'2016-05-04 10:01:20','00000070',2,33),(2407,'2016-05-04 10:01:23','0000006e',1,22),(2408,'2016-05-04 10:01:24','00000072',1,32),(2409,'2016-05-04 10:01:24','00000070',1,30),(2410,'2016-05-04 10:01:26','00000071',1,30),(2411,'2016-05-04 10:01:29','0000006f',1,22),(2412,'2016-05-04 10:01:29','00000072',2,33),(2413,'2016-05-04 10:01:31','0000006e',1,30),(2414,'2016-05-04 10:01:34','00000071',1,31),(2415,'2016-05-04 10:01:36','0000006e',2,33),(2416,'2016-05-04 10:01:38','0000006e',1,22),(2417,'2016-05-04 10:01:39','00000071',2,34),(2418,'2016-05-04 10:01:40','0000006f',1,27),(2419,'2016-05-04 10:01:40','00000070',2,34),(2420,'2016-05-04 10:01:41','00000071',1,30),(2421,'2016-05-04 10:01:46','0000006e',1,30),(2422,'2016-05-04 10:01:47','0000006f',1,22),(2423,'2016-05-04 10:01:49','00000072',2,34),(2424,'2016-05-04 10:01:49','00000070',1,22),(2425,'2016-05-04 10:01:53','0000006e',1,22),(2426,'2016-05-04 10:01:56','0000006f',1,27),(2427,'2016-05-04 10:01:56','00000070',1,30),(2428,'2016-05-04 10:01:57','0000006e',2,34),(2429,'2016-05-04 10:02:02','00000070',2,33),(2430,'2016-05-04 10:02:03','0000006e',1,30),(2431,'2016-05-04 10:02:04','0000006f',1,22),(2432,'2016-05-04 10:02:04','00000070',1,22),(2433,'2016-05-04 10:02:11','00000070',1,30),(2434,'2016-05-04 10:02:13','0000006f',1,27),(2435,'2016-05-04 10:02:17','0000006e',2,33),(2436,'2016-05-04 10:02:20','0000006f',1,22),(2437,'2016-05-04 10:02:20','0000006e',1,22),(2438,'2016-05-04 10:02:22','00000070',2,34),(2439,'2016-05-04 10:02:23','00000070',1,22),(2440,'2016-05-04 10:02:30','0000006f',1,27),(2441,'2016-05-04 10:02:30','00000070',1,30),(2442,'2016-05-04 10:02:32','0000006e',1,30),(2443,'2016-05-04 10:02:37','0000006e',2,34),(2444,'2016-05-04 10:02:51','0000006f',1,22),(2445,'2016-05-04 10:03:00','0000006f',1,27),(2446,'2016-05-04 10:03:00','0000006e',1,22),(2447,'2016-05-04 10:03:07','0000006f',1,22),(2448,'2016-05-04 10:03:07','0000006e',1,30),(2449,'2016-05-04 10:03:13','0000006e',2,33),(2450,'2016-05-04 10:03:14','0000006f',1,27),(2451,'2016-05-04 10:03:15','0000006e',1,22),(2452,'2016-05-04 10:03:21','0000006f',1,22),(2453,'2016-05-04 10:03:22','0000006e',1,30),(2454,'2016-05-04 10:03:29','0000006f',1,27),(2455,'2016-05-04 10:03:29','0000006e',1,22),(2456,'2016-05-04 10:03:33','0000006e',2,34),(2457,'2016-05-04 10:03:36','0000006e',1,30),(2458,'2016-05-04 10:03:39','0000006f',1,22),(2459,'2016-05-04 10:03:44','0000006e',1,22),(2460,'2016-05-04 10:03:46','0000006f',1,27),(2461,'2016-05-04 10:03:46','00000070',1,32),(2462,'2016-05-04 10:03:53','0000006f',1,22),(2463,'2016-05-04 10:03:53','00000070',1,30),(2464,'2016-05-04 10:03:57','0000006e',2,33),(2465,'2016-05-04 10:04:08','0000006e',1,30),(2466,'2016-05-04 10:04:17','0000006e',1,22),(2467,'2016-05-04 10:04:20','0000006f',1,27),(2468,'2016-05-04 10:04:21','0000006e',2,34),(2469,'2016-05-04 10:04:24','0000006e',1,30),(2470,'2016-05-04 10:04:35','0000006e',1,22),(2471,'2016-05-04 10:04:41','0000006f',1,22),(2472,'2016-05-04 10:04:42','0000006e',2,33),(2473,'2016-05-04 10:04:48','0000006f',1,27),(2474,'2016-05-04 10:05:02','0000006e',2,34),(2475,'2016-05-04 10:05:04','0000006e',1,30),(2476,'2016-05-04 10:05:08','0000006f',1,22),(2477,'2016-05-04 10:05:18','0000006f',1,27),(2478,'2016-05-04 10:05:24','0000006e',2,33),(2479,'2016-05-04 10:05:29','0000006f',1,22),(2480,'2016-05-04 10:05:44','0000006e',2,34),(2481,'2016-05-04 10:05:49','0000006f',1,27),(2482,'2016-05-04 10:05:57','0000006f',1,22),(2483,'2016-05-04 10:06:04','0000006f',1,27),(2484,'2016-05-04 10:06:05','0000006e',2,33),(2485,'2016-05-04 10:06:11','0000006f',1,22),(2486,'2016-05-04 10:06:18','00000072',1,30),(2487,'2016-05-04 10:06:25','0000006e',2,34),(2488,'2016-05-04 10:06:26','00000072',1,32),(2489,'2016-05-04 10:06:28','0000006f',1,27),(2490,'2016-05-04 10:06:36','0000006f',1,22),(2491,'2016-05-04 10:06:43','0000006f',1,27),(2492,'2016-05-04 10:06:50','0000006f',1,22),(2493,'2016-05-04 10:06:50','0000006e',2,33),(2494,'2016-05-04 10:06:53','00000071',1,31),(2495,'2016-05-04 10:06:59','00000070',1,22),(2496,'2016-05-04 10:07:00','00000071',1,30),(2497,'2016-05-04 10:07:01','0000006e',1,22),(2498,'2016-05-04 10:07:03','0000006f',1,27),(2499,'2016-05-04 10:07:03','00000072',1,30),(2500,'2016-05-04 10:07:10','0000006f',1,22),(2501,'2016-05-04 10:07:10','00000072',1,32),(2502,'2016-05-04 10:07:10','0000006e',2,34),(2503,'2016-05-04 10:07:12','00000070',2,33),(2504,'2016-05-04 10:07:18','0000006f',1,27),(2505,'2016-05-04 10:07:18','00000070',1,30),(2506,'2016-05-04 10:07:25','0000006f',1,22),(2507,'2016-05-04 10:07:30','0000006e',1,30),(2508,'2016-05-04 10:07:31','0000006e',2,33),(2509,'2016-05-04 10:07:32','00000070',2,34),(2510,'2016-05-04 10:07:33','0000006f',1,27),(2511,'2016-05-04 10:07:42','0000006f',1,22),(2512,'2016-05-04 10:07:49','0000006f',1,27),(2513,'2016-05-04 10:07:50','00000072',1,30),(2514,'2016-05-04 10:07:50','0000006e',1,22),(2515,'2016-05-04 10:07:53','0000006e',2,34),(2516,'2016-05-04 10:07:56','0000006f',1,22),(2517,'2016-05-04 10:07:57','00000072',1,32),(2518,'2016-05-04 10:07:57','0000006e',1,30),(2519,'2016-05-04 10:08:03','0000006f',1,27),(2520,'2016-05-04 10:08:03','00000070',1,22),(2521,'2016-05-04 10:08:08','00000072',1,30),(2522,'2016-05-04 10:08:12','00000070',1,30),(2523,'2016-05-04 10:08:15','0000006f',1,22),(2524,'2016-05-04 10:08:15','00000072',1,32),(2525,'2016-05-04 10:08:16','00000070',2,33),(2526,'2016-05-04 10:08:18','0000006e',1,22),(2527,'2016-05-04 10:08:18','0000006e',2,33),(2528,'2016-05-04 10:08:23','0000006f',1,27),(2529,'2016-05-04 10:08:25','0000006e',1,30),(2530,'2016-05-04 10:08:32','0000006f',1,22),(2531,'2016-05-04 10:08:36','00000070',2,34),(2532,'2016-05-04 10:08:38','0000006e',1,22),(2533,'2016-05-04 10:08:38','0000006e',2,34),(2534,'2016-05-04 10:08:39','0000006f',1,27),(2535,'2016-05-04 10:08:46','0000006e',1,30),(2536,'2016-05-04 10:08:49','0000006f',1,22),(2537,'2016-05-04 10:08:57','0000006f',1,27),(2538,'2016-05-04 10:08:58','0000006e',2,33),(2539,'2016-05-04 10:09:06','0000006f',1,22),(2540,'2016-05-04 10:09:11','0000006e',1,22),(2541,'2016-05-04 10:09:14','0000006f',1,27),(2542,'2016-05-04 10:09:18','0000006e',1,30),(2543,'2016-05-04 10:09:19','0000006e',2,34),(2544,'2016-05-04 10:09:21','0000006f',1,22),(2545,'2016-05-04 10:09:28','0000006f',1,27),(2546,'2016-05-04 10:09:35','0000006f',1,22),(2547,'2016-05-04 10:09:44','0000006f',1,27),(2548,'2016-05-04 10:09:51','0000006f',1,22),(2549,'2016-05-04 10:10:01','0000006f',1,27),(2550,'2016-05-04 10:10:08','0000006f',1,22),(2551,'2016-05-04 10:10:44','0000006f',1,27),(2552,'2016-05-04 10:10:52','0000006f',1,22),(2553,'2016-05-04 10:11:06','0000006f',1,27),(2554,'2016-05-04 10:11:14','0000006f',1,22),(2555,'2016-05-04 10:11:30','0000006f',1,27),(2556,'2016-05-04 10:11:34','00000072',1,30),(2557,'2016-05-04 10:11:37','0000006f',1,22),(2558,'2016-05-04 10:11:41','00000072',1,32),(2559,'2016-05-04 10:11:53','0000006f',1,27),(2560,'2016-05-04 10:12:00','0000006f',1,22),(2561,'2016-05-04 10:12:15','0000006f',1,27),(2562,'2016-05-04 10:12:22','0000006f',1,22),(2563,'2016-05-04 10:12:40','0000006f',1,27),(2564,'2016-05-04 10:12:47','0000006f',1,22),(2565,'2016-05-04 10:12:54','0000006f',1,27),(2566,'2016-05-04 10:13:02','0000006f',1,22),(2567,'2016-05-04 10:13:11','0000006e',2,33),(2568,'2016-05-04 10:13:19','0000006e',1,22),(2569,'2016-05-04 10:13:23','0000006f',1,27),(2570,'2016-05-04 10:13:26','0000006e',1,30),(2571,'2016-05-04 10:13:31','0000006e',2,34),(2572,'2016-05-04 10:13:47','0000006f',1,22),(2573,'2016-05-04 10:13:47','0000006e',1,22),(2574,'2016-05-04 10:13:59','0000006e',1,30),(2575,'2016-05-04 10:14:00','0000006e',2,33),(2576,'2016-05-04 10:14:19','0000006e',1,22),(2577,'2016-05-04 10:14:22','0000006e',2,34),(2578,'2016-05-04 10:14:26','0000006e',1,30),(2579,'2016-05-04 10:14:33','0000006e',1,22),(2580,'2016-05-04 10:14:45','0000006e',2,33),(2581,'2016-05-04 10:14:46','0000006f',1,27),(2582,'2016-05-04 10:14:53','0000006f',1,22),(2583,'2016-05-04 10:14:57','0000006e',1,30),(2584,'2016-05-04 10:15:04','0000006e',1,22),(2585,'2016-05-04 10:15:08','0000006f',1,27),(2586,'2016-05-04 10:15:10','0000006e',2,34),(2587,'2016-05-04 10:15:11','0000006e',1,30),(2588,'2016-05-04 10:15:15','0000006f',1,22),(2589,'2016-05-04 10:15:19','0000006e',1,22),(2590,'2016-05-04 10:15:26','0000006e',1,30),(2591,'2016-05-04 10:15:32','0000006e',2,33),(2592,'2016-05-04 10:15:33','0000006f',1,27),(2593,'2016-05-04 10:15:40','0000006e',1,22),(2594,'2016-05-04 10:15:41','0000006f',1,22),(2595,'2016-05-04 10:15:41','00000070',2,34),(2596,'2016-05-04 10:15:42','00000070',1,31),(2597,'2016-05-04 10:15:47','0000006e',1,30),(2598,'2016-05-04 10:15:52','0000006e',2,34),(2599,'2016-05-04 10:16:01','00000070',2,33),(2600,'2016-05-04 10:16:02','00000070',1,22),(2601,'2016-05-04 10:16:09','00000070',1,30),(2602,'2016-05-04 10:16:10','0000006e',1,22),(2603,'2016-05-04 10:16:17','0000006e',1,30),(2604,'2016-05-04 10:16:21','00000072',1,30),(2605,'2016-05-04 10:16:23','0000006e',2,33),(2606,'2016-05-04 10:16:28','00000072',1,32),(2607,'2016-05-04 10:16:36','0000006e',1,22),(2608,'2016-05-04 10:16:37','00000072',1,30),(2609,'2016-05-04 10:16:39','0000006f',1,27),(2610,'2016-05-04 10:16:43','0000006e',1,30),(2611,'2016-05-04 10:16:43','0000006e',2,34),(2612,'2016-05-04 10:16:44','00000072',1,32),(2613,'2016-05-04 10:16:49','0000006f',1,22),(2614,'2016-05-04 10:16:51','00000072',1,30),(2615,'2016-05-04 10:16:57','0000006e',1,22),(2616,'2016-05-04 10:17:00','00000072',1,32),(2617,'2016-05-04 10:17:04','0000006e',1,30),(2618,'2016-05-04 10:17:09','0000006f',1,27),(2619,'2016-05-04 10:17:10','0000006e',2,33),(2620,'2016-05-04 10:17:12','0000006e',1,22),(2621,'2016-05-04 10:17:16','0000006f',1,22),(2622,'2016-05-04 10:17:20','0000006e',1,30),(2623,'2016-05-04 10:17:30','0000006e',2,34),(2624,'2016-05-04 10:17:32','00000070',1,30),(2625,'2016-05-04 10:17:36','00000072',1,30),(2626,'2016-05-04 10:17:43','00000072',1,32),(2627,'2016-05-04 10:17:44','00000070',1,29),(2628,'2016-05-04 10:17:44','00000070',2,34),(2629,'2016-05-04 10:17:50','00000072',1,30),(2630,'2016-05-04 10:17:57','00000072',1,32),(2631,'2016-05-04 10:17:57','00000070',1,30),(2632,'2016-05-04 10:17:58','0000006f',1,27),(2633,'2016-05-04 10:18:05','0000006f',1,22),(2634,'2016-05-04 10:18:07','0000006e',1,22),(2635,'2016-05-04 10:18:15','0000006e',1,30),(2636,'2016-05-04 10:18:20','0000006e',2,33),(2637,'2016-05-04 10:18:22','0000006e',1,22),(2638,'2016-05-04 10:18:28','00000070',1,29),(2639,'2016-05-04 10:18:29','0000006e',1,30),(2640,'2016-05-04 10:18:31','0000006f',1,27),(2641,'2016-05-04 10:18:31','00000072',1,30),(2642,'2016-05-04 10:18:40','0000006e',1,22),(2643,'2016-05-04 10:18:40','0000006e',2,34),(2644,'2016-05-04 10:18:41','0000006f',1,22),(2645,'2016-05-04 10:18:48','0000006e',1,30),(2646,'2016-05-04 10:18:51','00000072',1,32),(2647,'2016-05-04 10:18:55','0000006e',1,22),(2648,'2016-05-04 10:18:56','00000070',2,33),(2649,'2016-05-04 10:19:00','0000006e',2,33),(2650,'2016-05-04 10:19:02','0000006e',1,30),(2651,'2016-05-04 10:19:08','0000006f',1,27),(2652,'2016-05-04 10:19:15','0000006f',1,22),(2653,'2016-05-04 10:19:18','0000006e',1,22),(2654,'2016-05-04 10:19:20','0000006e',2,34),(2655,'2016-05-04 10:19:25','0000006e',1,30),(2656,'2016-05-04 10:19:32','00000072',1,30),(2657,'2016-05-04 10:19:32','0000006e',1,22),(2658,'2016-05-04 10:19:35','0000006f',1,27),(2659,'2016-05-04 10:19:39','00000072',1,32),(2660,'2016-05-04 10:19:40','0000006e',2,33),(2661,'2016-05-04 10:19:41','0000006e',1,30),(2662,'2016-05-04 10:19:42','0000006f',1,22),(2663,'2016-05-04 10:19:49','0000006f',1,27),(2664,'2016-05-04 10:19:51','0000006e',1,22),(2665,'2016-05-04 10:19:56','0000006f',1,22),(2666,'2016-05-04 10:19:56','00000072',1,30),(2667,'2016-05-04 10:19:58','0000006e',1,30),(2668,'2016-05-04 10:20:00','0000006e',2,34),(2669,'2016-05-04 10:20:03','0000006f',1,27),(2670,'2016-05-04 10:20:03','00000072',1,32),(2671,'2016-05-04 10:20:07','0000006e',1,22),(2672,'2016-05-04 10:20:10','0000006f',1,22),(2673,'2016-05-04 10:20:14','0000006e',1,30),(2674,'2016-05-04 10:20:20','0000006e',2,33),(2675,'2016-05-04 10:20:21','0000006f',1,27),(2676,'2016-05-04 10:20:21','0000006e',1,22),(2677,'2016-05-04 10:20:22','00000070',1,28),(2678,'2016-05-04 10:20:29','00000072',1,30),(2679,'2016-05-04 10:20:36','00000072',1,32),(2680,'2016-05-04 10:20:39','0000006f',1,22),(2681,'2016-05-04 10:20:42','00000070',1,29),(2682,'2016-05-04 10:20:47','0000006f',1,27),(2683,'2016-05-04 10:20:49','00000070',1,28),(2684,'2016-05-04 10:20:54','0000006f',1,22),(2685,'2016-05-04 10:21:10','00000072',1,30),(2686,'2016-05-04 10:21:17','00000072',1,32),(2687,'2016-05-04 10:21:30','00000072',1,30),(2688,'2016-05-04 10:21:37','00000072',1,32),(2689,'2016-05-04 10:21:52','00000072',1,30),(2690,'2016-05-04 10:21:59','00000072',1,32),(2691,'2016-05-04 10:22:03','00000070',1,29),(2692,'2016-05-04 10:22:08','00000072',1,30),(2693,'2016-05-04 10:22:10','00000070',1,30),(2694,'2016-05-04 10:22:10','00000070',2,34),(2695,'2016-05-04 10:22:15','00000072',1,32),(2696,'2016-05-04 10:22:27','00000072',1,30),(2697,'2016-05-04 10:22:34','00000072',1,32),(2698,'2016-05-04 10:22:42','00000072',1,30),(2699,'2016-05-04 10:22:49','00000072',1,32),(2700,'2016-05-04 10:22:59','00000072',1,30),(2701,'2016-05-04 10:23:09','00000072',1,32),(2702,'2016-05-04 10:23:31','00000072',1,30),(2703,'2016-05-04 10:23:38','00000072',1,32),(2704,'2016-05-04 10:23:45','00000072',1,30),(2705,'2016-05-04 10:24:02','00000072',1,32),(2706,'2016-05-04 10:24:21','00000072',1,30),(2707,'2016-05-04 10:24:25','00000070',1,31),(2708,'2016-05-04 10:24:29','00000072',1,32),(2709,'2016-05-04 10:24:39','00000072',1,30),(2710,'2016-05-04 10:24:45','00000070',1,29),(2711,'2016-05-04 10:24:45','00000070',2,33),(2712,'2016-05-04 10:24:46','00000072',1,32),(2713,'2016-05-04 10:24:55','00000072',1,30),(2714,'2016-05-04 10:24:57','00000070',1,31),(2715,'2016-05-04 10:25:02','00000071',1,32),(2716,'2016-05-04 10:25:09','00000071',1,30),(2717,'2016-05-04 10:25:10','00000070',2,34),(2718,'2016-05-04 10:25:17','00000070',1,29),(2719,'2016-05-04 10:25:22','00000072',1,32),(2720,'2016-05-04 10:25:30','00000070',2,33),(2721,'2016-05-04 10:25:31','0000006f',1,27),(2722,'2016-05-04 10:25:32','00000072',1,30),(2723,'2016-05-04 10:25:38','0000006f',1,22),(2724,'2016-05-04 10:25:39','00000072',1,32),(2725,'2016-05-04 10:25:45','0000006f',1,27),(2726,'2016-05-04 10:25:52','0000006f',1,22),(2727,'2016-05-04 10:25:59','0000006f',1,27),(2728,'2016-05-04 10:26:02','00000072',1,30),(2729,'2016-05-04 10:26:03','00000070',1,31),(2730,'2016-05-04 10:26:06','0000006f',1,22),(2731,'2016-05-04 10:26:11','00000072',1,32),(2732,'2016-05-04 10:26:14','0000006f',1,27),(2733,'2016-05-04 10:26:20','00000072',1,30),(2734,'2016-05-04 10:26:23','0000006f',1,22),(2735,'2016-05-04 10:26:23','00000070',1,29),(2736,'2016-05-04 10:26:27','00000072',1,32),(2737,'2016-05-04 10:26:27','0000006e',1,22),(2738,'2016-05-04 10:26:27','0000006e',2,33),(2739,'2016-05-04 10:26:30','0000006f',1,27),(2740,'2016-05-04 10:26:33','00000070',1,31),(2741,'2016-05-04 10:26:35','00000072',1,30),(2742,'2016-05-04 10:26:42','0000006f',1,22),(2743,'2016-05-04 10:26:42','00000070',1,30),(2744,'2016-05-04 10:26:44','00000072',1,32),(2745,'2016-05-04 10:26:47','0000006e',1,30),(2746,'2016-05-04 10:26:47','0000006e',2,34),(2747,'2016-05-04 10:26:49','0000006f',1,27),(2748,'2016-05-04 10:26:55','00000072',1,30),(2749,'2016-05-04 10:26:57','0000006f',1,22),(2750,'2016-05-04 10:27:02','00000072',1,32),(2751,'2016-05-04 10:27:05','0000006f',1,27),(2752,'2016-05-04 10:27:07','0000006e',1,22),(2753,'2016-05-04 10:27:07','0000006e',2,33),(2754,'2016-05-04 10:27:12','0000006f',1,22),(2755,'2016-05-04 10:27:14','00000070',1,28),(2756,'2016-05-04 10:27:27','0000006e',2,34),(2757,'2016-05-04 10:27:29','00000072',1,30),(2758,'2016-05-04 10:27:36','00000072',1,32),(2759,'2016-05-04 10:27:36','0000006e',1,30),(2760,'2016-05-04 10:27:38','00000070',1,31),(2761,'2016-05-04 10:27:43','0000006f',1,27),(2762,'2016-05-04 10:27:43','0000006e',1,22),(2763,'2016-05-04 10:27:47','0000006e',2,33),(2764,'2016-05-04 10:27:50','0000006f',1,22),(2765,'2016-05-04 10:27:50','0000006e',1,30),(2766,'2016-05-04 10:27:57','0000006e',1,22),(2767,'2016-05-04 10:27:58','00000070',1,29),(2768,'2016-05-04 10:28:05','00000070',1,30),(2769,'2016-05-04 10:28:06','0000006e',1,30),(2770,'2016-05-04 10:28:07','00000070',2,34),(2771,'2016-05-04 10:28:07','0000006e',2,34),(2772,'2016-05-04 10:28:17','0000006e',1,22),(2773,'2016-05-04 10:28:24','0000006e',1,30),(2774,'2016-05-04 10:28:28','00000072',1,30),(2775,'2016-05-04 10:28:30','0000006e',2,33),(2776,'2016-05-04 10:28:34','0000006e',1,22),(2777,'2016-05-04 10:28:35','0000006f',1,27),(2778,'2016-05-04 10:28:35','00000072',1,32),(2779,'2016-05-04 10:28:42','0000006f',1,22),(2780,'2016-05-04 10:28:51','0000006e',2,34),(2781,'2016-05-04 10:28:54','0000006e',1,30),(2782,'2016-05-04 10:29:01','00000072',1,30),(2783,'2016-05-04 10:29:11','00000072',1,32),(2784,'2016-05-04 10:29:11','0000006e',2,33),(2785,'2016-05-04 10:29:14','0000006e',1,22),(2786,'2016-05-04 10:29:18','00000072',1,30),(2787,'2016-05-04 10:29:21','0000006e',1,30),(2788,'2016-05-04 10:29:25','00000072',1,32),(2789,'2016-05-04 10:29:31','0000006e',2,34),(2790,'2016-05-04 10:29:32','00000072',1,30),(2791,'2016-05-04 10:29:39','00000072',1,32),(2792,'2016-05-04 10:29:46','00000072',1,30),(2793,'2016-05-04 10:29:53','00000072',1,32),(2794,'2016-05-04 10:30:00','00000072',1,30),(2795,'2016-05-04 10:30:00','0000006e',2,33),(2796,'2016-05-04 10:30:09','00000072',1,32),(2797,'2016-05-04 10:30:16','0000006f',1,27),(2798,'2016-05-04 10:30:16','00000072',1,30),(2799,'2016-05-04 10:30:20','0000006e',2,34),(2800,'2016-05-04 10:30:23','0000006f',1,22),(2801,'2016-05-04 10:30:24','00000072',1,32),(2802,'2016-05-04 10:30:30','0000006e',1,29),(2803,'2016-05-04 10:30:37','0000006e',1,30),(2804,'2016-05-04 10:30:43','00000072',1,30),(2805,'2016-05-04 10:30:44','0000006e',2,33),(2806,'2016-05-04 10:30:50','00000072',1,32),(2807,'2016-05-04 10:30:55','00000073',2,34),(2808,'2016-05-04 10:30:57','00000072',1,30),(2809,'2016-05-04 10:31:07','0000006e',2,34),(2810,'2016-05-04 10:31:12','0000006e',1,22),(2811,'2016-05-04 10:31:17','00000072',1,32),(2812,'2016-05-04 10:31:21','0000006f',1,27),(2813,'2016-05-04 10:31:27','0000006e',2,33),(2814,'2016-05-04 10:31:30','0000006f',1,22),(2815,'2016-05-04 10:31:48','0000006e',2,34),(2816,'2016-05-04 10:32:04','0000006f',1,27),(2817,'2016-05-04 10:32:04','0000006e',1,30),(2818,'2016-05-04 10:32:08','0000006e',2,33),(2819,'2016-05-04 10:32:10','00000070',1,32),(2820,'2016-05-04 10:32:11','0000006f',1,22),(2821,'2016-05-04 10:32:20','00000070',1,30),(2822,'2016-05-04 10:32:21','00000072',1,30),(2823,'2016-05-04 10:32:28','0000006e',2,34),(2824,'2016-05-04 10:32:30','00000072',1,32),(2825,'2016-05-04 10:32:37','00000070',1,32),(2826,'2016-05-04 10:32:44','00000070',1,30),(2827,'2016-05-04 10:32:49','00000072',1,30),(2828,'2016-05-04 10:32:49','0000006e',2,33),(2829,'2016-05-04 10:32:54','0000006e',1,22),(2830,'2016-05-04 10:32:56','00000072',1,32),(2831,'2016-05-04 10:33:06','0000006e',1,30),(2832,'2016-05-04 10:33:15','00000072',1,30),(2833,'2016-05-04 10:33:19','0000006e',2,34),(2834,'2016-05-04 10:33:22','00000072',1,32),(2835,'2016-05-04 10:33:26','0000006e',1,22),(2836,'2016-05-04 10:33:29','00000070',1,22),(2837,'2016-05-04 10:33:31','0000006f',1,27),(2838,'2016-05-04 10:33:33','0000006e',1,30),(2839,'2016-05-04 10:33:36','00000070',1,30),(2840,'2016-05-04 10:33:38','0000006f',1,22),(2841,'2016-05-04 10:33:39','0000006e',2,33),(2842,'2016-05-04 10:33:42','00000070',2,33),(2843,'2016-05-04 10:33:51','00000072',1,30),(2844,'2016-05-04 10:33:53','0000006e',1,22),(2845,'2016-05-04 10:33:58','00000072',1,32),(2846,'2016-05-04 10:34:00','0000006e',1,30),(2847,'2016-05-04 10:34:02','00000070',2,34),(2848,'2016-05-04 10:34:06','0000006e',2,34),(2849,'2016-05-04 10:34:08','00000072',1,30),(2850,'2016-05-04 10:34:15','00000072',1,32),(2851,'2016-05-04 10:34:36','00000072',1,30),(2852,'2016-05-04 10:34:43','0000006f',1,27),(2853,'2016-05-04 10:34:43','00000072',1,32),(2854,'2016-05-04 10:34:49','0000006e',1,22),(2855,'2016-05-04 10:34:50','0000006f',1,22),(2856,'2016-05-04 10:34:50','00000072',1,30),(2857,'2016-05-04 10:34:53','0000006e',2,33),(2858,'2016-05-04 10:34:57','00000072',1,32),(2859,'2016-05-04 10:35:04','00000072',1,30),(2860,'2016-05-04 10:35:13','0000006e',1,30),(2861,'2016-05-04 10:35:16','00000072',1,32),(2862,'2016-05-04 10:35:25','00000072',1,30),(2863,'2016-05-04 10:35:26','0000006e',2,34),(2864,'2016-05-04 10:35:33','00000072',1,32),(2865,'2016-05-04 10:35:33','0000006e',1,22),(2866,'2016-05-04 10:35:40','00000072',1,30),(2867,'2016-05-04 10:35:41','0000006e',1,30),(2868,'2016-05-04 10:35:47','00000072',1,32),(2869,'2016-05-04 10:35:51','0000006e',2,33),(2870,'2016-05-04 10:35:54','00000072',1,30),(2871,'2016-05-04 10:36:01','00000072',1,32),(2872,'2016-05-04 10:36:02','0000006f',1,27),(2873,'2016-05-04 10:36:08','0000006e',1,22),(2874,'2016-05-04 10:36:09','0000006f',1,22),(2875,'2016-05-04 10:36:17','0000006e',1,30),(2876,'2016-05-04 10:36:22','0000006e',2,34),(2877,'2016-05-04 10:36:33','00000070',1,22),(2878,'2016-05-04 10:36:36','00000072',1,30),(2879,'2016-05-04 10:36:38','0000006e',1,22),(2880,'2016-05-04 10:36:40','00000070',1,30),(2881,'2016-05-04 10:36:43','0000006e',2,33),(2882,'2016-05-04 10:36:43','00000072',1,32),(2883,'2016-05-04 10:36:45','0000006e',1,30),(2884,'2016-05-04 10:36:47','00000070',2,33),(2885,'2016-05-04 10:37:00','00000072',1,30),(2886,'2016-05-04 10:37:03','0000006e',2,34),(2887,'2016-05-04 10:37:05','0000006e',1,22),(2888,'2016-05-04 10:37:07','00000070',2,34),(2889,'2016-05-04 10:37:12','0000006e',1,30),(2890,'2016-05-04 10:37:29','00000072',1,32),(2891,'2016-05-04 10:37:29','0000006e',2,33),(2892,'2016-05-04 10:37:36','00000072',1,30),(2893,'2016-05-04 10:37:36','0000006e',1,22),(2894,'2016-05-04 10:37:43','0000006e',1,30),(2895,'2016-05-04 10:37:49','00000072',1,32),(2896,'2016-05-04 10:37:49','0000006e',2,34),(2897,'2016-05-04 10:37:52','00000070',1,22),(2898,'2016-05-04 10:37:58','00000072',1,30),(2899,'2016-05-04 10:37:59','00000070',1,30),(2900,'2016-05-04 10:38:05','00000072',1,32),(2901,'2016-05-04 10:38:05','00000070',2,33),(2902,'2016-05-04 10:38:11','0000006e',1,22),(2903,'2016-05-04 10:38:12','00000072',1,30),(2904,'2016-05-04 10:38:20','00000072',1,32),(2905,'2016-05-04 10:38:24','0000006e',2,33),(2906,'2016-05-04 10:38:25','00000070',2,34),(2907,'2016-05-04 10:38:31','0000006e',1,30),(2908,'2016-05-04 10:38:35','00000072',1,30),(2909,'2016-05-04 10:38:38','0000006e',1,22),(2910,'2016-05-04 10:38:44','0000006e',2,34),(2911,'2016-05-04 10:38:45','0000006e',1,30),(2912,'2016-05-04 10:38:48','00000071',1,31),(2913,'2016-05-04 10:38:55','00000071',1,30),(2914,'2016-05-04 10:38:56','00000072',1,32),(2915,'2016-05-04 10:39:01','0000006e',1,22),(2916,'2016-05-04 10:39:03','00000072',1,30),(2917,'2016-05-04 10:39:08','0000006e',1,30),(2918,'2016-05-04 10:39:14','0000006e',2,33),(2919,'2016-05-04 10:39:23','00000072',1,32),(2920,'2016-05-04 10:39:34','0000006e',2,34),(2921,'2016-05-04 10:39:35','00000072',1,30),(2922,'2016-05-04 10:39:44','00000072',1,32),(2923,'2016-05-04 10:39:55','00000072',1,30),(2924,'2016-05-04 10:40:03','00000072',1,32),(2925,'2016-05-04 10:40:03','0000006e',1,22),(2926,'2016-05-04 10:40:10','0000006e',1,30),(2927,'2016-05-04 10:40:11','00000072',1,30),(2928,'2016-05-04 10:40:16','0000006e',2,33),(2929,'2016-05-04 10:40:18','0000006e',1,22),(2930,'2016-05-04 10:40:19','00000072',1,32),(2931,'2016-05-04 10:40:26','00000072',1,30),(2932,'2016-05-04 10:40:27','0000006e',1,30),(2933,'2016-05-04 10:40:33','00000072',1,32),(2934,'2016-05-04 10:40:36','0000006e',1,22),(2935,'2016-05-04 10:40:37','0000006f',1,27),(2936,'2016-05-04 10:40:39','0000006e',2,34),(2937,'2016-05-04 10:40:40','00000072',1,30),(2938,'2016-05-04 10:40:43','0000006e',1,30),(2939,'2016-05-04 10:40:44','0000006f',1,22),(2940,'2016-05-04 10:40:47','00000072',1,32),(2941,'2016-05-04 10:40:54','00000072',1,30),(2942,'2016-05-04 10:40:58','0000006f',1,30),(2943,'2016-05-04 10:41:01','0000006e',1,22),(2944,'2016-05-04 10:41:03','00000072',1,32),(2945,'2016-05-04 10:41:05','0000006f',1,22),(2946,'2016-05-04 10:41:08','0000006e',1,30),(2947,'2016-05-04 10:41:10','00000072',1,30),(2948,'2016-05-04 10:41:11','0000006f',2,34),(2949,'2016-05-04 10:41:14','0000006e',2,33),(2950,'2016-05-04 10:41:19','00000072',1,32),(2951,'2016-05-04 10:41:27','00000072',1,30),(2952,'2016-05-04 10:41:31','0000006f',2,33),(2953,'2016-05-04 10:41:35','0000006e',2,34),(2954,'2016-05-04 10:41:49','00000072',1,32),(2955,'2016-05-04 10:41:54','0000006e',1,22),(2956,'2016-05-04 10:41:57','00000072',1,30),(2957,'2016-05-04 10:42:05','0000006e',1,30),(2958,'2016-05-04 10:42:07','0000006e',2,33),(2959,'2016-05-04 10:42:12','0000006e',1,22),(2960,'2016-05-04 10:42:17','00000072',1,32),(2961,'2016-05-04 10:42:22','0000006e',1,30),(2962,'2016-05-04 10:42:27','00000072',1,30),(2963,'2016-05-04 10:42:30','0000006e',2,34),(2964,'2016-05-04 10:42:31','0000006e',1,22),(2965,'2016-05-04 10:42:37','00000072',1,32),(2966,'2016-05-04 10:42:38','0000006e',1,30),(2967,'2016-05-04 10:42:50','00000072',1,30),(2968,'2016-05-04 10:43:04','0000006f',2,34),(2969,'2016-05-04 10:43:07','00000072',1,32),(2970,'2016-05-04 10:43:10','0000006e',2,33),(2971,'2016-05-04 10:43:19','00000072',1,30),(2972,'2016-05-04 10:43:24','0000006f',2,33),(2973,'2016-05-04 10:43:30','0000006e',2,34),(2974,'2016-05-04 10:43:32','00000072',1,32),(2975,'2016-05-04 10:43:33','0000006e',1,22),(2976,'2016-05-04 10:43:39','00000072',1,30),(2977,'2016-05-04 10:43:40','0000006e',1,30),(2978,'2016-05-04 10:43:54','0000006e',2,33),(2979,'2016-05-04 10:44:04','0000006e',1,22),(2980,'2016-05-04 10:44:13','0000006e',1,30),(2981,'2016-05-04 10:44:14','00000071',1,31),(2982,'2016-05-04 10:44:14','0000006e',2,34),(2983,'2016-05-04 10:44:17','00000072',1,32),(2984,'2016-05-04 10:44:20','0000006e',1,22),(2985,'2016-05-04 10:44:21','00000071',1,30),(2986,'2016-05-04 10:44:25','00000070',1,22),(2987,'2016-05-04 10:44:30','00000072',1,30),(2988,'2016-05-04 10:44:32','00000070',1,30),(2989,'2016-05-04 10:44:34','0000006e',2,33),(2990,'2016-05-04 10:44:38','00000070',2,33),(2991,'2016-05-04 10:44:40','00000072',1,32),(2992,'2016-05-04 10:44:47','0000006e',1,30),(2993,'2016-05-04 10:44:51','00000072',1,30),(2994,'2016-05-04 10:44:54','0000006e',1,22),(2995,'2016-05-04 10:44:58','00000070',2,34),(2996,'2016-05-04 10:45:01','0000006f',1,30),(2997,'2016-05-04 10:45:01','00000072',1,32),(2998,'2016-05-04 10:45:08','0000006f',1,22),(2999,'2016-05-04 10:45:12','00000072',1,30),(3000,'2016-05-04 10:45:13','0000006e',1,30),(3001,'2016-05-04 10:45:14','0000006f',2,34),(3002,'2016-05-04 10:45:20','0000006e',1,22),(3003,'2016-05-04 10:45:21','00000072',1,32),(3004,'2016-05-04 10:45:26','0000006e',2,34),(3005,'2016-05-04 10:45:28','00000072',1,30),(3006,'2016-05-04 10:45:34','0000006f',2,33),(3007,'2016-05-04 10:45:44','0000006e',1,30),(3008,'2016-05-04 10:45:46','0000006e',2,33),(3009,'2016-05-04 10:45:48','00000072',1,32),(3010,'2016-05-04 10:45:51','0000006e',1,22),(3011,'2016-05-04 10:45:55','00000072',1,30),(3012,'2016-05-04 10:46:04','0000006e',1,30),(3013,'2016-05-04 10:46:09','00000072',1,32),(3014,'2016-05-04 10:46:11','0000006e',1,22),(3015,'2016-05-04 10:46:16','00000072',1,30),(3016,'2016-05-04 10:46:17','0000006e',2,34),(3017,'2016-05-04 10:46:18','0000006e',1,30),(3018,'2016-05-04 10:46:24','00000072',1,32),(3019,'2016-05-04 10:46:25','0000006e',1,22),(3020,'2016-05-04 10:46:31','00000072',1,30),(3021,'2016-05-04 10:46:37','0000006e',2,33),(3022,'2016-05-04 10:46:39','00000072',1,32),(3023,'2016-05-04 10:46:47','00000072',1,30),(3024,'2016-05-04 10:46:56','0000006e',1,30),(3025,'2016-05-04 10:47:01','00000072',1,32),(3026,'2016-05-04 10:47:03','0000006e',1,22),(3027,'2016-05-04 10:47:09','0000006f',1,27),(3028,'2016-05-04 10:47:09','0000006e',2,34),(3029,'2016-05-04 10:47:10','0000006e',1,30),(3030,'2016-05-04 10:47:11','00000072',1,30),(3031,'2016-05-04 10:47:16','0000006f',1,22),(3032,'2016-05-04 10:47:18','00000072',1,32),(3033,'2016-05-04 10:47:18','00000070',1,22),(3034,'2016-05-04 10:47:25','00000072',1,30),(3035,'2016-05-04 10:47:25','00000070',1,30),(3036,'2016-05-04 10:47:31','00000070',2,33),(3037,'2016-05-04 10:47:35','0000006e',1,22),(3038,'2016-05-04 10:47:38','0000006f',1,27),(3039,'2016-05-04 10:47:42','00000072',1,32),(3040,'2016-05-04 10:47:42','0000006e',1,30),(3041,'2016-05-04 10:47:45','0000006f',1,22),(3042,'2016-05-04 10:47:48','0000006e',2,33),(3043,'2016-05-04 10:47:49','0000006e',1,22),(3044,'2016-05-04 10:47:51','00000070',2,34),(3045,'2016-05-04 10:47:52','0000006f',1,27),(3046,'2016-05-04 10:47:54','00000072',1,30),(3047,'2016-05-04 10:47:56','0000006e',1,30),(3048,'2016-05-04 10:47:59','0000006f',1,22),(3049,'2016-05-04 10:48:03','0000006e',1,22),(3050,'2016-05-04 10:48:05','00000072',1,32),(3051,'2016-05-04 10:48:08','0000006e',2,34),(3052,'2016-05-04 10:48:10','0000006e',1,30),(3053,'2016-05-04 10:48:12','00000072',1,30),(3054,'2016-05-04 10:48:19','00000072',1,32),(3055,'2016-05-04 10:48:20','0000006e',1,22),(3056,'2016-05-04 10:48:23','0000006f',1,27),(3057,'2016-05-04 10:48:27','0000006e',1,30),(3058,'2016-05-04 10:48:28','0000006e',2,33),(3059,'2016-05-04 10:48:30','0000006f',1,22),(3060,'2016-05-04 10:48:30','00000072',1,30),(3061,'2016-05-04 10:48:34','0000006e',1,22),(3062,'2016-05-04 10:48:37','00000072',1,32),(3063,'2016-05-04 10:48:41','0000006e',1,30),(3064,'2016-05-04 10:48:44','00000072',1,30),(3065,'2016-05-04 10:48:52','0000006e',2,34),(3066,'2016-05-04 10:48:54','00000072',1,32),(3067,'2016-05-04 10:48:55','0000006e',1,22),(3068,'2016-05-04 10:48:58','00000070',1,22),(3069,'2016-05-04 10:49:03','0000006e',1,30),(3070,'2016-05-04 10:49:06','00000070',1,30),(3071,'2016-05-04 10:49:11','0000006e',1,22),(3072,'2016-05-04 10:49:11','00000070',2,33),(3073,'2016-05-04 10:49:15','0000006e',2,33),(3074,'2016-05-04 10:49:18','00000072',1,30),(3075,'2016-05-04 10:49:25','0000006e',1,30),(3076,'2016-05-04 10:49:25','00000072',1,32),(3077,'2016-05-04 10:49:32','00000070',2,34),(3078,'2016-05-04 10:49:32','0000006e',1,22),(3079,'2016-05-04 10:49:34','00000072',1,30),(3080,'2016-05-04 10:49:38','0000006e',2,34),(3081,'2016-05-04 10:49:39','0000006e',1,30),(3082,'2016-05-04 10:49:46','0000006e',1,22),(3083,'2016-05-04 10:49:57','0000006e',1,30),(3084,'2016-05-04 10:49:58','00000072',1,32),(3085,'2016-05-04 10:49:58','0000006e',2,33),(3086,'2016-05-04 10:50:07','0000006e',1,22),(3087,'2016-05-04 10:50:13','00000072',1,30),(3088,'2016-05-04 10:50:18','0000006e',2,34),(3089,'2016-05-04 10:50:21','00000072',1,32),(3090,'2016-05-04 10:50:28','00000072',1,30),(3091,'2016-05-04 10:50:35','00000072',1,32),(3092,'2016-05-04 10:50:38','0000006e',2,33),(3093,'2016-05-04 10:50:42','00000072',1,30),(3094,'2016-05-04 10:50:54','0000006f',1,27),(3095,'2016-05-04 10:50:55','00000072',1,32),(3096,'2016-05-04 10:51:01','0000006f',1,22),(3097,'2016-05-04 10:51:02','00000072',1,30),(3098,'2016-05-04 10:51:03','0000006e',1,30),(3099,'2016-05-04 10:51:10','0000006e',1,22),(3100,'2016-05-04 10:51:13','0000006f',1,27),(3101,'2016-05-04 10:51:16','0000006e',2,34),(3102,'2016-05-04 10:51:17','00000072',1,32),(3103,'2016-05-04 10:51:20','0000006f',1,22),(3104,'2016-05-04 10:51:25','00000072',1,30),(3105,'2016-05-04 10:51:33','0000006e',1,30),(3106,'2016-05-04 10:51:36','0000006e',2,33),(3107,'2016-05-04 10:51:39','00000072',1,32),(3108,'2016-05-04 10:51:40','0000006e',1,22),(3109,'2016-05-04 10:51:49','00000072',1,30),(3110,'2016-05-04 10:51:53','0000006e',1,30),(3111,'2016-05-04 10:51:58','00000070',1,29),(3112,'2016-05-04 10:51:59','00000072',1,32),(3113,'2016-05-04 10:52:00','0000006e',1,22),(3114,'2016-05-04 10:52:05','00000070',1,30),(3115,'2016-05-04 10:52:06','00000072',1,30),(3116,'2016-05-04 10:52:06','0000006e',2,34),(3117,'2016-05-04 10:52:12','0000006e',1,30),(3118,'2016-05-04 10:52:13','00000072',1,32),(3119,'2016-05-04 10:52:20','0000006e',1,22),(3120,'2016-05-04 10:52:26','0000006e',2,33),(3121,'2016-05-04 10:52:31','0000006e',1,30),(3122,'2016-05-04 10:52:38','00000072',1,30),(3123,'2016-05-04 10:52:38','0000006e',1,22),(3124,'2016-05-04 10:52:44','0000006f',1,27),(3125,'2016-05-04 10:52:45','00000072',1,32),(3126,'2016-05-04 10:52:47','0000006e',2,34),(3127,'2016-05-04 10:52:51','0000006f',1,22),(3128,'2016-05-04 10:52:53','00000072',1,30),(3129,'2016-05-04 10:52:59','0000006e',1,30),(3130,'2016-05-04 10:53:03','00000072',1,32),(3131,'2016-05-04 10:53:06','0000006e',1,22),(3132,'2016-05-04 10:53:07','0000006e',2,33),(3133,'2016-05-04 10:53:10','00000072',1,30),(3134,'2016-05-04 10:53:14','0000006f',1,27),(3135,'2016-05-04 10:53:22','0000006f',1,22),(3136,'2016-05-04 10:53:22','0000006e',1,30),(3137,'2016-05-04 10:53:29','0000006f',1,27),(3138,'2016-05-04 10:53:29','0000006e',1,22),(3139,'2016-05-04 10:53:35','0000006e',2,34),(3140,'2016-05-04 10:53:37','0000006f',1,22),(3141,'2016-05-04 10:53:39','00000072',1,32),(3142,'2016-05-04 10:53:40','0000006e',1,30),(3143,'2016-05-04 10:53:45','0000006f',1,27),(3144,'2016-05-04 10:53:46','00000072',1,30),(3145,'2016-05-04 10:53:47','0000006e',1,22),(3146,'2016-05-04 10:53:53','0000006f',1,22),(3147,'2016-05-04 10:53:55','0000006e',2,33),(3148,'2016-05-04 10:54:00','0000006f',1,27),(3149,'2016-05-04 10:54:08','0000006f',1,22),(3150,'2016-05-04 10:54:13','00000072',1,32),(3151,'2016-05-04 10:54:15','0000006f',1,27),(3152,'2016-05-04 10:54:15','0000006e',1,30),(3153,'2016-05-04 10:54:15','0000006e',2,34),(3154,'2016-05-04 10:54:22','0000006f',1,22),(3155,'2016-05-04 10:54:22','0000006e',1,22),(3156,'2016-05-04 10:54:30','0000006f',1,27),(3157,'2016-05-04 10:54:32','00000072',1,30),(3158,'2016-05-04 10:54:35','0000006e',2,33),(3159,'2016-05-04 10:54:37','0000006f',1,22),(3160,'2016-05-04 10:54:39','00000072',1,32),(3161,'2016-05-04 10:54:42','0000006e',1,30),(3162,'2016-05-04 10:54:46','0000006f',1,27),(3163,'2016-05-04 10:54:46','00000072',1,30),(3164,'2016-05-04 10:54:47','00000070',1,32),(3165,'2016-05-04 10:54:55','0000006e',2,34),(3166,'2016-05-04 10:54:57','0000006f',1,22),(3167,'2016-05-04 10:55:00','00000072',1,32),(3168,'2016-05-04 10:55:03','0000006e',1,22),(3169,'2016-05-04 10:55:04','0000006f',1,27),(3170,'2016-05-04 10:55:06','00000070',1,30),(3171,'2016-05-04 10:55:07','00000072',1,30),(3172,'2016-05-04 10:55:13','00000070',1,32),(3173,'2016-05-04 10:55:14','0000006f',1,22),(3174,'2016-05-04 10:55:15','0000006e',2,33),(3175,'2016-05-04 10:55:20','00000070',1,30),(3176,'2016-05-04 10:55:21','00000072',1,32),(3177,'2016-05-04 10:55:22','0000006f',1,27),(3178,'2016-05-04 10:55:28','0000006e',1,30),(3179,'2016-05-04 10:55:29','0000006f',1,22),(3180,'2016-05-04 10:55:34','00000072',1,30),(3181,'2016-05-04 10:55:36','0000006f',1,27),(3182,'2016-05-04 10:55:40','0000006e',2,34),(3183,'2016-05-04 10:55:41','00000072',1,32),(3184,'2016-05-04 10:55:48','00000072',1,30),(3185,'2016-05-04 10:55:48','0000006e',1,22),(3186,'2016-05-04 10:55:49','0000006f',1,22),(3187,'2016-05-04 10:55:55','00000072',1,32),(3188,'2016-05-04 10:55:56','0000006f',1,27),(3189,'2016-05-04 10:56:00','0000006e',2,33),(3190,'2016-05-04 10:56:03','0000006f',1,22),(3191,'2016-05-04 10:56:08','00000072',1,30),(3192,'2016-05-04 10:56:13','0000006f',1,27),(3193,'2016-05-04 10:56:15','00000072',1,32),(3194,'2016-05-04 10:56:23','0000006e',1,30),(3195,'2016-05-04 10:56:27','00000072',1,30),(3196,'2016-05-04 10:56:30','0000006f',1,22),(3197,'2016-05-04 10:56:31','0000006e',1,22),(3198,'2016-05-04 10:56:34','00000072',1,32),(3199,'2016-05-04 10:56:36','0000006e',2,34),(3200,'2016-05-04 10:56:37','0000006f',1,27),(3201,'2016-05-04 10:56:44','0000006f',1,22),(3202,'2016-05-04 10:56:45','0000006e',1,30),(3203,'2016-05-04 10:56:51','0000006f',1,27),(3204,'2016-05-04 10:56:52','0000006e',1,22),(3205,'2016-05-04 10:56:56','0000006e',2,33),(3206,'2016-05-04 10:56:58','0000006f',1,22),(3207,'2016-05-04 10:57:18','0000006f',1,27),(3208,'2016-05-04 10:57:24','00000071',1,31),(3209,'2016-05-04 10:57:25','0000006e',1,30),(3210,'2016-05-04 10:57:25','0000006f',1,22),(3211,'2016-05-04 10:57:31','00000071',1,30),(3212,'2016-05-04 10:57:32','0000006e',1,22),(3213,'2016-05-04 10:57:32','0000006f',1,27),(3214,'2016-05-04 10:57:38','0000006e',2,34),(3215,'2016-05-04 10:57:40','0000006f',1,22),(3216,'2016-05-04 10:57:47','0000006f',1,27),(3217,'2016-05-04 10:57:58','0000006e',2,33),(3218,'2016-05-04 10:57:59','0000006e',1,30),(3219,'2016-05-04 10:58:06','0000006e',1,22),(3220,'2016-05-04 10:58:07','0000006f',1,22),(3221,'2016-05-04 10:58:13','0000006e',1,30),(3222,'2016-05-04 10:58:14','0000006f',1,27),(3223,'2016-05-04 10:58:20','0000006e',1,22),(3224,'2016-05-04 10:58:22','0000006f',1,22),(3225,'2016-05-04 10:58:26','0000006e',2,34),(3226,'2016-05-04 10:58:29','0000006e',1,30),(3227,'2016-05-04 10:58:36','0000006e',1,22),(3228,'2016-05-04 10:58:43','0000006e',1,30),(3229,'2016-05-04 10:58:46','0000006e',2,33),(3230,'2016-05-04 10:58:50','0000006e',1,22),(3231,'2016-05-04 10:58:54','00000072',1,30),(3232,'2016-05-04 10:58:58','0000006f',1,27),(3233,'2016-05-04 10:59:01','00000072',1,32),(3234,'2016-05-04 10:59:03','0000006e',1,30),(3235,'2016-05-04 10:59:07','0000006f',1,22),(3236,'2016-05-04 10:59:10','0000006e',1,22),(3237,'2016-05-04 10:59:12','00000072',1,30),(3238,'2016-05-04 10:59:14','0000006f',1,27),(3239,'2016-05-04 10:59:16','0000006e',2,34),(3240,'2016-05-04 10:59:19','00000072',1,32),(3241,'2016-05-04 10:59:21','0000006f',1,22),(3242,'2016-05-04 10:59:28','0000006f',1,27),(3243,'2016-05-04 10:59:35','0000006f',1,22),(3244,'2016-05-04 10:59:36','0000006e',2,33),(3245,'2016-05-04 10:59:46','0000006e',1,30),(3246,'2016-05-04 10:59:57','0000006e',1,22),(3247,'2016-05-04 10:59:58','0000006f',1,27),(3248,'2016-05-04 10:59:59','0000006e',2,34),(3249,'2016-05-04 11:00:02','00000072',1,30),(3250,'2016-05-04 11:00:05','0000006f',1,22),(3251,'2016-05-04 11:00:19','0000006e',2,33),(3252,'2016-05-04 11:00:25','0000006e',1,30),(3253,'2016-05-04 11:00:32','0000006f',1,27),(3254,'2016-05-04 11:00:32','0000006e',1,22),(3255,'2016-05-04 11:00:35','00000072',1,32),(3256,'2016-05-04 11:00:39','0000006f',1,22),(3257,'2016-05-04 11:00:45','00000072',1,30),(3258,'2016-05-04 11:00:50','0000006e',2,34),(3259,'2016-05-04 11:00:52','0000006f',1,27),(3260,'2016-05-04 11:00:54','00000072',1,32),(3261,'2016-05-04 11:01:00','0000006f',1,22),(3262,'2016-05-04 11:01:08','0000006f',1,27),(3263,'2016-05-04 11:01:10','0000006e',2,33),(3264,'2016-05-04 11:01:29','00000072',1,30),(3265,'2016-05-04 11:01:30','0000006f',1,24),(3266,'2016-05-04 11:01:36','00000072',1,32),(3267,'2016-05-04 11:01:50','0000006f',1,22),(3268,'2016-05-04 11:01:54','00000072',1,30),(3269,'2016-05-04 11:02:01','00000072',1,32),(3270,'2016-05-04 11:02:17','00000072',1,30),(3271,'2016-05-04 11:02:24','00000072',1,32),(3272,'2016-05-04 11:02:35','0000006f',1,27),(3273,'2016-05-04 11:02:40','00000072',1,30),(3274,'2016-05-04 11:02:47','00000072',1,32),(3275,'2016-05-04 11:02:58','0000006f',1,22),(3276,'2016-05-04 11:03:05','00000072',1,30),(3277,'2016-05-04 11:03:26','0000006f',1,27),(3278,'2016-05-04 11:03:27','00000072',1,32),(3279,'2016-05-04 11:03:46','0000006f',1,22),(3280,'2016-05-04 11:04:21','0000006f',1,27),(3281,'2016-05-04 11:04:41','0000006f',1,22),(3282,'2016-05-04 11:04:55','00000072',1,30),(3283,'2016-05-04 11:04:56','00000072',2,34),(3284,'2016-05-04 11:04:56','00000070',2,34),(3285,'2016-05-04 11:04:57','00000070',1,30),(3286,'2016-05-04 11:05:02','00000072',1,32),(3287,'2016-05-04 11:05:23','00000072',1,30),(3288,'2016-05-04 11:05:29','00000070',1,22),(3289,'2016-05-04 11:05:29','00000070',2,33),(3290,'2016-05-04 11:05:30','00000072',1,32),(3291,'2016-05-04 11:05:34','0000006f',1,27),(3292,'2016-05-04 11:05:40','00000072',1,30),(3293,'2016-05-04 11:05:41','0000006f',1,22),(3294,'2016-05-04 11:05:47','00000072',1,32),(3295,'2016-05-04 11:05:54','00000072',1,30),(3296,'2016-05-04 11:05:58','00000070',1,30),(3297,'2016-05-04 11:05:58','00000070',2,34),(3298,'2016-05-04 11:06:01','00000072',1,32),(3299,'2016-05-04 11:06:31','00000072',1,30),(3300,'2016-05-04 11:06:38','00000072',1,32),(3301,'2016-05-04 11:07:16','0000006f',1,27),(3302,'2016-05-04 11:07:24','0000006f',1,22),(3303,'2016-05-04 11:07:30','00000072',1,30),(3304,'2016-05-04 11:07:40','0000006f',1,27),(3305,'2016-05-04 11:07:41','00000072',1,32),(3306,'2016-05-04 11:07:47','0000006f',1,22),(3307,'2016-05-04 11:07:58','0000006f',1,27),(3308,'2016-05-04 11:08:06','0000006f',1,22),(3309,'2016-05-04 11:08:07','00000072',1,30),(3310,'2016-05-04 11:08:13','0000006f',1,27),(3311,'2016-05-04 11:08:20','0000006f',1,22),(3312,'2016-05-04 11:08:25','0000006e',1,30),(3313,'2016-05-04 11:08:25','0000006e',2,34),(3314,'2016-05-04 11:08:27','0000006f',1,27),(3315,'2016-05-04 11:08:27','00000072',1,32),(3316,'2016-05-04 11:08:37','0000006f',1,22),(3317,'2016-05-04 11:08:47','0000006f',1,27),(3318,'2016-05-04 11:08:49','00000072',1,30),(3319,'2016-05-04 11:08:49','0000006e',1,22),(3320,'2016-05-04 11:08:49','0000006e',2,33),(3321,'2016-05-04 11:08:54','0000006f',1,22),(3322,'2016-05-04 11:09:01','0000006f',1,27),(3323,'2016-05-04 11:09:09','00000072',1,32),(3324,'2016-05-04 11:09:09','0000006e',1,30),(3325,'2016-05-04 11:09:09','0000006e',2,34),(3326,'2016-05-04 11:09:16','00000072',1,30),(3327,'2016-05-04 11:09:27','0000006f',1,22),(3328,'2016-05-04 11:09:31','0000006e',2,33),(3329,'2016-05-04 11:09:36','00000072',1,32),(3330,'2016-05-04 11:09:40','0000006e',1,22),(3331,'2016-05-04 11:09:43','0000006f',1,27),(3332,'2016-05-04 11:09:46','00000072',1,30),(3333,'2016-05-04 11:09:52','0000006f',1,22),(3334,'2016-05-04 11:09:53','00000072',1,32),(3335,'2016-05-04 11:09:58','0000006e',2,34),(3336,'2016-05-04 11:09:59','0000006f',1,27),(3337,'2016-05-04 11:10:00','00000072',1,30),(3338,'2016-05-04 11:10:06','0000006f',1,22),(3339,'2016-05-04 11:10:07','00000072',1,32),(3340,'2016-05-04 11:10:11','0000006e',1,30),(3341,'2016-05-04 11:10:17','00000072',1,30),(3342,'2016-05-04 11:10:18','0000006e',1,22),(3343,'2016-05-04 11:10:18','0000006e',2,33),(3344,'2016-05-04 11:10:22','0000006f',1,27),(3345,'2016-05-04 11:10:25','00000072',1,32),(3346,'2016-05-04 11:10:29','0000006f',1,22),(3347,'2016-05-04 11:10:37','00000072',1,30),(3348,'2016-05-04 11:10:38','00000070',1,22),(3349,'2016-05-04 11:10:38','00000070',2,33),(3350,'2016-05-04 11:10:38','0000006e',1,30),(3351,'2016-05-04 11:10:45','00000070',1,30),(3352,'2016-05-04 11:10:45','0000006e',1,22),(3353,'2016-05-04 11:10:46','00000072',1,32),(3354,'2016-05-04 11:10:51','0000006e',2,34),(3355,'2016-05-04 11:10:58','00000070',2,34),(3356,'2016-05-04 11:11:05','0000006f',1,27),(3357,'2016-05-04 11:11:11','0000006e',2,33),(3358,'2016-05-04 11:11:12','0000006f',1,22),(3359,'2016-05-04 11:11:19','00000072',1,30),(3360,'2016-05-04 11:11:26','00000072',1,32),(3361,'2016-05-04 11:11:29','0000006e',1,30),(3362,'2016-05-04 11:11:36','0000006e',1,22),(3363,'2016-05-04 11:11:42','00000072',1,30),(3364,'2016-05-04 11:11:42','0000006e',2,34),(3365,'2016-05-04 11:11:46','0000006f',1,27),(3366,'2016-05-04 11:11:52','00000070',1,22),(3367,'2016-05-04 11:11:52','00000070',2,33),(3368,'2016-05-04 11:11:53','0000006f',1,22),(3369,'2016-05-04 11:11:59','00000070',1,30),(3370,'2016-05-04 11:12:02','0000006f',1,27),(3371,'2016-05-04 11:12:02','0000006e',2,33),(3372,'2016-05-04 11:12:04','00000072',1,32),(3373,'2016-05-04 11:12:05','0000006e',1,30),(3374,'2016-05-04 11:12:09','0000006f',1,22),(3375,'2016-05-04 11:12:11','00000072',1,30),(3376,'2016-05-04 11:12:12','00000070',2,34),(3377,'2016-05-04 11:12:12','0000006e',1,22),(3378,'2016-05-04 11:12:29','00000072',1,32),(3379,'2016-05-04 11:12:37','0000006f',1,27),(3380,'2016-05-04 11:12:45','0000006f',1,22),(3381,'2016-05-04 11:12:50','00000072',1,30),(3382,'2016-05-04 11:12:57','00000072',1,32),(3383,'2016-05-04 11:12:59','0000006e',1,30),(3384,'2016-05-04 11:12:59','0000006e',2,34),(3385,'2016-05-04 11:13:06','0000006e',1,22),(3386,'2016-05-04 11:13:19','0000006e',2,33),(3387,'2016-05-04 11:13:25','00000072',1,30),(3388,'2016-05-04 11:13:32','00000072',1,32),(3389,'2016-05-04 11:13:35','0000006f',1,27),(3390,'2016-05-04 11:13:42','0000006f',1,22),(3391,'2016-05-04 11:13:52','00000072',1,30),(3392,'2016-05-04 11:13:59','00000072',1,32),(3393,'2016-05-04 11:14:03','0000006f',1,27),(3394,'2016-05-04 11:14:10','0000006f',1,22),(3395,'2016-05-04 11:14:11','0000006e',1,30),(3396,'2016-05-04 11:14:15','00000070',1,22),(3397,'2016-05-04 11:14:15','00000070',2,33),(3398,'2016-05-04 11:14:18','0000006e',1,22),(3399,'2016-05-04 11:14:22','00000070',1,30),(3400,'2016-05-04 11:14:22','0000006e',2,34),(3401,'2016-05-04 11:14:35','0000006f',1,27),(3402,'2016-05-04 11:14:35','00000070',2,34),(3403,'2016-05-04 11:14:42','0000006f',1,22),(3404,'2016-05-04 11:14:42','0000006e',2,33),(3405,'2016-05-04 11:14:52','00000072',1,30),(3406,'2016-05-04 11:14:52','00000070',1,22),(3407,'2016-05-04 11:14:53','0000006e',1,30),(3408,'2016-05-04 11:14:55','0000006f',1,27),(3409,'2016-05-04 11:14:59','00000070',1,30),(3410,'2016-05-04 11:15:00','0000006e',1,22),(3411,'2016-05-04 11:15:02','0000006f',1,22),(3412,'2016-05-04 11:15:06','0000006e',2,34),(3413,'2016-05-04 11:15:11','0000006f',1,27),(3414,'2016-05-04 11:15:12','00000072',1,32),(3415,'2016-05-04 11:15:18','0000006f',1,22),(3416,'2016-05-04 11:15:26','0000006e',2,33),(3417,'2016-05-04 11:15:39','0000006e',1,30),(3418,'2016-05-04 11:15:41','0000006f',1,27),(3419,'2016-05-04 11:15:46','00000072',1,30),(3420,'2016-05-04 11:15:46','0000006e',1,22),(3421,'2016-05-04 11:15:48','0000006f',1,22),(3422,'2016-05-04 11:15:52','0000006e',2,34),(3423,'2016-05-04 11:16:01','0000006f',1,27),(3424,'2016-05-04 11:16:01','0000006e',1,30),(3425,'2016-05-04 11:16:08','0000006e',1,22),(3426,'2016-05-04 11:16:09','0000006f',1,22),(3427,'2016-05-04 11:16:12','0000006e',2,33),(3428,'2016-05-04 11:16:13','00000072',1,32),(3429,'2016-05-04 11:16:17','0000006f',1,27),(3430,'2016-05-04 11:16:20','00000072',1,30),(3431,'2016-05-04 11:16:26','0000006f',1,22),(3432,'2016-05-04 11:16:27','00000072',1,32),(3433,'2016-05-04 11:16:37','0000006e',1,30),(3434,'2016-05-04 11:16:40','00000072',1,30),(3435,'2016-05-04 11:16:44','0000006e',1,22),(3436,'2016-05-04 11:16:47','00000072',1,32),(3437,'2016-05-04 11:16:48','0000006f',1,27),(3438,'2016-05-04 11:16:50','0000006e',2,34),(3439,'2016-05-04 11:16:56','0000006f',1,22),(3440,'2016-05-04 11:17:01','0000006e',1,30),(3441,'2016-05-04 11:17:04','0000006f',1,27),(3442,'2016-05-04 11:17:08','0000006e',1,22),(3443,'2016-05-04 11:17:10','0000006e',2,33),(3444,'2016-05-04 11:17:12','0000006f',1,22),(3445,'2016-05-04 11:17:20','0000006f',1,27),(3446,'2016-05-04 11:17:27','0000006e',1,30),(3447,'2016-05-04 11:17:33','00000072',1,30),(3448,'2016-05-04 11:17:34','0000006e',1,22),(3449,'2016-05-04 11:17:35','0000006f',1,22),(3450,'2016-05-04 11:17:40','00000072',1,32),(3451,'2016-05-04 11:17:40','0000006e',2,34),(3452,'2016-05-04 11:17:42','0000006f',1,27),(3453,'2016-05-04 11:17:49','0000006f',1,22),(3454,'2016-05-04 11:17:54','0000006e',1,30),(3455,'2016-05-04 11:17:55','00000072',1,30),(3456,'2016-05-04 11:17:57','0000006f',1,27),(3457,'2016-05-04 11:18:00','0000006e',2,33),(3458,'2016-05-04 11:18:01','0000006e',1,22),(3459,'2016-05-04 11:18:06','0000006f',1,22),(3460,'2016-05-04 11:18:15','00000072',1,32),(3461,'2016-05-04 11:18:20','0000006e',2,34),(3462,'2016-05-04 11:18:22','00000072',1,30),(3463,'2016-05-04 11:18:22','0000006e',1,30),(3464,'2016-05-04 11:18:29','00000072',1,32),(3465,'2016-05-04 11:18:29','0000006e',1,22),(3466,'2016-05-04 11:18:30','0000006f',1,27),(3467,'2016-05-04 11:18:38','0000006f',1,22),(3468,'2016-05-04 11:18:41','00000072',1,30),(3469,'2016-05-04 11:18:42','0000006e',2,33),(3470,'2016-05-04 11:18:48','00000072',1,32),(3471,'2016-05-04 11:18:52','0000006f',1,27),(3472,'2016-05-04 11:19:12','0000006f',1,22),(3473,'2016-05-04 11:19:19','0000006f',1,27),(3474,'2016-05-04 11:19:33','00000072',1,30),(3475,'2016-05-04 11:19:40','0000006f',1,22),(3476,'2016-05-04 11:19:40','00000072',1,32),(3477,'2016-05-04 11:19:48','00000072',1,30),(3478,'2016-05-04 11:19:50','0000006f',1,27),(3479,'2016-05-04 11:19:50','0000006e',1,30),(3480,'2016-05-04 11:19:55','00000072',1,32),(3481,'2016-05-04 11:19:57','0000006e',1,22),(3482,'2016-05-04 11:20:03','0000006e',2,34),(3483,'2016-05-04 11:20:10','0000006f',1,22),(3484,'2016-05-04 11:20:17','0000006e',1,30),(3485,'2016-05-04 11:20:20','0000006f',1,27),(3486,'2016-05-04 11:20:23','0000006e',2,33),(3487,'2016-05-04 11:20:24','0000006e',1,22),(3488,'2016-05-04 11:20:40','0000006f',1,22),(3489,'2016-05-04 11:20:56','0000006f',1,27),(3490,'2016-05-04 11:21:00','00000072',1,30),(3491,'2016-05-04 11:21:07','00000072',1,32),(3492,'2016-05-04 11:21:09','0000006e',2,34),(3493,'2016-05-04 11:21:17','0000006f',1,22),(3494,'2016-05-04 11:21:18','0000006e',1,30),(3495,'2016-05-04 11:21:25','0000006e',1,22),(3496,'2016-05-04 11:21:27','0000006f',1,27),(3497,'2016-05-04 11:21:29','0000006e',2,33),(3498,'2016-05-04 11:21:32','0000006e',1,30),(3499,'2016-05-04 11:21:39','0000006e',1,22),(3500,'2016-05-04 11:21:47','0000006f',1,22),(3501,'2016-05-04 11:21:53','0000006e',1,30),(3502,'2016-05-04 11:21:54','0000006f',1,27),(3503,'2016-05-04 11:21:55','0000006e',2,34),(3504,'2016-05-04 11:22:02','0000006e',1,22),(3505,'2016-05-04 11:22:10','0000006e',1,30),(3506,'2016-05-04 11:22:15','0000006e',2,33),(3507,'2016-05-04 11:22:17','0000006f',1,22),(3508,'2016-05-04 11:22:21','0000006e',1,22),(3509,'2016-05-04 11:22:25','0000006f',1,27),(3510,'2016-05-04 11:22:27','00000072',1,30),(3511,'2016-05-04 11:22:30','0000006e',1,30),(3512,'2016-05-04 11:22:36','0000006e',2,34),(3513,'2016-05-04 11:22:37','0000006e',1,22),(3514,'2016-05-04 11:22:41','00000072',1,32),(3515,'2016-05-04 11:22:45','0000006f',1,22),(3516,'2016-05-04 11:22:49','0000006e',1,30),(3517,'2016-05-04 11:22:56','0000006e',1,22),(3518,'2016-05-04 11:22:56','0000006e',2,33),(3519,'2016-05-04 11:22:57','0000006f',1,27),(3520,'2016-05-04 11:22:57','00000072',1,30),(3521,'2016-05-04 11:23:04','00000072',1,32),(3522,'2016-05-04 11:23:17','0000006f',1,22),(3523,'2016-05-04 11:23:20','0000006e',2,34),(3524,'2016-05-04 11:23:24','00000072',1,30),(3525,'2016-05-04 11:23:29','0000006f',1,27),(3526,'2016-05-04 11:23:31','00000072',1,32),(3527,'2016-05-04 11:23:31','0000006e',1,30),(3528,'2016-05-04 11:23:38','0000006e',1,22),(3529,'2016-05-04 11:23:40','0000006e',2,33),(3530,'2016-05-04 11:23:49','0000006f',1,22),(3531,'2016-05-04 11:24:09','00000070',1,22),(3532,'2016-05-04 11:24:09','00000070',2,33),(3533,'2016-05-04 11:24:12','0000006f',1,27),(3534,'2016-05-04 11:24:16','00000070',1,30),(3535,'2016-05-04 11:24:26','00000070',1,32),(3536,'2016-05-04 11:24:29','00000070',2,34),(3537,'2016-05-04 11:24:34','0000006f',1,22),(3538,'2016-05-04 11:24:36','00000070',1,30),(3539,'2016-05-04 11:24:44','0000006f',1,27),(3540,'2016-05-04 11:24:57','0000006e',1,30),(3541,'2016-05-04 11:25:05','0000006e',1,22),(3542,'2016-05-04 11:25:06','0000006f',1,22),(3543,'2016-05-04 11:25:10','0000006e',2,34),(3544,'2016-05-04 11:25:20','0000006e',1,30),(3545,'2016-05-04 11:25:29','0000006f',1,27),(3546,'2016-05-04 11:25:30','0000006e',2,33),(3547,'2016-05-04 11:25:33','0000006e',1,22),(3548,'2016-05-04 11:25:52','0000006e',2,34),(3549,'2016-05-04 11:25:54','0000006f',1,22),(3550,'2016-05-04 11:25:56','0000006e',1,27),(3551,'2016-05-04 11:26:03','0000006e',1,22),(3552,'2016-05-04 11:26:07','00000072',1,30),(3553,'2016-05-04 11:26:12','0000006e',2,33),(3554,'2016-05-04 11:26:13','0000006f',1,27),(3555,'2016-05-04 11:26:14','00000072',1,32),(3556,'2016-05-04 11:26:28','0000006e',1,30),(3557,'2016-05-04 11:26:33','0000006f',1,22),(3558,'2016-05-04 11:26:35','0000006e',1,22),(3559,'2016-05-04 11:26:38','0000006e',2,34),(3560,'2016-05-04 11:26:43','00000072',1,30),(3561,'2016-05-04 11:26:47','0000006e',1,30),(3562,'2016-05-04 11:26:54','0000006e',1,22),(3563,'2016-05-04 11:26:58','0000006e',2,33),(3564,'2016-05-04 11:27:04','0000006e',1,30),(3565,'2016-05-04 11:27:05','00000072',1,32),(3566,'2016-05-04 11:27:12','0000006e',1,22),(3567,'2016-05-04 11:27:18','0000006e',2,34),(3568,'2016-05-04 11:27:19','0000006e',1,30),(3569,'2016-05-04 11:27:26','0000006e',1,22),(3570,'2016-05-04 11:27:33','0000006e',1,30),(3571,'2016-05-04 11:27:38','0000006e',2,33),(3572,'2016-05-04 11:27:39','00000072',1,30),(3573,'2016-05-04 11:27:40','00000071',1,31),(3574,'2016-05-04 11:27:40','0000006e',1,22),(3575,'2016-05-04 11:27:47','00000071',1,30),(3576,'2016-05-04 11:27:55','00000070',1,22),(3577,'2016-05-04 11:27:55','00000070',2,33),(3578,'2016-05-04 11:27:58','00000071',2,33),(3579,'2016-05-04 11:27:58','0000006e',1,30),(3580,'2016-05-04 11:28:00','00000072',1,32),(3581,'2016-05-04 11:28:02','00000070',1,30),(3582,'2016-05-04 11:28:09','00000072',1,30),(3583,'2016-05-04 11:28:09','00000071',1,31),(3584,'2016-05-04 11:28:11','0000006e',2,34),(3585,'2016-05-04 11:28:15','00000070',2,34),(3586,'2016-05-04 11:28:16','00000072',1,32),(3587,'2016-05-04 11:28:16','00000071',1,30),(3588,'2016-05-04 11:28:18','00000071',2,34),(3589,'2016-05-04 11:28:18','0000006e',1,22),(3590,'2016-05-04 11:28:23','00000072',1,30),(3591,'2016-05-04 11:28:27','0000006e',1,30),(3592,'2016-05-04 11:28:30','00000072',1,32),(3593,'2016-05-04 11:28:31','0000006e',2,33),(3594,'2016-05-04 11:28:32','0000006f',1,27),(3595,'2016-05-04 11:28:36','0000006e',1,22),(3596,'2016-05-04 11:28:46','0000006e',1,30),(3597,'2016-05-04 11:28:52','0000006f',1,22),(3598,'2016-05-04 11:28:55','0000006e',1,22),(3599,'2016-05-04 11:28:59','0000006e',2,34),(3600,'2016-05-04 11:29:03','0000006e',1,30),(3601,'2016-05-04 11:29:08','00000072',1,30),(3602,'2016-05-04 11:29:10','0000006e',1,22),(3603,'2016-05-04 11:29:14','00000071',1,29),(3604,'2016-05-04 11:29:16','00000072',1,32),(3605,'2016-05-04 11:29:20','0000006e',1,30),(3606,'2016-05-04 11:29:20','0000006e',2,33),(3607,'2016-05-04 11:29:21','00000071',1,30),(3608,'2016-05-04 11:29:27','0000006e',1,22),(3609,'2016-05-04 11:29:27','0000006f',1,27),(3610,'2016-05-04 11:29:28','00000071',2,33),(3611,'2016-05-04 11:29:46','00000072',1,30),(3612,'2016-05-04 11:29:47','0000006f',1,22),(3613,'2016-05-04 11:29:48','00000071',2,34),(3614,'2016-05-04 11:29:53','00000072',1,32),(3615,'2016-05-04 11:30:03','0000006e',1,30),(3616,'2016-05-04 11:30:03','0000006e',2,34),(3617,'2016-05-04 11:30:05','00000072',1,30),(3618,'2016-05-04 11:30:12','00000072',1,32),(3619,'2016-05-04 11:30:24','0000006e',2,33),(3620,'2016-05-04 11:30:29','0000006e',1,22),(3621,'2016-05-04 11:30:36','0000006e',1,30),(3622,'2016-05-04 11:30:44','0000006e',2,34),(3623,'2016-05-04 11:30:50','00000072',1,30),(3624,'2016-05-04 11:30:59','0000006f',1,30),(3625,'2016-05-04 11:31:10','00000072',1,32),(3626,'2016-05-04 11:31:12','0000006f',2,34),(3627,'2016-05-04 11:31:15','0000006e',1,22),(3628,'2016-05-04 11:31:15','0000006e',2,33),(3629,'2016-05-04 11:31:19','0000006f',1,22),(3630,'2016-05-04 11:31:22','0000006e',1,30),(3631,'2016-05-04 11:31:25','00000070',1,32),(3632,'2016-05-04 11:31:26','00000072',1,30),(3633,'2016-05-04 11:31:32','0000006f',2,33),(3634,'2016-05-04 11:31:32','00000070',1,30),(3635,'2016-05-04 11:31:33','00000072',1,32),(3636,'2016-05-04 11:31:35','0000006e',2,34),(3637,'2016-05-04 11:31:47','0000006e',1,22),(3638,'2016-05-04 11:31:51','0000006f',1,27),(3639,'2016-05-04 11:31:55','00000072',1,30),(3640,'2016-05-04 11:31:55','0000006e',2,33),(3641,'2016-05-04 11:32:02','00000072',1,32),(3642,'2016-05-04 11:32:04','0000006e',1,30),(3643,'2016-05-04 11:32:11','0000006f',1,22),(3644,'2016-05-04 11:32:17','0000006e',2,34),(3645,'2016-05-04 11:32:18','0000006f',1,27),(3646,'2016-05-04 11:32:26','0000006e',1,22),(3647,'2016-05-04 11:32:37','0000006e',2,33),(3648,'2016-05-04 11:32:38','0000006f',1,22),(3649,'2016-05-04 11:32:38','00000072',1,30),(3650,'2016-05-04 11:32:48','0000006f',1,27),(3651,'2016-05-04 11:32:58','00000072',1,32),(3652,'2016-05-04 11:33:03','0000006e',1,30),(3653,'2016-05-04 11:33:08','0000006f',1,22),(3654,'2016-05-04 11:33:10','0000006e',1,22),(3655,'2016-05-04 11:33:16','0000006e',2,34),(3656,'2016-05-04 11:33:17','0000006e',1,30),(3657,'2016-05-04 11:33:24','0000006e',1,22),(3658,'2016-05-04 11:33:32','0000006e',1,30),(3659,'2016-05-04 11:33:35','0000006f',1,27),(3660,'2016-05-04 11:33:36','0000006e',2,33),(3661,'2016-05-04 11:33:39','0000006e',1,22),(3662,'2016-05-04 11:33:55','0000006f',1,22),(3663,'2016-05-04 11:33:57','00000070',1,22),(3664,'2016-05-04 11:33:57','00000070',2,33),(3665,'2016-05-04 11:33:57','0000006e',1,30),(3666,'2016-05-04 11:33:59','00000072',1,30),(3667,'2016-05-04 11:34:04','00000070',1,30),(3668,'2016-05-04 11:34:07','00000072',1,32),(3669,'2016-05-04 11:34:09','0000006e',2,34),(3670,'2016-05-04 11:34:17','00000072',1,30),(3671,'2016-05-04 11:34:17','00000070',2,34),(3672,'2016-05-04 11:34:17','0000006e',1,22),(3673,'2016-05-04 11:34:19','0000006f',1,27),(3674,'2016-05-04 11:34:24','00000072',1,32),(3675,'2016-05-04 11:34:24','0000006e',1,30),(3676,'2016-05-04 11:34:29','0000006e',2,33),(3677,'2016-05-04 11:34:39','0000006f',1,22),(3678,'2016-05-04 11:34:44','0000006e',1,22),(3679,'2016-05-04 11:34:49','0000006e',2,34),(3680,'2016-05-04 11:34:51','0000006e',1,30),(3681,'2016-05-04 11:35:05','0000006e',1,22),(3682,'2016-05-04 11:35:07','00000072',1,30),(3683,'2016-05-04 11:35:14','00000072',1,32),(3684,'2016-05-04 11:35:16','0000006f',1,27),(3685,'2016-05-04 11:35:18','0000006e',2,33),(3686,'2016-05-04 11:35:23','0000006f',1,22),(3687,'2016-05-04 11:35:27','0000006e',1,30),(3688,'2016-05-04 11:35:34','0000006e',1,22),(3689,'2016-05-04 11:35:40','0000006e',2,34),(3690,'2016-05-04 11:35:41','0000006e',1,30),(3691,'2016-05-04 11:35:48','0000006e',1,22),(3692,'2016-05-04 11:35:55','00000072',1,30),(3693,'2016-05-04 11:36:01','0000006e',2,33),(3694,'2016-05-04 11:36:02','0000006e',1,27),(3695,'2016-05-04 11:36:04','00000072',1,32),(3696,'2016-05-04 11:36:09','0000006e',1,22),(3697,'2016-05-04 11:36:16','00000070',1,32),(3698,'2016-05-04 11:36:18','0000006e',1,30),(3699,'2016-05-04 11:36:23','00000070',1,30),(3700,'2016-05-04 11:36:25','0000006f',1,27),(3701,'2016-05-04 11:36:25','0000006e',1,22),(3702,'2016-05-04 11:36:27','0000006e',2,34),(3703,'2016-05-04 11:36:32','0000006f',1,22),(3704,'2016-05-04 11:36:32','0000006e',1,30),(3705,'2016-05-04 11:36:37','00000072',1,30),(3706,'2016-05-04 11:36:39','0000006f',1,27),(3707,'2016-05-04 11:36:40','0000006e',1,22),(3708,'2016-05-04 11:36:46','0000006f',1,22),(3709,'2016-05-04 11:36:51','0000006e',1,30),(3710,'2016-05-04 11:36:52','0000006e',2,33),(3711,'2016-05-04 11:36:58','0000006e',1,22),(3712,'2016-05-04 11:37:08','0000006e',1,30),(3713,'2016-05-04 11:37:10','00000072',1,32),(3714,'2016-05-04 11:37:15','0000006e',1,22),(3715,'2016-05-04 11:37:16','0000006e',2,34),(3716,'2016-05-04 11:37:24','00000070',1,32),(3717,'2016-05-04 11:37:30','0000006e',1,30),(3718,'2016-05-04 11:37:31','00000070',1,30),(3719,'2016-05-04 11:37:36','0000006e',2,33),(3720,'2016-05-04 11:37:37','0000006e',1,22),(3721,'2016-05-04 11:37:47','0000006e',1,30),(3722,'2016-05-04 11:37:50','0000006f',1,27),(3723,'2016-05-04 11:37:54','0000006e',1,22),(3724,'2016-05-04 11:37:57','0000006e',2,34),(3725,'2016-05-04 11:37:57','0000006f',1,22),(3726,'2016-05-04 11:38:04','0000006e',1,30),(3727,'2016-05-04 11:38:04','00000072',1,30),(3728,'2016-05-04 11:38:12','00000072',1,32),(3729,'2016-05-04 11:38:14','0000006e',1,22),(3730,'2016-05-04 11:38:19','0000006e',2,33),(3731,'2016-05-04 11:38:26','0000006e',1,30),(3732,'2016-05-04 11:38:29','00000072',1,30),(3733,'2016-05-04 11:38:33','0000006e',1,22),(3734,'2016-05-04 11:38:38','00000072',1,32),(3735,'2016-05-04 11:38:39','0000006e',2,34),(3736,'2016-05-04 11:38:41','0000006e',1,30),(3737,'2016-05-04 11:38:45','00000072',1,30),(3738,'2016-05-04 11:38:48','0000006e',1,22),(3739,'2016-05-04 11:38:52','00000072',1,32),(3740,'2016-05-04 11:38:56','0000006e',1,30),(3741,'2016-05-04 11:38:58','0000006f',1,27),(3742,'2016-05-04 11:38:59','00000072',1,30),(3743,'2016-05-04 11:38:59','0000006e',2,33),(3744,'2016-05-04 11:39:03','0000006e',1,22),(3745,'2016-05-04 11:39:05','0000006f',1,22),(3746,'2016-05-04 11:39:05','00000070',1,32),(3747,'2016-05-04 11:39:07','00000072',1,32),(3748,'2016-05-04 11:39:14','00000070',1,30),(3749,'2016-05-04 11:39:18','0000006e',1,30),(3750,'2016-05-04 11:39:19','0000006f',1,27),(3751,'2016-05-04 11:39:25','0000006e',1,22),(3752,'2016-05-04 11:39:26','0000006f',1,22),(3753,'2016-05-04 11:39:31','0000006e',2,34),(3754,'2016-05-04 11:39:35','00000072',1,30),(3755,'2016-05-04 11:39:42','00000072',1,32),(3756,'2016-05-04 11:39:46','00000070',1,32),(3757,'2016-05-04 11:39:54','0000006e',2,33),(3758,'2016-05-04 11:39:55','00000070',1,30),(3759,'2016-05-04 11:40:07','00000070',1,32),(3760,'2016-05-04 11:40:15','0000006e',1,30),(3761,'2016-05-04 11:40:17','00000070',1,30),(3762,'2016-05-04 11:40:18','0000006f',1,27),(3763,'2016-05-04 11:40:22','0000006e',1,22),(3764,'2016-05-04 11:40:25','0000006f',1,22),(3765,'2016-05-04 11:40:28','0000006e',2,34),(3766,'2016-05-04 11:40:30','0000006e',1,30),(3767,'2016-05-04 11:40:37','0000006e',1,22),(3768,'2016-05-04 11:40:39','00000072',1,30),(3769,'2016-05-04 11:40:49','00000072',1,32),(3770,'2016-05-04 11:40:50','0000006e',2,33),(3771,'2016-05-04 11:40:56','00000072',1,30),(3772,'2016-05-04 11:41:05','00000072',1,32),(3773,'2016-05-04 11:41:08','0000006e',1,30),(3774,'2016-05-04 11:41:10','0000006e',2,34),(3775,'2016-05-04 11:41:12','00000072',1,30),(3776,'2016-05-04 11:41:15','0000006e',1,22),(3777,'2016-05-04 11:41:23','00000072',1,32),(3778,'2016-05-04 11:41:30','0000006e',2,33),(3779,'2016-05-04 11:41:33','0000006f',1,27),(3780,'2016-05-04 11:41:35','0000006e',1,30),(3781,'2016-05-04 11:41:39','00000072',1,30),(3782,'2016-05-04 11:41:40','0000006f',1,22),(3783,'2016-05-04 11:41:42','0000006e',1,22),(3784,'2016-05-04 11:41:53','0000006f',1,27),(3785,'2016-05-04 11:42:00','0000006f',1,22),(3786,'2016-05-04 11:42:00','00000072',1,32),(3787,'2016-05-04 11:42:15','0000006f',1,27),(3788,'2016-05-04 11:42:17','00000072',1,30),(3789,'2016-05-04 11:42:23','0000006f',1,22),(3790,'2016-05-04 11:42:31','0000006e',1,30),(3791,'2016-05-04 11:42:37','00000072',1,32),(3792,'2016-05-04 11:42:37','00000070',1,32),(3793,'2016-05-04 11:42:41','0000006e',1,22),(3794,'2016-05-04 11:42:44','0000006f',1,27),(3795,'2016-05-04 11:42:44','00000070',1,30),(3796,'2016-05-04 11:42:44','0000006e',2,34),(3797,'2016-05-04 11:42:45','00000072',1,30),(3798,'2016-05-04 11:42:48','0000006e',1,27),(3799,'2016-05-04 11:42:51','00000070',1,32),(3800,'2016-05-04 11:42:52','0000006f',1,22),(3801,'2016-05-04 11:42:54','00000072',1,32),(3802,'2016-05-04 11:42:55','0000006e',1,22),(3803,'2016-05-04 11:42:58','00000070',1,30),(3804,'2016-05-04 11:42:59','0000006f',1,27),(3805,'2016-05-04 11:43:04','00000072',1,30),(3806,'2016-05-04 11:43:04','0000006e',2,33),(3807,'2016-05-04 11:43:06','0000006f',1,22),(3808,'2016-05-04 11:43:09','00000070',1,32),(3809,'2016-05-04 11:43:11','00000072',1,32),(3810,'2016-05-04 11:43:16','00000070',1,30),(3811,'2016-05-04 11:43:18','00000072',1,30),(3812,'2016-05-04 11:43:27','00000072',1,32),(3813,'2016-05-04 11:43:37','00000072',1,30),(3814,'2016-05-04 11:43:44','00000072',1,32),(3815,'2016-05-04 11:43:49','0000006e',1,30),(3816,'2016-05-04 11:43:57','0000006e',2,34),(3817,'2016-05-04 11:43:58','0000006e',1,22),(3818,'2016-05-04 11:43:59','0000006f',1,27),(3819,'2016-05-04 11:44:06','0000006f',1,22),(3820,'2016-05-04 11:44:07','0000006e',1,30),(3821,'2016-05-04 11:44:13','0000006f',1,27),(3822,'2016-05-04 11:44:16','00000072',1,30),(3823,'2016-05-04 11:44:17','0000006e',2,33),(3824,'2016-05-04 11:44:20','0000006f',1,22),(3825,'2016-05-04 11:44:23','00000072',1,32),(3826,'2016-05-04 11:44:30','00000072',1,30),(3827,'2016-05-04 11:44:33','0000006f',1,27),(3828,'2016-05-04 11:44:37','00000072',1,32),(3829,'2016-05-04 11:44:38','0000006e',1,22),(3830,'2016-05-04 11:44:40','0000006f',1,22),(3831,'2016-05-04 11:44:43','0000006e',2,34),(3832,'2016-05-04 11:44:48','0000006e',1,30),(3833,'2016-05-04 11:44:53','0000006f',1,27),(3834,'2016-05-04 11:45:00','0000006f',1,22),(3835,'2016-05-04 11:45:05','0000006e',2,33),(3836,'2016-05-04 11:45:09','0000006e',1,22),(3837,'2016-05-04 11:45:25','0000006e',2,34),(3838,'2016-05-04 11:45:35','0000006e',1,30),(3839,'2016-05-04 11:45:42','0000006e',1,22),(3840,'2016-05-04 11:45:46','0000006e',2,33),(3841,'2016-05-04 11:46:01','00000072',1,30),(3842,'2016-05-04 11:46:02','0000006f',1,27),(3843,'2016-05-04 11:46:08','00000070',1,30),(3844,'2016-05-04 11:46:08','0000006e',2,34),(3845,'2016-05-04 11:46:08','00000072',1,32),(3846,'2016-05-04 11:46:09','0000006e',1,30),(3847,'2016-05-04 11:46:09','0000006f',1,22),(3848,'2016-05-04 11:46:16','0000006e',1,22),(3849,'2016-05-04 11:46:18','00000070',2,34),(3850,'2016-05-04 11:46:20','00000070',1,29),(3851,'2016-05-04 11:46:28','0000006e',2,33),(3852,'2016-05-04 11:46:34','0000006f',1,27),(3853,'2016-05-04 11:46:39','00000070',2,33),(3854,'2016-05-04 11:46:41','00000070',1,28),(3855,'2016-05-04 11:46:42','0000006f',1,22),(3856,'2016-05-04 11:46:48','00000070',1,29),(3857,'2016-05-04 11:46:59','00000070',1,30),(3858,'2016-05-04 11:46:59','00000070',2,34),(3859,'2016-05-04 11:47:02','00000072',1,30),(3860,'2016-05-04 11:47:06','00000070',1,29),(3861,'2016-05-04 11:47:07','0000006e',1,30),(3862,'2016-05-04 11:47:07','0000006e',2,34),(3863,'2016-05-04 11:47:13','0000006f',1,27),(3864,'2016-05-04 11:47:15','0000006e',1,22),(3865,'2016-05-04 11:47:19','00000070',2,33),(3866,'2016-05-04 11:47:20','0000006f',1,22),(3867,'2016-05-04 11:47:22','00000072',1,32),(3868,'2016-05-04 11:47:28','0000006e',2,33),(3869,'2016-05-04 11:47:35','0000006e',1,30),(3870,'2016-05-04 11:47:41','00000070',1,30),(3871,'2016-05-04 11:47:42','0000006e',1,22),(3872,'2016-05-04 11:47:56','00000072',1,30),(3873,'2016-05-04 11:48:01','00000070',1,31),(3874,'2016-05-04 11:48:03','00000072',1,32),(3875,'2016-05-04 11:48:08','00000070',1,30),(3876,'2016-05-04 11:48:08','00000070',2,34),(3877,'2016-05-04 11:48:17','0000006e',2,34),(3878,'2016-05-04 11:48:37','0000006e',2,33),(3879,'2016-05-04 11:48:51','00000072',1,30),(3880,'2016-05-04 11:48:59','00000072',1,32),(3881,'2016-05-04 11:48:59','0000006e',2,34),(3882,'2016-05-04 11:49:00','00000071',1,31),(3883,'2016-05-04 11:49:16','0000006e',1,30),(3884,'2016-05-04 11:49:19','0000006e',2,33),(3885,'2016-05-04 11:49:20','00000071',1,30),(3886,'2016-05-04 11:49:23','0000006e',1,22),(3887,'2016-05-04 11:49:24','00000072',1,30),(3888,'2016-05-04 11:49:31','00000072',1,32),(3889,'2016-05-04 11:49:32','0000006e',1,30),(3890,'2016-05-04 11:49:39','0000006e',2,34),(3891,'2016-05-04 11:49:42','00000070',1,22),(3892,'2016-05-04 11:49:43','00000072',1,30),(3893,'2016-05-04 11:49:45','0000006e',1,22),(3894,'2016-05-04 11:49:49','00000070',1,30),(3895,'2016-05-04 11:49:52','00000071',1,29),(3896,'2016-05-04 11:49:55','00000070',2,33),(3897,'2016-05-04 11:49:59','00000071',1,30),(3898,'2016-05-04 11:49:59','0000006e',2,33),(3899,'2016-05-04 11:50:05','00000071',2,33),(3900,'2016-05-04 11:50:06','00000072',1,32),(3901,'2016-05-04 11:50:13','00000072',1,30),(3902,'2016-05-04 11:50:15','00000070',2,34),(3903,'2016-05-04 11:50:22','00000072',1,32),(3904,'2016-05-04 11:50:25','00000071',2,34),(3905,'2016-05-04 11:50:25','0000006e',1,30),(3906,'2016-05-04 11:50:25','0000006e',2,34),(3907,'2016-05-04 11:50:29','00000072',1,30),(3908,'2016-05-04 11:50:32','0000006e',1,22),(3909,'2016-05-04 11:50:37','00000072',1,32),(3910,'2016-05-04 11:50:44','00000072',1,30),(3911,'2016-05-04 11:50:45','0000006e',2,33),(3912,'2016-05-04 11:50:54','0000006f',1,22),(3913,'2016-05-04 11:50:54','0000006f',2,33),(3914,'2016-05-04 11:51:02','0000006e',1,30),(3915,'2016-05-04 11:51:09','0000006e',1,22),(3916,'2016-05-04 11:51:14','00000072',1,32),(3917,'2016-05-04 11:51:14','0000006e',2,34),(3918,'2016-05-04 11:51:21','00000072',1,30),(3919,'2016-05-04 11:51:29','00000072',1,32),(3920,'2016-05-04 11:51:34','0000006e',2,33),(3921,'2016-05-04 11:51:36','00000072',1,31),(3922,'2016-05-04 11:51:36','0000006e',1,30),(3923,'2016-05-04 11:51:43','0000006e',1,22),(3924,'2016-05-04 11:51:44','00000072',1,30),(3925,'2016-05-04 11:51:51','00000072',2,33),(3926,'2016-05-04 11:51:54','00000072',1,32),(3927,'2016-05-04 11:51:54','0000006e',2,34),(3928,'2016-05-04 11:52:01','00000072',1,30),(3929,'2016-05-04 11:52:09','00000072',1,32),(3930,'2016-05-04 11:52:11','00000072',2,34),(3931,'2016-05-04 11:52:14','0000006e',2,33),(3932,'2016-05-04 11:52:16','00000072',1,30),(3933,'2016-05-04 11:52:35','0000006e',2,34),(3934,'2016-05-04 11:52:45','0000006e',1,30),(3935,'2016-05-04 11:52:55','0000006e',2,33),(3936,'2016-05-04 11:53:05','0000006e',1,22),(3937,'2016-05-04 11:53:24','0000006e',2,34),(3938,'2016-05-04 11:53:26','0000006e',1,30),(3939,'2016-05-04 11:53:33','0000006e',1,22),(3940,'2016-05-04 11:53:40','0000006e',1,30),(3941,'2016-05-04 11:53:46','0000006e',2,33),(3942,'2016-05-04 11:53:47','0000006e',1,22),(3943,'2016-05-04 11:53:54','00000072',1,31),(3944,'2016-05-04 11:53:58','0000006e',1,30),(3945,'2016-05-04 11:53:59','00000072',2,33),(3946,'2016-05-04 11:54:05','0000006e',1,22),(3947,'2016-05-04 11:54:07','0000006e',2,34),(3948,'2016-05-04 11:54:12','0000006e',1,30),(3949,'2016-05-04 11:54:14','00000072',1,32),(3950,'2016-05-04 11:54:19','00000072',2,34),(3951,'2016-05-04 11:54:26','00000072',1,30),(3952,'2016-05-04 11:54:28','0000006f',1,27),(3953,'2016-05-04 11:54:29','0000006e',2,33),(3954,'2016-05-04 11:54:35','0000006f',1,22),(3955,'2016-05-04 11:54:49','0000006e',2,34),(3956,'2016-05-04 11:54:51','00000072',1,32),(3957,'2016-05-04 11:54:58','00000072',1,30),(3958,'2016-05-04 11:55:10','0000006e',2,33),(3959,'2016-05-04 11:55:15','0000006e',1,22),(3960,'2016-05-04 11:55:23','00000072',1,32),(3961,'2016-05-04 11:55:28','00000070',1,22),(3962,'2016-05-04 11:55:30','00000072',1,30),(3963,'2016-05-04 11:55:30','0000006e',2,34),(3964,'2016-05-04 11:55:35','00000070',1,30),(3965,'2016-05-04 11:55:41','00000070',2,33),(3966,'2016-05-04 11:55:50','0000006e',2,33),(3967,'2016-05-04 11:56:00','00000072',1,32),(3968,'2016-05-04 11:56:01','00000070',2,34),(3969,'2016-05-04 11:56:08','00000072',1,30),(3970,'2016-05-04 11:56:25','0000006e',2,34),(3971,'2016-05-04 11:56:28','00000072',1,32),(3972,'2016-05-04 11:56:31','00000070',1,22),(3973,'2016-05-04 11:56:38','00000070',1,30),(3974,'2016-05-04 11:56:44','00000070',2,33),(3975,'2016-05-04 11:56:46','00000072',1,30),(3976,'2016-05-04 11:56:46','0000006e',2,33),(3977,'2016-05-04 11:56:53','00000072',1,32),(3978,'2016-05-04 11:57:04','00000070',2,34),(3979,'2016-05-04 11:57:06','0000006e',2,34),(3980,'2016-05-04 11:57:09','0000006e',1,30),(3981,'2016-05-04 11:57:20','00000072',1,30),(3982,'2016-05-04 11:57:21','0000006e',1,29),(3983,'2016-05-04 11:57:32','0000006e',2,33),(3984,'2016-05-04 11:57:54','00000072',1,32),(3985,'2016-05-04 11:57:54','0000006e',2,34),(3986,'2016-05-04 11:58:02','00000072',1,30),(3987,'2016-05-04 11:58:14','0000006e',2,33),(3988,'2016-05-04 11:58:38','00000072',1,32),(3989,'2016-05-04 11:58:47','0000006e',2,34),(3990,'2016-05-04 11:58:59','00000072',2,33),(3991,'2016-05-04 11:59:01','0000006e',1,30),(3992,'2016-05-04 11:59:05','00000071',1,29),(3993,'2016-05-04 11:59:07','00000072',1,30),(3994,'2016-05-04 11:59:07','0000006e',2,33),(3995,'2016-05-04 11:59:07','0000006f',1,27),(3996,'2016-05-04 11:59:13','0000006e',1,22),(3997,'2016-05-04 11:59:14','0000006f',1,22),(3998,'2016-05-04 11:59:18','00000071',2,33),(3999,'2016-05-04 11:59:19','00000072',2,34),(4000,'2016-05-04 11:59:21','0000006e',1,27),(4001,'2016-05-04 11:59:22','00000072',1,29),(4002,'2016-05-04 11:59:24','00000071',1,30),(4003,'2016-05-04 11:59:25','00000070',1,22),(4004,'2016-05-04 11:59:28','0000006e',1,22),(4005,'2016-05-04 11:59:29','00000072',1,30),(4006,'2016-05-04 11:59:31','00000071',1,29),(4007,'2016-05-04 11:59:38','00000071',2,34),(4008,'2016-05-04 11:59:38','00000070',2,33),(4009,'2016-05-04 11:59:39','00000071',1,30),(4010,'2016-05-04 11:59:45','00000070',1,30),(4011,'2016-05-04 11:59:51','00000071',1,29),(4012,'2016-05-04 11:59:52','00000070',1,22),(4013,'2016-05-04 11:59:52','0000006e',2,34),(4014,'2016-05-04 11:59:53','00000072',2,33),(4015,'2016-05-04 11:59:58','00000070',2,34),(4016,'2016-05-04 11:59:59','00000070',1,30),(4017,'2016-05-04 12:00:04','00000071',2,33),(4018,'2016-05-04 12:00:08','0000006e',1,29),(4019,'2016-05-04 12:00:09','00000071',1,30),(4020,'2016-05-04 12:00:12','0000006e',2,33),(4021,'2016-05-04 12:00:16','00000071',1,29),(4022,'2016-05-04 12:00:19','00000072',1,29),(4023,'2016-05-04 12:00:19','0000006e',1,30),(4024,'2016-05-04 12:00:26','0000006e',1,29),(4025,'2016-05-04 12:00:27','00000071',1,30),(4026,'2016-05-04 12:00:32','0000006e',2,34),(4027,'2016-05-04 12:00:40','00000072',1,30),(4028,'2016-05-04 12:00:40','00000072',2,34),(4029,'2016-05-04 12:00:41','00000071',2,34),(4030,'2016-05-04 12:00:45','00000070',1,22),(4031,'2016-05-04 12:00:52','0000006e',2,33),(4032,'2016-05-04 12:00:59','00000070',2,33),(4033,'2016-05-04 12:01:00','0000006e',1,30),(4034,'2016-05-04 12:01:01','0000006f',1,27),(4035,'2016-05-04 12:01:04','00000072',2,33),(4036,'2016-05-04 12:01:04','00000070',1,30),(4037,'2016-05-04 12:01:08','0000006f',1,22),(4038,'2016-05-04 12:01:13','0000006e',2,34),(4039,'2016-05-04 12:01:19','00000070',2,34),(4040,'2016-05-04 12:01:20','00000072',1,32),(4041,'2016-05-04 12:01:24','00000072',2,34),(4042,'2016-05-04 12:01:27','00000072',1,30),(4043,'2016-05-04 12:01:37','0000006e',1,29),(4044,'2016-05-04 12:01:43','00000072',1,32),(4045,'2016-05-04 12:01:53','00000072',1,30),(4046,'2016-05-04 12:01:57','0000006e',1,30),(4047,'2016-05-04 12:02:02','00000072',1,32),(4048,'2016-05-04 12:02:33','0000006e',1,22),(4049,'2016-05-04 12:02:38','00000070',1,22),(4050,'2016-05-04 12:02:40','0000006e',1,30),(4051,'2016-05-04 12:02:45','00000070',1,30),(4052,'2016-05-04 12:02:46','0000006e',2,33),(4053,'2016-05-04 12:02:51','00000070',2,33),(4054,'2016-05-04 12:03:05','0000006e',1,22),(4055,'2016-05-04 12:03:08','0000006e',2,34),(4056,'2016-05-04 12:03:11','00000070',2,34),(4057,'2016-05-04 12:03:12','0000006e',1,30),(4058,'2016-05-04 12:03:28','0000006e',2,33),(4059,'2016-05-04 12:03:32','0000006e',1,22),(4060,'2016-05-04 12:03:48','0000006e',2,34),(4061,'2016-05-04 12:03:51','00000072',1,30),(4062,'2016-05-04 12:03:52','0000006e',1,30),(4063,'2016-05-04 12:03:58','00000072',1,32),(4064,'2016-05-04 12:04:12','0000006e',1,22),(4065,'2016-05-04 12:04:12','0000006e',2,33),(4066,'2016-05-04 12:04:29','0000006e',1,30),(4067,'2016-05-04 12:04:34','00000072',1,30),(4068,'2016-05-04 12:04:38','0000006e',1,22),(4069,'2016-05-04 12:04:42','00000072',1,32),(4070,'2016-05-04 12:04:42','0000006e',2,34),(4071,'2016-05-04 12:04:49','00000072',1,30),(4072,'2016-05-04 12:04:49','0000006e',1,30),(4073,'2016-05-04 12:04:58','00000072',1,32),(4074,'2016-05-04 12:05:02','0000006e',1,27),(4075,'2016-05-04 12:05:08','0000006e',2,33),(4076,'2016-05-04 12:05:22','00000072',1,30),(4077,'2016-05-04 12:05:22','0000006e',1,22),(4078,'2016-05-04 12:05:29','00000072',1,32),(4079,'2016-05-04 12:05:32','0000006e',2,34),(4080,'2016-05-04 12:05:52','0000006e',2,33),(4081,'2016-05-04 12:05:57','00000072',1,30),(4082,'2016-05-04 12:06:00','0000006e',1,30),(4083,'2016-05-04 12:06:04','00000072',1,32),(4084,'2016-05-04 12:06:11','00000072',1,30),(4085,'2016-05-04 12:06:13','0000006e',2,34),(4086,'2016-05-04 12:06:20','0000006e',1,22),(4087,'2016-05-04 12:06:33','0000006e',2,33),(4088,'2016-05-04 12:06:36','0000006e',1,30),(4089,'2016-05-04 12:06:42','00000072',1,32),(4090,'2016-05-04 12:06:43','0000006e',1,22),(4091,'2016-05-04 12:06:57','0000006e',1,30),(4092,'2016-05-04 12:07:04','0000006e',1,22),(4093,'2016-05-04 12:07:06','00000072',1,30),(4094,'2016-05-04 12:07:10','0000006e',2,34),(4095,'2016-05-04 12:07:11','0000006e',1,30),(4096,'2016-05-04 12:07:14','00000072',1,32),(4097,'2016-05-04 12:07:21','00000073',1,30),(4098,'2016-05-04 12:07:22','00000073',2,34),(4099,'2016-05-04 12:07:30','00000071',1,31),(4100,'2016-05-04 12:07:30','0000006e',2,33),(4101,'2016-05-04 12:07:31','0000006e',1,22),(4102,'2016-05-04 12:07:37','00000071',1,30),(4103,'2016-05-04 12:07:42','00000072',1,30),(4104,'2016-05-04 12:07:54','0000006e',2,34),(4105,'2016-05-04 12:07:55','00000072',1,32),(4106,'2016-05-04 12:07:58','0000006e',1,30),(4107,'2016-05-04 12:08:01','00000072',2,33),(4108,'2016-05-04 12:08:03','00000072',1,30),(4109,'2016-05-04 12:08:05','0000006e',1,22),(4110,'2016-05-04 12:08:15','0000006e',2,33),(4111,'2016-05-04 12:08:20','00000071',1,29),(4112,'2016-05-04 12:08:21','00000072',2,34),(4113,'2016-05-04 12:08:27','00000071',1,30),(4114,'2016-05-04 12:08:36','0000006e',1,30),(4115,'2016-05-04 12:08:43','0000006e',1,22),(4116,'2016-05-04 12:08:49','0000006e',2,34),(4117,'2016-05-04 12:08:52','00000072',1,32),(4118,'2016-05-04 12:09:05','0000006e',1,27),(4119,'2016-05-04 12:09:09','0000006e',2,33),(4120,'2016-05-04 12:09:15','00000071',1,31),(4121,'2016-05-04 12:09:19','00000072',1,30),(4122,'2016-05-04 12:09:22','00000071',1,30),(4123,'2016-05-04 12:09:27','00000072',1,29),(4124,'2016-05-04 12:09:35','00000072',1,30),(4125,'2016-05-04 12:09:38','00000072',2,33),(4126,'2016-05-04 12:09:48','00000071',1,29),(4127,'2016-05-04 12:09:48','0000006e',1,29),(4128,'2016-05-04 12:09:53','00000072',1,32),(4129,'2016-05-04 12:09:55','00000071',1,30),(4130,'2016-05-04 12:09:58','00000072',2,34),(4131,'2016-05-04 12:10:00','00000072',1,30),(4132,'2016-05-04 12:10:01','00000071',2,33),(4133,'2016-05-04 12:10:03','0000006e',1,22),(4134,'2016-05-04 12:10:20','00000072',1,32),(4135,'2016-05-04 12:10:21','00000071',2,34),(4136,'2016-05-04 12:10:21','0000006e',2,34),(4137,'2016-05-04 12:10:23','0000006e',1,30),(4138,'2016-05-04 12:10:31','0000006e',1,22),(4139,'2016-05-04 12:10:40','0000006e',1,30),(4140,'2016-05-04 12:10:41','0000006e',2,33),(4141,'2016-05-04 12:10:45','00000072',1,30),(4142,'2016-05-04 12:10:47','0000006e',1,22),(4143,'2016-05-04 12:10:52','00000072',1,32),(4144,'2016-05-04 12:11:07','00000070',1,31),(4145,'2016-05-04 12:11:18','00000072',1,30),(4146,'2016-05-04 12:11:19','0000006e',1,29),(4147,'2016-05-04 12:11:25','00000072',1,32),(4148,'2016-05-04 12:11:27','00000070',1,30),(4149,'2016-05-04 12:11:38','0000006e',2,34),(4150,'2016-05-04 12:11:47','00000072',1,30),(4151,'2016-05-04 12:11:54','00000072',1,32),(4152,'2016-05-04 12:11:58','0000006e',2,33),(4153,'2016-05-04 12:12:16','0000006e',1,22),(4154,'2016-05-04 12:12:17','00000072',1,30),(4155,'2016-05-04 12:12:25','00000072',1,32),(4156,'2016-05-04 12:12:40','0000006e',1,30),(4157,'2016-05-04 12:12:47','0000006e',1,22),(4158,'2016-05-04 12:12:48','00000072',1,30),(4159,'2016-05-04 12:12:49','0000006e',2,34),(4160,'2016-05-04 12:12:49','0000006f',1,27),(4161,'2016-05-04 12:12:55','00000072',1,32),(4162,'2016-05-04 12:12:56','0000006f',1,22),(4163,'2016-05-04 12:13:04','00000072',1,30),(4164,'2016-05-04 12:13:09','0000006e',2,33),(4165,'2016-05-04 12:13:11','00000072',1,32),(4166,'2016-05-04 12:15:04','0000006e',1,29),(4167,'2016-05-04 12:15:11','0000006e',1,22),(4168,'2016-05-04 12:15:27','0000006e',1,30),(4169,'2016-05-04 12:15:37','0000006e',1,29),(4170,'2016-05-04 12:15:40','0000006e',2,34),(4171,'2016-05-04 12:15:44','0000006e',1,30),(4172,'2016-05-04 12:15:58','0000006f',2,34),(4173,'2016-05-04 12:16:01','0000006e',2,33),(4174,'2016-05-04 12:16:05','0000006e',1,22),(4175,'2016-05-04 12:16:14','00000072',1,30),(4176,'2016-05-04 12:16:18','0000006f',2,33),(4177,'2016-05-04 12:16:22','00000072',1,32),(4178,'2016-05-04 12:16:25','0000006e',2,34),(4179,'2016-05-04 12:16:45','0000006e',2,33),(4180,'2016-05-04 12:16:52','00000072',1,30),(4181,'2016-05-04 12:16:59','00000072',1,32),(4182,'2016-05-04 12:17:08','00000072',1,30),(4183,'2016-05-04 12:17:10','0000006e',1,27),(4184,'2016-05-04 12:17:16','00000072',1,32),(4185,'2016-05-04 12:17:18','0000006e',1,22),(4186,'2016-05-04 12:17:38','0000006e',1,27),(4187,'2016-05-04 12:17:45','0000006e',1,22),(4188,'2016-05-04 12:19:04','00000072',1,30),(4189,'2016-05-04 12:19:17','00000072',1,32),(4190,'2016-05-04 12:19:24','00000072',1,30),(4191,'2016-05-04 12:19:34','00000072',1,32),(4192,'2016-05-04 12:19:41','0000006e',1,30),(4193,'2016-05-04 12:19:42','00000072',1,30),(4194,'2016-05-04 12:19:48','0000006e',1,22),(4195,'2016-05-04 12:19:49','00000072',1,32),(4196,'2016-05-04 12:19:54','0000006e',2,34),(4197,'2016-05-04 12:20:14','0000006e',2,33),(4198,'2016-05-04 12:20:39','00000072',1,30),(4199,'2016-05-04 12:20:46','00000072',1,32),(4200,'2016-05-04 12:23:02','0000006e',2,34),(4201,'2016-05-04 12:23:22','0000006e',2,33),(4202,'2016-05-04 12:23:25','00000072',1,30),(4203,'2016-05-04 12:23:32','00000072',1,32),(4204,'2016-05-04 12:24:42','0000006e',2,34),(4205,'2016-05-04 12:24:57','0000006e',1,30),(4206,'2016-05-04 12:25:02','0000006e',2,33),(4207,'2016-05-04 12:25:26','0000006e',1,22),(4208,'2016-05-04 12:25:27','0000006e',2,34),(4209,'2016-05-04 12:25:38','00000072',1,30),(4210,'2016-05-04 12:25:46','0000006e',2,33),(4211,'2016-05-04 12:25:58','00000072',1,32),(4212,'2016-05-04 12:26:07','0000006e',1,30),(4213,'2016-05-04 12:26:10','00000072',1,30),(4214,'2016-05-04 12:26:14','0000006e',1,22),(4215,'2016-05-04 12:26:21','0000006e',2,34),(4216,'2016-05-04 12:26:31','00000072',1,32),(4217,'2016-05-04 12:26:38','00000072',1,30),(4218,'2016-05-04 12:26:41','0000006e',2,33),(4219,'2016-05-04 12:26:45','00000072',1,32),(4220,'2016-05-04 12:26:57','00000072',1,30),(4221,'2016-05-04 12:26:58','0000006e',1,30),(4222,'2016-05-04 12:27:04','00000072',1,32),(4223,'2016-05-04 12:27:05','0000006e',1,22),(4224,'2016-05-04 12:27:11','0000006e',2,34),(4225,'2016-05-04 12:27:12','0000006e',1,30),(4226,'2016-05-04 12:27:20','0000006e',1,22),(4227,'2016-05-04 12:27:30','00000072',1,30),(4228,'2016-05-04 12:27:33','0000006e',2,33),(4229,'2016-05-04 12:27:37','00000072',1,32),(4230,'2016-05-04 12:27:45','0000006e',1,30),(4231,'2016-05-04 12:27:52','0000006e',1,22),(4232,'2016-05-04 12:27:58','0000006e',2,34),(4233,'2016-05-04 12:28:03','0000006e',1,30),(4234,'2016-05-04 12:28:05','00000072',1,30),(4235,'2016-05-04 12:28:10','0000006e',1,22),(4236,'2016-05-04 12:28:12','00000072',1,32),(4237,'2016-05-04 12:28:18','0000006e',2,33),(4238,'2016-05-04 12:28:31','00000072',1,30),(4239,'2016-05-04 12:28:39','00000072',1,32),(4240,'2016-05-04 12:29:24','00000072',1,30),(4241,'2016-05-04 12:29:31','00000072',1,32),(4242,'2016-05-04 12:29:39','00000072',1,30),(4243,'2016-05-04 12:29:46','00000072',1,32),(4244,'2016-05-04 12:29:54','00000072',1,30),(4245,'2016-05-04 12:30:01','00000072',1,32),(4246,'2016-05-04 12:31:09','00000072',1,30),(4247,'2016-05-04 12:31:29','00000072',1,32),(4248,'2016-05-04 12:31:41','00000072',1,30),(4249,'2016-05-04 12:31:49','00000072',1,32),(4250,'2016-05-04 12:32:02','00000072',1,30),(4251,'2016-05-04 12:32:09','00000072',1,32),(4252,'2016-05-04 12:32:16','00000072',1,30),(4253,'2016-05-04 12:32:36','00000072',1,32),(4254,'2016-05-04 12:32:40','0000006e',1,30),(4255,'2016-05-04 12:32:43','00000072',1,30),(4256,'2016-05-04 12:32:47','0000006e',1,22),(4257,'2016-05-04 12:32:52','00000072',1,32),(4258,'2016-05-04 12:32:53','0000006e',2,34),(4259,'2016-05-04 12:32:59','00000072',1,30),(4260,'2016-05-04 12:33:06','00000072',1,32),(4261,'2016-05-04 12:33:11','0000006e',1,30),(4262,'2016-05-04 12:33:13','00000072',1,30),(4263,'2016-05-04 12:33:13','0000006e',2,33),(4264,'2016-05-04 12:33:18','0000006e',1,22),(4265,'2016-05-04 12:33:20','00000072',1,32),(4266,'2016-05-04 12:33:35','0000006e',1,30),(4267,'2016-05-04 12:33:41','00000072',1,30),(4268,'2016-05-04 12:33:42','0000006e',1,22),(4269,'2016-05-04 12:33:48','00000072',1,32),(4270,'2016-05-04 12:33:48','0000006e',2,34),(4271,'2016-05-04 12:33:53','0000006e',1,30),(4272,'2016-05-04 12:34:00','0000006e',1,22),(4273,'2016-05-04 12:34:07','00000072',1,30),(4274,'2016-05-04 12:34:08','0000006e',2,33),(4275,'2016-05-04 12:34:14','00000072',1,32),(4276,'2016-05-04 12:34:25','00000072',1,30),(4277,'2016-05-04 12:34:32','00000072',1,32),(4278,'2016-05-04 12:34:39','00000072',1,30),(4279,'2016-05-04 12:34:46','00000072',1,32),(4280,'2016-05-04 12:34:50','0000006e',1,30),(4281,'2016-05-04 12:34:55','00000072',1,30),(4282,'2016-05-04 12:34:57','0000006e',1,22),(4283,'2016-05-04 12:35:02','00000072',1,32),(4284,'2016-05-04 12:35:03','0000006e',2,34),(4285,'2016-05-04 12:35:09','00000072',1,30),(4286,'2016-05-04 12:35:21','00000072',1,32),(4287,'2016-05-04 12:35:24','0000006e',2,33),(4288,'2016-05-04 12:35:54','0000006e',1,30),(4289,'2016-05-04 12:35:57','00000072',1,30),(4290,'2016-05-04 12:36:01','0000006e',1,22),(4291,'2016-05-04 12:36:04','00000072',1,32),(4292,'2016-05-04 12:36:07','0000006e',2,34),(4293,'2016-05-04 12:36:27','0000006e',2,33),(4294,'2016-05-04 12:36:34','0000006e',1,30),(4295,'2016-05-04 12:36:41','0000006e',1,22),(4296,'2016-05-04 12:36:47','0000006e',2,34),(4297,'2016-05-04 12:37:07','0000006e',2,33),(4298,'2016-05-04 12:37:37','0000006e',2,34),(4299,'2016-05-04 12:37:57','0000006e',2,33),(4300,'2016-05-04 12:38:14','0000006f',1,28),(4301,'2016-05-04 12:38:16','0000006e',1,30),(4302,'2016-05-04 12:38:20','0000006e',2,34),(4303,'2016-05-04 12:38:21','0000006f',1,22),(4304,'2016-05-04 12:38:23','0000006e',1,22),(4305,'2016-05-04 12:38:24','00000072',2,34),(4306,'2016-05-04 12:38:34','0000006e',1,30),(4307,'2016-05-04 12:38:40','0000006e',2,33),(4308,'2016-05-04 12:38:41','0000006e',1,22),(4309,'2016-05-04 12:39:12','00000072',1,30),(4310,'2016-05-04 12:39:20','00000072',1,32),(4311,'2016-05-04 12:39:29','00000072',1,30),(4312,'2016-05-04 12:39:36','00000072',1,32),(4313,'2016-05-04 12:39:40','0000006e',1,30),(4314,'2016-05-04 12:39:43','00000072',1,30),(4315,'2016-05-04 12:39:47','0000006e',1,22),(4316,'2016-05-04 12:39:53','0000006e',2,34),(4317,'2016-05-04 12:39:57','00000072',1,32),(4318,'2016-05-04 12:40:08','0000006e',1,30),(4319,'2016-05-04 12:40:12','00000072',1,30),(4320,'2016-05-04 12:40:13','0000006e',2,33),(4321,'2016-05-04 12:40:15','0000006e',1,22),(4322,'2016-05-04 12:40:19','00000072',1,32),(4323,'2016-05-04 12:40:26','00000072',1,30),(4324,'2016-05-04 12:40:42','00000072',1,32),(4325,'2016-05-04 12:41:02','00000072',1,30),(4326,'2016-05-04 12:41:09','00000072',1,32),(4327,'2016-05-04 12:41:41','00000072',1,30),(4328,'2016-05-04 12:41:48','00000072',1,32),(4329,'2016-05-04 12:41:55','00000072',1,30),(4330,'2016-05-04 12:42:02','00000072',1,32),(4331,'2016-05-04 12:42:32','00000072',1,30),(4332,'2016-05-04 12:42:39','00000072',1,32),(4333,'2016-05-04 12:42:57','00000072',1,30),(4334,'2016-05-04 12:43:04','00000072',1,32),(4335,'2016-05-04 12:43:05','0000006e',1,30),(4336,'2016-05-04 12:43:12','00000072',1,30),(4337,'2016-05-04 12:43:12','0000006e',1,22),(4338,'2016-05-04 12:43:18','0000006e',2,34),(4339,'2016-05-04 12:43:19','00000072',1,32),(4340,'2016-05-04 12:43:26','00000072',1,30),(4341,'2016-05-04 12:43:33','00000072',1,32),(4342,'2016-05-04 12:43:40','00000072',1,30),(4343,'2016-05-04 12:43:49','00000072',1,32),(4344,'2016-05-04 12:44:24','00000072',1,30),(4345,'2016-05-04 12:44:56','00000072',1,32),(4346,'2016-05-04 12:45:17','00000072',1,30),(4347,'2016-05-04 12:45:24','00000072',1,32),(4348,'2016-05-04 12:46:33','0000006e',1,22),(4349,'2016-05-04 12:46:33','0000006e',2,33),(4350,'2016-05-04 12:46:36','00000072',1,30),(4351,'2016-05-04 12:46:43','00000072',1,32),(4352,'2016-05-04 12:47:00','00000072',1,30),(4353,'2016-05-04 12:47:07','00000072',1,32),(4354,'2016-05-04 12:47:16','00000072',1,30),(4355,'2016-05-04 12:47:23','00000072',1,32),(4356,'2016-05-04 12:47:30','00000072',1,30),(4357,'2016-05-04 12:47:42','00000072',1,32),(4358,'2016-05-04 12:47:45','0000006e',1,30),(4359,'2016-05-04 12:47:45','0000006e',2,34),(4360,'2016-05-04 12:48:05','0000006e',1,22),(4361,'2016-05-04 12:48:05','0000006e',2,33),(4362,'2016-05-04 12:49:24','0000006e',1,27),(4363,'2016-05-04 12:49:44','0000006e',1,22),(4364,'2016-05-04 12:50:24','00000072',1,30),(4365,'2016-05-04 12:50:25','0000006e',1,30),(4366,'2016-05-04 12:50:31','00000072',1,32),(4367,'2016-05-04 12:50:38','0000006e',2,34),(4368,'2016-05-04 12:50:45','0000006e',1,22),(4369,'2016-05-04 12:50:58','0000006e',2,33),(4370,'2016-05-04 12:51:07','00000072',1,30),(4371,'2016-05-04 12:51:14','00000072',1,32),(4372,'2016-05-04 12:51:50','00000072',1,30),(4373,'2016-05-04 12:51:55','0000006e',1,30),(4374,'2016-05-04 12:52:08','0000006e',2,34),(4375,'2016-05-04 12:52:15','0000006e',1,22),(4376,'2016-05-04 12:52:19','00000072',1,32),(4377,'2016-05-04 12:52:26','00000072',1,30),(4378,'2016-05-04 12:52:28','0000006e',2,33),(4379,'2016-05-04 12:52:35','00000072',1,32),(4380,'2016-05-04 12:52:41','0000006e',1,30),(4381,'2016-05-04 12:52:46','00000072',1,30),(4382,'2016-05-04 12:52:53','00000072',1,32),(4383,'2016-05-04 12:52:54','0000006e',2,34),(4384,'2016-05-04 12:53:12','0000006e',1,22),(4385,'2016-05-04 12:53:14','0000006e',2,33),(4386,'2016-05-04 12:53:55','0000006e',1,29),(4387,'2016-05-04 12:53:59','00000072',1,30),(4388,'2016-05-04 12:54:02','0000006e',1,22),(4389,'2016-05-04 12:54:06','0000006e',2,34),(4390,'2016-05-04 12:54:06','00000072',1,32),(4391,'2016-05-04 12:54:26','0000006e',2,33),(4392,'2016-05-04 12:54:40','0000006e',1,27),(4393,'2016-05-04 12:54:47','0000006e',1,22),(4394,'2016-05-04 12:54:50','00000072',1,30),(4395,'2016-05-04 12:55:10','00000072',1,32),(4396,'2016-05-04 12:55:55','00000072',1,30),(4397,'2016-05-04 12:56:15','00000072',1,32),(4398,'2016-05-04 12:56:37','0000006e',1,30),(4399,'2016-05-04 12:56:38','00000072',1,30),(4400,'2016-05-04 12:56:44','0000006e',1,22),(4401,'2016-05-04 12:56:50','0000006e',2,34),(4402,'2016-05-04 12:56:53','0000006e',1,30),(4403,'2016-05-04 12:56:58','00000072',1,32),(4404,'2016-05-04 12:57:00','0000006e',1,22),(4405,'2016-05-04 12:57:10','0000006e',1,30),(4406,'2016-05-04 12:57:10','0000006e',2,33),(4407,'2016-05-04 12:57:17','0000006e',1,22),(4408,'2016-05-04 12:57:22','0000006f',1,30),(4409,'2016-05-04 12:57:29','0000006f',1,22),(4410,'2016-05-04 12:57:35','0000006f',2,34),(4411,'2016-05-04 12:57:55','0000006f',2,33),(4412,'2016-05-04 12:59:01','00000072',1,30),(4413,'2016-05-04 12:59:08','00000072',1,32),(4414,'2016-05-04 12:59:33','00000072',1,30),(4415,'2016-05-04 12:59:40','00000072',1,32),(4416,'2016-05-04 13:01:07','0000006e',1,30),(4417,'2016-05-04 13:01:14','0000006e',1,22),(4418,'2016-05-04 13:01:20','0000006e',2,34),(4419,'2016-05-04 13:01:31','00000072',1,30),(4420,'2016-05-04 13:01:38','00000072',1,32),(4421,'2016-05-04 13:01:40','0000006e',2,33),(4422,'2016-05-04 13:02:43','00000072',1,30),(4423,'2016-05-04 13:02:50','00000072',1,32),(4424,'2016-05-04 13:03:02','0000006e',1,30),(4425,'2016-05-04 13:03:09','0000006e',1,22),(4426,'2016-05-04 13:03:10','00000072',1,30),(4427,'2016-05-04 13:03:15','0000006e',2,34),(4428,'2016-05-04 13:03:22','00000072',1,32),(4429,'2016-05-04 13:03:29','00000072',1,30),(4430,'2016-05-04 13:03:35','0000006e',2,33),(4431,'2016-05-04 13:03:45','00000072',1,32),(4432,'2016-05-04 13:03:58','00000072',1,30),(4433,'2016-05-04 13:04:19','00000072',1,32),(4434,'2016-05-04 13:05:34','00000072',1,30),(4435,'2016-05-04 13:05:41','00000072',1,32),(4436,'2016-05-04 13:06:06','00000073',1,30),(4437,'2016-05-04 13:06:06','00000073',2,34),(4438,'2016-05-04 13:06:12','00000072',1,30),(4439,'2016-05-04 13:06:19','00000072',1,32),(4440,'2016-05-04 13:06:23','0000006f',1,27),(4441,'2016-05-04 13:06:28','0000006e',2,34),(4442,'2016-05-04 13:06:30','0000006f',1,22),(4443,'2016-05-04 13:06:36','00000072',1,30),(4444,'2016-05-04 13:06:48','0000006e',2,33),(4445,'2016-05-04 13:06:56','00000072',1,32),(4446,'2016-05-04 13:07:45','0000006e',1,27),(4447,'2016-05-04 13:07:52','0000006e',1,22),(4448,'2016-05-04 13:08:45','0000006e',1,30),(4449,'2016-05-04 13:08:52','0000006e',1,22),(4450,'2016-05-04 13:08:58','0000006e',2,34),(4451,'2016-05-04 13:09:12','0000006e',1,27),(4452,'2016-05-04 13:09:18','0000006e',2,33),(4453,'2016-05-04 13:09:19','0000006e',1,22),(4454,'2016-05-04 13:09:32','0000006f',1,30),(4455,'2016-05-04 13:09:33','0000006e',1,27),(4456,'2016-05-04 13:09:39','0000006f',1,22),(4457,'2016-05-04 13:09:40','0000006e',1,22),(4458,'2016-05-04 13:09:45','0000006f',2,34),(4459,'2016-05-04 13:09:52','00000072',1,30),(4460,'2016-05-04 13:09:56','0000006e',1,30),(4461,'2016-05-04 13:10:03','0000006e',1,22),(4462,'2016-05-04 13:10:04','00000072',1,32),(4463,'2016-05-04 13:10:05','0000006f',2,33),(4464,'2016-05-04 13:10:09','0000006e',2,34),(4465,'2016-05-04 13:10:17','0000006e',1,30),(4466,'2016-05-04 13:10:19','00000072',1,30),(4467,'2016-05-04 13:10:24','0000006e',1,22),(4468,'2016-05-04 13:10:29','0000006e',2,33),(4469,'2016-05-04 13:10:39','00000072',1,32),(4470,'2016-05-04 13:10:42','0000006e',1,30),(4471,'2016-05-04 13:10:45','0000006f',1,30),(4472,'2016-05-04 13:10:50','0000006e',1,22),(4473,'2016-05-04 13:10:52','0000006f',1,22),(4474,'2016-05-04 13:10:55','0000006e',2,34),(4475,'2016-05-04 13:10:58','0000006f',2,34),(4476,'2016-05-04 13:11:03','00000072',1,30),(4477,'2016-05-04 13:11:04','00000070',2,34),(4478,'2016-05-04 13:11:05','00000070',1,30),(4479,'2016-05-04 13:11:10','00000072',1,32),(4480,'2016-05-04 13:11:15','0000006e',2,33),(4481,'2016-05-04 13:11:18','0000006f',2,33),(4482,'2016-05-04 13:11:32','0000006e',1,30),(4483,'2016-05-04 13:11:33','00000071',1,31),(4484,'2016-05-04 13:11:39','0000006e',1,22),(4485,'2016-05-04 13:11:40','00000071',1,30),(4486,'2016-05-04 13:11:43','00000072',1,30),(4487,'2016-05-04 13:11:45','0000006e',2,34),(4488,'2016-05-04 13:11:50','00000072',1,32),(4489,'2016-05-04 13:11:57','00000072',1,30),(4490,'2016-05-04 13:12:04','00000072',1,32),(4491,'2016-05-04 13:12:05','0000006e',2,33),(4492,'2016-05-04 13:12:16','00000072',1,30),(4493,'2016-05-04 13:12:19','0000006e',1,30),(4494,'2016-05-04 13:12:26','0000006e',1,22),(4495,'2016-05-04 13:12:32','0000006e',2,34),(4496,'2016-05-04 13:12:41','0000006e',1,30),(4497,'2016-05-04 13:12:41','00000072',1,32),(4498,'2016-05-04 13:12:47','0000006e',1,22),(4499,'2016-05-04 13:12:48','00000070',1,32),(4500,'2016-05-04 13:12:53','0000006e',2,33),(4501,'2016-05-04 13:12:53','00000072',1,30),(4502,'2016-05-04 13:12:59','00000071',1,31),(4503,'2016-05-04 13:13:05','0000006e',1,30),(4504,'2016-05-04 13:13:06','00000073',1,22),(4505,'2016-05-04 13:13:06','00000072',1,27),(4506,'2016-05-04 13:13:07','00000071',1,29),(4507,'2016-05-04 13:13:08','00000070',1,30),(4508,'2016-05-04 13:13:13','0000006e',2,34),(4509,'2016-05-04 13:13:14','0000006e',1,22),(4510,'2016-05-04 13:13:15','00000071',2,33),(4511,'2016-05-04 13:13:16','00000072',2,33),(4512,'2016-05-04 13:13:16','00000073',2,33),(4513,'2016-05-04 13:13:19','00000072',1,29),(4514,'2016-05-04 13:13:20','00000073',1,30),(4515,'2016-05-04 13:13:21','0000006e',1,30),(4516,'2016-05-04 13:13:24','0000006f',1,30),(4517,'2016-05-04 13:13:26','00000072',1,30),(4518,'2016-05-04 13:13:27','00000073',1,22),(4519,'2016-05-04 13:13:29','0000006e',1,29),(4520,'2016-05-04 13:13:33','00000072',1,22),(4521,'2016-05-04 13:13:33','00000070',1,32),(4522,'2016-05-04 13:13:36','00000072',2,34),(4523,'2016-05-04 13:13:36','0000006e',1,30),(4524,'2016-05-04 13:13:37','0000006f',2,34),(4525,'2016-05-04 13:13:38','0000006e',2,33),(4526,'2016-05-04 13:13:42','00000071',2,34),(4527,'2016-05-04 13:13:42','00000073',2,34),(4528,'2016-05-04 13:13:44','00000072',1,30),(4529,'2016-05-04 13:13:46','00000073',1,30),(4530,'2016-05-04 13:13:49','00000070',1,30),(4531,'2016-05-04 13:13:51','00000071',1,30),(4532,'2016-05-04 13:13:56','00000072',2,33),(4533,'2016-05-04 13:13:58','0000006e',2,34),(4534,'2016-05-04 13:14:16','00000072',2,34),(4535,'2016-05-05 10:54:14','00000072',1,30),(4536,'2016-05-05 10:54:14','00000072',2,34),(4537,'2016-05-05 10:54:42','00000072',1,32),(4538,'2016-05-05 10:56:38','00000072',1,30),(4539,'2016-05-05 10:59:29','00000072',1,22),(4540,'2016-05-05 10:59:30','00000072',2,33),(4541,'2016-05-05 11:00:36','00000070',1,30),(4542,'2016-05-05 11:00:36','00000070',2,34),(4543,'2016-05-05 11:01:28','00000072',1,30),(4544,'2016-05-05 11:01:30','00000070',1,22),(4545,'2016-05-05 11:01:30','00000070',2,33),(4546,'2016-05-05 11:01:37','00000070',1,30),(4547,'2016-05-05 11:01:41','00000072',2,34),(4548,'2016-05-05 11:01:48','00000072',1,22),(4549,'2016-05-05 11:01:50','00000070',2,34),(4550,'2016-05-05 11:02:01','00000072',2,33),(4551,'2016-05-05 11:02:08','00000072',1,30),(4552,'2016-05-05 11:02:21','00000072',2,34),(4553,'2016-05-05 11:02:28','00000072',1,22),(4554,'2016-05-05 11:02:41','00000072',2,33),(4555,'2016-05-05 11:03:47','00000070',2,33),(4556,'2016-05-05 11:03:48','00000070',1,22),(4557,'2016-05-05 11:03:55','00000070',1,30),(4558,'2016-05-05 11:04:08','00000070',2,34),(4559,'2016-05-05 11:04:18','00000072',1,30),(4560,'2016-05-05 11:04:31','00000072',2,34),(4561,'2016-05-05 11:04:38','00000072',1,22),(4562,'2016-05-05 11:04:51','00000072',2,33),(4563,'2016-05-05 11:05:21','00000072',1,30),(4564,'2016-05-05 11:05:34','00000072',2,34),(4565,'2016-05-05 11:05:38','00000070',1,22),(4566,'2016-05-05 11:05:38','00000070',2,33),(4567,'2016-05-05 11:05:41','00000072',1,22),(4568,'2016-05-05 11:05:45','00000070',1,30),(4569,'2016-05-05 11:05:54','00000072',2,33),(4570,'2016-05-05 11:05:58','00000070',2,34),(4571,'2016-05-05 11:06:17','00000070',1,22),(4572,'2016-05-05 11:06:18','00000070',2,33),(4573,'2016-05-05 11:06:25','00000070',1,30),(4574,'2016-05-05 11:06:39','00000070',2,34),(4575,'2016-05-05 11:06:54','00000072',1,30),(4576,'2016-05-05 11:07:07','00000072',2,34),(4577,'2016-05-05 11:07:14','00000072',1,22),(4578,'2016-05-05 11:07:27','00000072',2,33),(4579,'2016-05-05 11:09:01','00000072',1,30),(4580,'2016-05-05 11:09:14','00000072',2,34),(4581,'2016-05-05 11:09:21','00000072',1,22),(4582,'2016-05-05 11:09:24','00000070',2,33),(4583,'2016-05-05 11:09:34','00000072',2,33),(4584,'2016-05-05 11:09:44','00000070',2,34),(4585,'2016-05-05 11:09:46','00000070',1,22),(4586,'2016-05-05 11:09:53','00000070',1,30),(4587,'2016-05-05 11:13:18','00000070',1,30),(4588,'2016-05-05 11:13:19','00000070',2,34),(4589,'2016-05-05 11:13:19','00000072',1,22),(4590,'2016-05-05 11:13:19','00000072',2,33),(4591,'2016-05-05 11:14:03','00000070',1,30),(4592,'2016-05-05 11:14:03','00000070',2,34),(4593,'2016-05-05 11:14:03','00000072',1,22),(4594,'2016-05-05 11:14:03','00000072',2,33),(4595,'2016-05-05 11:15:18','00000072',1,30),(4596,'2016-05-05 11:15:18','00000072',2,34),(4597,'2016-05-05 11:15:39','00000072',1,22),(4598,'2016-05-05 11:15:39','00000072',2,33),(4599,'2016-05-05 11:16:25','00000072',1,30),(4600,'2016-05-05 11:16:25','00000072',2,34),(4601,'2016-05-05 11:16:45','00000072',1,22),(4602,'2016-05-05 11:16:45','00000072',2,33),(4603,'2016-05-05 11:17:05','00000072',2,34),(4604,'2016-05-05 11:17:12','00000070',1,32),(4605,'2016-05-05 11:17:20','00000072',1,30),(4606,'2016-05-05 11:17:25','00000072',2,33),(4607,'2016-05-05 11:17:32','00000070',1,30),(4608,'2016-05-05 11:17:40','00000072',1,22),(4609,'2016-05-05 11:20:06','00000070',1,30),(4610,'2016-05-05 11:20:06','00000070',2,34),(4611,'2016-05-05 11:20:06','00000072',1,22),(4612,'2016-05-05 11:20:06','00000072',2,33),(4613,'2016-05-05 11:21:49','00000072',1,30),(4614,'2016-05-05 11:21:50','00000072',2,34),(4615,'2016-05-05 11:22:09','00000072',1,22),(4616,'2016-05-05 11:22:10','00000072',2,33),(4617,'2016-05-05 11:22:47','00000070',2,34),(4618,'2016-05-05 11:22:48','00000070',1,30),(4619,'2016-05-05 11:23:55','00000070',1,30),(4620,'2016-05-05 11:23:55','00000070',2,34),(4621,'2016-05-05 11:23:55','00000072',1,22),(4622,'2016-05-05 11:23:55','00000072',2,33),(4623,'2016-05-05 11:24:02','00000070',1,32),(4624,'2016-05-05 11:24:22','00000070',1,30),(4625,'2016-05-05 11:25:48','00000070',1,30),(4626,'2016-05-05 11:25:48','00000070',2,34),(4627,'2016-05-05 11:25:48','00000072',1,22),(4628,'2016-05-05 11:25:48','00000072',2,33),(4629,'2016-05-05 11:26:12','00000070',1,22),(4630,'2016-05-05 11:26:12','00000070',2,33),(4631,'2016-05-05 11:26:32','00000070',1,30),(4632,'2016-05-05 11:26:32','00000070',2,34),(4633,'2016-05-05 11:28:01','00000070',1,22),(4634,'2016-05-05 11:28:01','00000070',2,33),(4635,'2016-05-05 11:28:21','00000070',2,34),(4636,'2016-05-05 11:28:22','00000070',1,30),(4637,'2016-05-05 11:28:48','00000072',1,30),(4638,'2016-05-05 11:28:48','00000072',2,34),(4639,'2016-05-05 11:31:39','00000070',1,30),(4640,'2016-05-05 11:31:39','00000070',2,34),(4641,'2016-05-05 11:31:39','00000072',1,22),(4642,'2016-05-05 11:31:39','00000072',2,33),(4643,'2016-05-05 11:32:26','00000070',1,22),(4644,'2016-05-05 11:32:27','00000070',2,33),(4645,'2016-05-05 11:32:32','00000072',1,30),(4646,'2016-05-05 11:32:32','00000072',2,34),(4647,'2016-05-05 11:32:46','00000070',1,30),(4648,'2016-05-05 11:32:47','00000070',2,34),(4649,'2016-05-05 11:32:52','00000072',1,22),(4650,'2016-05-05 11:32:52','00000072',2,33),(4651,'2016-05-05 11:33:29','00000070',1,30),(4652,'2016-05-05 11:33:29','00000070',2,34),(4653,'2016-05-05 11:33:29','00000072',1,22),(4654,'2016-05-05 11:33:29','00000072',2,33),(4655,'2016-05-05 11:36:47','00000072',1,30),(4656,'2016-05-05 11:36:47','00000072',2,34),(4657,'2016-05-05 11:37:07','00000072',1,22),(4658,'2016-05-05 11:37:07','00000072',2,33),(4659,'2016-05-05 11:37:57','00000072',1,30),(4660,'2016-05-05 11:37:57','00000072',2,34),(4661,'2016-05-05 11:39:44','00000072',1,32),(4662,'2016-05-05 11:39:53','00000072',1,30),(4663,'2016-05-05 11:40:00','00000072',1,32),(4664,'2016-05-05 11:40:08','00000072',1,30),(4665,'2016-05-05 11:40:15','00000072',1,32),(4666,'2016-05-05 11:40:26','00000072',1,30),(4667,'2016-05-05 11:41:15','00000072',1,32),(4668,'2016-05-05 11:41:22','00000072',1,30),(4669,'2016-05-05 11:47:25','00000072',1,30),(4670,'2016-05-05 11:47:25','00000072',2,34),(4671,'2016-05-05 11:48:00','00000072',1,32),(4672,'2016-05-05 11:53:24','00000070',1,32),(4673,'2016-05-05 11:53:37','00000070',2,34),(4674,'2016-05-05 11:53:44','00000070',1,30),(4675,'2016-05-05 11:55:48','00000072',1,30),(4676,'2016-05-05 11:55:48','00000072',2,34),(4677,'2016-05-06 11:02:57','00000a1',1,24),(4678,'2016-05-06 11:02:57','00000a1',2,33),(4679,'2016-05-07 12:10:28','00000070',1,30),(4680,'2016-05-07 12:10:28','00000070',2,34),(4681,'2016-05-07 12:11:26','00000070',1,22),(4682,'2016-05-07 12:11:26','00000070',2,33),(4683,'2016-05-07 12:11:46','00000070',1,30),(4684,'2016-05-07 12:11:46','00000070',2,34),(4685,'2016-05-07 12:12:28','00000070',1,31),(4686,'2016-05-07 12:12:37','00000070',1,28),(4687,'2016-05-07 12:12:44','00000070',1,30),(4688,'2016-05-07 12:12:45','00000070',2,33),(4689,'2016-05-07 12:13:05','00000070',2,34),(4690,'2016-05-07 12:13:58','00000070',2,33),(4691,'2016-05-07 12:14:18','00000070',2,34),(4692,'2016-05-07 12:15:14','00000070',1,28),(4693,'2016-05-07 12:15:21','00000070',1,29),(4694,'2016-05-07 12:15:25','00000070',2,33),(4695,'2016-05-07 12:15:28','00000070',1,30),(4696,'2016-05-07 12:15:45','00000070',2,34),(4697,'2016-05-07 12:16:43','00000070',1,22),(4698,'2016-05-07 12:16:50','00000070',1,30),(4699,'2016-05-07 12:16:56','00000070',2,33),(4700,'2016-05-07 12:17:16','00000070',2,34),(4701,'2016-05-07 12:17:23','00000070',1,29),(4702,'2016-05-07 12:17:30','00000070',1,30),(4703,'2016-05-07 12:17:36','00000070',2,33),(4704,'2016-05-07 12:17:52','00000070',1,28),(4705,'2016-05-07 12:17:56','00000070',2,34),(4706,'2016-05-07 12:18:40','00000070',1,28),(4707,'2016-05-07 12:18:51','00000070',1,29),(4708,'2016-05-07 12:18:53','00000070',2,33),(4709,'2016-05-07 12:19:11','00000070',1,30),(4710,'2016-05-07 12:19:13','00000070',2,34),(4711,'2016-05-07 12:20:00','00000070',1,22),(4712,'2016-05-07 12:20:01','00000070',2,33),(4713,'2016-05-07 12:20:21','00000070',1,30),(4714,'2016-05-07 12:20:22','00000070',2,34),(4715,'2016-05-07 12:21:09','00000070',1,28),(4716,'2016-05-07 12:21:16','00000070',1,29),(4717,'2016-05-07 12:21:20','00000070',2,33),(4718,'2016-05-07 12:21:23','00000070',1,30),(4719,'2016-05-07 12:21:40','00000070',2,34),(4720,'2016-05-07 12:22:10','00000070',1,22),(4721,'2016-05-07 12:22:17','00000070',1,30),(4722,'2016-05-07 12:22:23','00000070',2,33),(4723,'2016-05-07 12:22:26','00000070',1,22),(4724,'2016-05-07 12:22:34','00000070',1,30),(4725,'2016-05-07 12:22:44','00000070',2,34),(4726,'2016-05-07 12:24:00','00000070',1,22),(4727,'2016-05-07 12:24:07','00000070',1,30),(4728,'2016-05-07 12:24:13','00000070',2,33),(4729,'2016-05-07 12:24:22','00000070',1,22),(4730,'2016-05-07 12:24:33','00000070',2,34),(4731,'2016-05-07 12:24:35','00000070',1,30),(4732,'2016-05-07 12:24:43','00000070',1,22),(4733,'2016-05-07 12:24:50','00000070',1,30),(4734,'2016-05-07 12:24:53','00000070',2,33),(4735,'2016-05-07 12:25:13','00000070',2,34),(4736,'2016-05-07 12:25:45','00000070',1,22),(4737,'2016-05-07 12:25:52','00000070',1,30),(4738,'2016-05-07 12:25:58','00000070',2,33),(4739,'2016-05-07 12:26:18','00000070',2,34),(4740,'2016-05-07 12:26:30','00000070',1,22),(4741,'2016-05-07 12:26:37','00000070',1,30),(4742,'2016-05-07 12:26:43','00000070',2,33),(4743,'2016-05-07 12:27:03','00000070',2,34),(4744,'2016-05-07 12:27:21','00000070',1,22),(4745,'2016-05-07 12:27:29','00000070',1,30),(4746,'2016-05-07 12:27:34','00000070',2,33),(4747,'2016-05-07 12:27:45','00000070',1,22),(4748,'2016-05-07 12:27:52','00000070',1,30),(4749,'2016-05-07 12:27:54','00000070',2,34),(4750,'2016-05-07 12:28:02','00000070',1,22),(4751,'2016-05-07 12:28:16','00000070',2,33),(4752,'2016-05-07 12:28:17','00000070',1,30),(4753,'2016-05-07 12:28:36','00000070',2,34),(4754,'2016-05-07 12:28:51','00000070',1,22),(4755,'2016-05-07 12:28:58','00000070',1,30),(4756,'2016-05-07 12:29:04','00000070',2,33),(4757,'2016-05-07 12:29:24','00000070',2,34),(4758,'2016-05-07 12:30:16','00000070',1,29),(4759,'2016-05-07 12:30:23','00000070',1,30),(4760,'2016-05-07 12:30:40','00000070',1,29),(4761,'2016-05-07 12:33:02','00000070',1,30),(4762,'2016-05-07 12:33:15','00000070',2,34),(4763,'2016-05-07 12:34:22','00000070',1,22),(4764,'2016-05-07 12:34:22','00000070',2,33),(4765,'2016-05-07 12:34:29','00000070',1,30),(4766,'2016-05-07 12:34:42','00000070',2,34),(4767,'2016-05-07 12:35:42','00000070',1,22),(4768,'2016-05-07 12:35:42','00000070',2,33),(4769,'2016-05-07 12:35:49','00000070',1,30),(4770,'2016-05-07 12:36:02','00000070',2,34),(4771,'2016-05-07 12:39:02','00000070',1,22),(4772,'2016-05-07 12:39:02','00000070',2,33),(4773,'2016-05-07 12:39:13','00000070',1,30),(4774,'2016-05-07 12:39:26','00000070',2,34),(4775,'2016-05-07 12:39:59','00000070',1,22),(4776,'2016-05-07 12:39:59','00000070',2,33),(4777,'2016-05-07 12:40:06','00000070',1,30),(4778,'2016-05-07 12:40:19','00000070',2,34),(4779,'2016-05-07 12:41:47','00000070',1,22),(4780,'2016-05-07 12:41:47','00000070',2,33),(4781,'2016-05-07 12:41:54','00000070',1,30),(4782,'2016-05-07 12:42:07','00000070',2,34),(4783,'2016-05-07 12:42:14','00000070',1,22),(4784,'2016-05-07 12:42:21','00000070',1,30),(4785,'2016-05-07 12:42:35','00000070',2,33),(4786,'2016-05-07 12:42:55','00000070',2,34),(4787,'2016-05-07 12:42:58','00000070',1,22),(4788,'2016-05-07 12:43:05','00000070',1,30),(4789,'2016-05-07 12:44:01','00000070',1,28),(4790,'2016-05-07 12:44:08','00000070',1,24),(4791,'2016-05-07 12:44:10','00000070',2,33),(4792,'2016-05-07 12:44:29','00000070',1,28),(4793,'2016-05-07 12:48:11','00000070',2,33),(4794,'2016-05-07 12:48:28','00000070',1,28),(4795,'2016-05-07 12:48:41','00000070',1,29),(4796,'2016-05-07 12:48:48','00000070',1,30),(4797,'2016-05-07 12:48:57','00000070',2,34),(4798,'2016-05-12 15:28:39','00000072',1,38),(4799,'2016-05-12 15:57:09','00000072',1,38),(4800,'2016-05-12 16:00:08','00000072',1,40),(4801,'2016-05-12 16:00:28','00000072',1,38),(4802,'2016-05-12 16:05:12','00000072',1,41),(4803,'2016-05-12 16:07:56','00000072',1,42),(4804,'2016-05-12 16:08:16','00000072',1,41),(4805,'2016-05-12 16:09:05','00000072',1,42),(4806,'2016-05-12 16:09:25','00000072',1,41),(4807,'2016-05-12 16:09:50','00000072',1,42),(4808,'2016-05-12 16:10:17','00000072',1,41),(4809,'2016-05-12 16:10:37','00000072',1,42),(4810,'2016-05-12 16:11:11','00000072',1,41),(4811,'2016-05-12 16:11:56','00000072',1,42),(4812,'2016-05-12 16:13:57','00000072',1,38),(4813,'2016-05-13 17:04:43','00000072',1,38),(4814,'2016-05-13 17:18:05','00000072',1,38),(4815,'2016-05-14 10:47:00','00000072',1,38),(4816,'2016-05-14 10:50:46','00000072',1,38),(4817,'2016-05-14 10:52:13','00000072',1,38),(4818,'2016-05-14 10:54:13','00000072',1,38),(4819,'2016-05-14 10:58:17','00000072',1,38),(4820,'2016-05-14 10:59:27','0000006f',1,38);
/*!40000 ALTER TABLE `TagUzoneUserOrder` ENABLE KEYS */;
UNLOCK TABLES;

--
-- Table structure for table `TurnOnOffTag`
--

DROP TABLE IF EXISTS `TurnOnOffTag`;
/*!40101 SET @saved_cs_client     = @@character_set_client */;
/*!40101 SET character_set_client = utf8 */;
CREATE TABLE `TurnOnOffTag` (
  `id` int(11) NOT NULL AUTO_INCREMENT,
  `OnOff` tinyint(1) NOT NULL,
  `OnOffTime` datetime DEFAULT NULL,
  `Tag_id` varchar(20) COLLATE utf8_unicode_ci NOT NULL,
  `LoadLandscape_id` varchar(20) COLLATE utf8_unicode_ci NOT NULL,
  PRIMARY KEY (`id`),
  KEY `TurnOnOffTag_c2f5e22d` (`Tag_id`),
  KEY `TurnOnOffTag_5813e371` (`LoadLandscape_id`),
  CONSTRAINT `TurnOnOffTag_Tag_id_7f44a169_fk_Tag_TagId` FOREIGN KEY (`Tag_id`) REFERENCES `Tag` (`TagId`),
  CONSTRAINT `TurnOnOf_LoadLandscape_id_30389764_fk_LoadLandscape_landscape_id` FOREIGN KEY (`LoadLandscape_id`) REFERENCES `LoadLandscape` (`landscape_id`)
) ENGINE=InnoDB AUTO_INCREMENT=3841 DEFAULT CHARSET=utf8 COLLATE=utf8_unicode_ci;
/*!40101 SET character_set_client = @saved_cs_client */;

--
-- Dumping data for table `TurnOnOffTag`
--

LOCK TABLES `TurnOnOffTag` WRITE;
/*!40000 ALTER TABLE `TurnOnOffTag` DISABLE KEYS */;
INSERT INTO `TurnOnOffTag` VALUES (3558,0,'2016-04-08 16:04:53','00000a1','0000'),(3559,1,'2016-04-08 16:07:19','00000074','0000'),(3560,1,'2016-04-08 16:18:08','00000a1','0000'),(3561,0,'2016-04-08 16:20:25','00000074','0000'),(3562,1,'2016-04-08 16:22:27','00000074','0000'),(3563,0,'2016-04-08 16:23:07','00000074','0000'),(3564,0,'2016-04-08 16:23:07','00000074','0000'),(3565,0,'2016-04-08 16:23:07','00000074','0000'),(3566,1,'2016-04-08 16:23:13','00000074','0000'),(3567,0,'2016-04-08 16:40:38','00000074','0000'),(3568,0,'2016-04-08 16:40:38','00000074','0000'),(3569,1,'2016-04-08 16:40:39','00000074','0000'),(3570,0,'2016-04-08 16:42:11','00000074','0000'),(3571,0,'2016-04-08 16:42:12','00000074','0000'),(3572,1,'2016-04-08 16:42:29','00000074','0000'),(3573,1,'2016-04-08 16:47:26','00000a1','0000'),(3574,1,'2016-04-08 16:47:26','00000a1','0000'),(3575,1,'2016-04-08 16:47:26','00000074','0000'),(3576,1,'2016-04-08 16:47:26','00000074','0000'),(3577,1,'2016-04-08 16:47:26','00000a2','0000'),(3578,1,'2016-04-08 16:47:26','00000a2','0000'),(3579,1,'2016-04-08 16:47:26','00000a2','0000'),(3580,1,'2016-04-08 16:47:26','00000a1','0000'),(3581,1,'2016-04-08 16:47:26','00000a2','0000'),(3582,1,'2016-04-08 16:50:30','00000a2','0000'),(3583,1,'2016-04-08 16:50:30','00000a1','0000'),(3584,1,'2016-04-08 16:50:30','00000a1','0000'),(3585,1,'2016-04-08 16:50:30','00000a2','0000'),(3586,1,'2016-04-08 16:50:30','00000a2','0000'),(3587,1,'2016-04-08 16:50:30','00000a1','0000'),(3588,1,'2016-04-08 16:50:33','00000074','0000'),(3589,0,'2016-04-08 16:51:02','00000074','0000'),(3590,0,'2016-04-08 16:51:02','00000074','0000'),(3591,1,'2016-04-08 16:51:57','00000a2','0000'),(3592,1,'2016-04-08 16:51:57','00000a1','0000'),(3593,1,'2016-04-08 16:51:57','00000a1','0000'),(3594,1,'2016-04-08 16:51:57','00000a2','0000'),(3595,1,'2016-04-08 16:51:57','00000a1','0000'),(3596,1,'2016-04-08 16:51:57','00000a2','0000'),(3597,1,'2016-04-08 16:52:16','00000074','0000'),(3598,0,'2016-04-08 16:53:30','00000074','0000'),(3599,0,'2016-04-08 16:53:30','00000074','0000'),(3600,1,'2016-04-08 16:53:32','00000074','0000'),(3601,1,'2016-04-08 17:02:21','00000a1','0000'),(3602,1,'2016-04-08 17:02:21','00000a2','0000'),(3603,1,'2016-04-08 17:02:21','00000a2','0000'),(3604,1,'2016-04-08 17:02:21','00000a1','0000'),(3605,1,'2016-04-08 17:02:21','00000a2','0000'),(3606,1,'2016-04-08 17:02:22','00000074','0000'),(3607,1,'2016-04-08 17:03:59','00000a1','0000'),(3608,1,'2016-04-08 17:03:59','00000074','0000'),(3609,1,'2016-04-08 17:03:59','00000a2','0000'),(3610,1,'2016-04-08 17:03:59','00000a2','0000'),(3611,1,'2016-04-08 17:05:11','00000a2','0000'),(3612,1,'2016-04-08 17:05:11','00000a1','0000'),(3613,1,'2016-04-08 17:05:11','00000a2','0000'),(3614,1,'2016-04-08 17:05:11','00000a1','0000'),(3615,1,'2016-04-08 17:05:11','00000074','0000'),(3616,0,'2016-04-08 17:08:16','00000074','0000'),(3617,0,'2016-04-08 17:08:16','00000074','0000'),(3618,1,'2016-04-08 17:16:47','00000a2','0000'),(3619,1,'2016-04-08 17:16:47','00000a2','0000'),(3620,1,'2016-04-08 17:16:47','00000a1','0000'),(3621,1,'2016-04-08 17:16:47','00000a1','0000'),(3622,1,'2016-04-08 17:23:00','00000a2','0000'),(3623,1,'2016-04-08 17:23:00','00000a1','0000'),(3624,1,'2016-04-08 17:23:00','00000a2','0000'),(3625,1,'2016-04-08 17:28:25','00000a1','0000'),(3626,1,'2016-04-08 17:28:25','00000a2','0000'),(3627,1,'2016-04-08 17:28:25','00000a2','0000'),(3628,1,'2016-04-08 17:29:51','00000a1','0000'),(3629,1,'2016-04-08 17:29:51','00000a2','0000'),(3630,1,'2016-04-08 17:29:51','00000a2','0000'),(3631,0,'2016-04-08 17:31:05','00000a1','0000'),(3632,0,'2016-04-08 17:31:09','00000a2','0000'),(3633,0,'2016-04-08 17:31:09','00000a2','0000'),(3634,0,'2016-04-08 17:31:09','00000a2','0000'),(3635,0,'2016-04-08 17:31:09','00000a2','0000'),(3636,0,'2016-04-08 17:31:09','00000a2','0000'),(3637,1,'2016-04-13 17:04:18','00000a2','0000'),(3638,0,'2016-04-13 17:15:39','00000a2','0000'),(3639,1,'2016-04-15 10:49:25','00000a2','0003'),(3640,1,'2016-04-15 10:56:32','00000a2','0003'),(3641,0,'2016-04-15 10:57:14','00000a2','0003'),(3642,1,'2016-04-15 11:20:05','00000a2','0003'),(3643,1,'2016-04-15 11:20:05','00000a2','0003'),(3644,1,'2016-04-15 11:20:05','00000a2','0003'),(3645,1,'2016-04-15 11:20:05','00000a2','0003'),(3646,1,'2016-04-15 11:20:44','00000a2','0003'),(3647,0,'2016-04-15 11:22:24','00000a2','0003'),(3648,0,'2016-04-15 11:22:24','00000a2','0003'),(3649,1,'2016-04-18 09:16:34','00000a1','0003'),(3650,1,'2016-04-18 09:21:19','00000a1','0003'),(3651,1,'2016-04-18 09:21:19','00000a1','0003'),(3652,1,'2016-04-18 09:21:24','00000a1','0003'),(3653,1,'2016-04-18 09:23:31','00000a1','0000'),(3654,1,'2016-04-18 09:23:31','00000a1','0000'),(3655,1,'2016-04-18 09:56:55','00000a1','0000'),(3656,1,'2016-04-18 09:56:55','00000a1','0000'),(3657,1,'2016-04-18 09:57:32','00000a1','0000'),(3658,1,'2016-04-18 09:57:32','00000a1','0000'),(3659,1,'2016-04-18 09:58:15','00000a1','0000'),(3660,1,'2016-04-18 09:58:15','00000a1','0000'),(3661,0,'2016-04-18 09:58:44','00000a1','0000'),(3662,0,'2016-04-18 09:58:44','00000a1','0000'),(3663,0,'2016-04-18 09:58:44','00000a1','0000'),(3664,1,'2016-04-18 10:15:44','00000074','0000'),(3665,0,'2016-04-18 10:16:55','00000074','0000'),(3666,0,'2016-04-18 10:16:55','00000074','0000'),(3667,1,'2016-04-22 16:54:42','00000a1','0000'),(3668,0,'2016-04-22 17:11:13','00000a1','0000'),(3669,0,'2016-04-22 17:11:13','00000a1','0000'),(3678,0,'2016-04-29 16:27:49','00000a1','0000'),(3679,0,'2016-04-29 16:27:49','00000a1','0000'),(3680,0,'2016-04-29 16:27:49','00000a1','0000'),(3681,1,'2016-04-29 16:33:12','00000a1','0000'),(3682,0,'2016-04-29 16:35:12','00000a1','0000'),(3688,1,'2016-04-29 17:53:40','00000a1','0000'),(3689,0,'2016-04-29 17:58:31','00000a1','0000'),(3690,0,'2016-05-04 08:30:58','0000006e','0000'),(3692,0,'2016-05-04 08:34:32','00000070','0000'),(3694,0,'2016-05-04 08:37:31','00000073','0000'),(3696,0,'2016-05-04 08:39:07','00000071','0000'),(3697,0,'2016-05-04 08:39:07','00000071','0000'),(3699,0,'2016-05-04 09:07:49','00000073','0000'),(3701,0,'2016-05-04 09:33:01','00000073','0000'),(3702,0,'2016-05-04 09:35:34','00000070','0000'),(3705,0,'2016-05-04 10:11:37','00000070','0000'),(3706,0,'2016-05-04 10:11:38','00000070','0000'),(3708,0,'2016-05-04 10:20:32','0000006e','0000'),(3710,0,'2016-05-04 11:02:29','0000006e','0000'),(3712,0,'2016-05-04 11:47:52','0000006f','0000'),(3714,0,'2016-05-04 12:04:19','00000073','0000'),(3716,0,'2016-05-04 12:12:30','00000070','0000'),(3718,0,'2016-05-04 12:12:54','00000070','0000'),(3719,0,'2016-05-04 12:12:54','00000070','0000'),(3720,0,'2016-05-04 12:43:31','0000006e','0000'),(3722,0,'2016-05-04 13:03:05','00000073','0000'),(3725,0,'2016-05-04 13:14:03','0000006e','0000'),(3726,0,'2016-05-04 13:14:12','0000006f','0000'),(3727,0,'2016-05-04 13:14:16','00000071','0000'),(3728,0,'2016-05-04 13:14:22','00000072','0000'),(3729,0,'2016-05-04 13:14:33','00000073','0000'),(3730,0,'2016-05-04 13:14:47','00000070','0000'),(3757,0,'2016-05-05 11:38:44','00000070','0000'),(3760,0,'2016-05-05 11:49:14','00000072','0000'),(3762,0,'2016-05-05 11:50:35','00000072','0000'),(3764,0,'2016-05-05 11:53:46','00000070','0000'),(3766,0,'2016-05-05 11:57:43','00000072','0000'),(3768,0,'2016-05-06 10:47:41','00000a1','0000'),(3769,0,'2016-05-06 10:47:41','00000a1','0000'),(3770,1,'2016-05-06 10:51:53','00000a1','0000'),(3771,0,'2016-05-06 11:18:40','00000a1','0000'),(3772,0,'2016-05-06 11:18:40','00000a1','0000'),(3773,0,'2016-05-06 11:18:41','00000a1','0000'),(3800,1,'2016-05-07 12:09:33','00000a1','0000'),(3802,0,'2016-05-07 12:10:24','00000a1','0000'),(3803,0,'2016-05-07 12:51:02','00000070','0000'),(3809,1,'2016-05-12 13:12:03','00000072','0000'),(3811,0,'2016-05-12 13:16:21','00000072','0000'),(3812,0,'2016-05-12 13:16:21','00000072','0000'),(3813,1,'2016-05-12 13:16:56','00000072','0000'),(3814,1,'2016-05-12 13:20:06','00000072','0000'),(3816,1,'2016-05-12 13:28:32','00000072','0004'),(3818,1,'2016-05-12 13:28:58','00000072','0004'),(3819,0,'2016-05-12 13:55:38','00000072','0004'),(3820,1,'2016-05-12 13:58:18','00000072','0004'),(3821,0,'2016-05-12 14:02:10','00000072','0004'),(3822,1,'2016-05-12 15:28:18','00000072','0004'),(3823,0,'2016-05-12 15:31:41','00000072','0004'),(3824,1,'2016-05-12 15:56:48','00000072','0004'),(3825,0,'2016-05-12 16:14:40','00000072','0004'),(3826,1,'2016-05-13 17:03:46','00000072','0004'),(3827,0,'2016-05-13 17:06:00','00000072','0004'),(3828,1,'2016-05-13 17:17:44','00000072','0004'),(3829,0,'2016-05-13 17:18:08','00000072','0004'),(3830,0,'2016-05-13 17:18:08','00000072','0004'),(3831,1,'2016-05-14 10:46:39','00000072','0004'),(3832,1,'2016-05-14 10:50:25','00000072','0004'),(3833,1,'2016-05-14 10:51:07','00000072','0004'),(3834,1,'2016-05-14 10:51:27','00000072','0004'),(3840,1,'2016-05-14 10:59:06','0000006f','0004');
/*!40000 ALTER TABLE `TurnOnOffTag` ENABLE KEYS */;
UNLOCK TABLES;

--
-- Table structure for table `UserZone`
--

DROP TABLE IF EXISTS `UserZone`;
/*!40101 SET @saved_cs_client     = @@character_set_client */;
/*!40101 SET character_set_client = utf8 */;
CREATE TABLE `UserZone` (
  `id` int(11) NOT NULL AUTO_INCREMENT,
  `User_id` int(11) NOT NULL,
  `UserZoneName` varchar(200) COLLATE utf8_unicode_ci,
  `LoadLandscape_id` varchar(20) COLLATE utf8_unicode_ci NOT NULL,
  PRIMARY KEY (`id`),
  KEY `UserZone_User_id_96b4e7f6_fk_auth_user_id` (`User_id`),
  KEY `UserZone_5813e371` (`LoadLandscape_id`),
  CONSTRAINT `UserZone_LoadLandscape_id_0968b9fc_fk_LoadLandscape_landscape_id` FOREIGN KEY (`LoadLandscape_id`) REFERENCES `LoadLandscape` (`landscape_id`),
  CONSTRAINT `UserZone_User_id_96b4e7f6_fk_auth_user_id` FOREIGN KEY (`User_id`) REFERENCES `auth_user` (`id`)
) ENGINE=InnoDB AUTO_INCREMENT=49 DEFAULT CHARSET=utf8 COLLATE=utf8_unicode_ci;
/*!40101 SET character_set_client = @saved_cs_client */;

--
-- Dumping data for table `UserZone`
--

LOCK TABLES `UserZone` WRITE;
/*!40000 ALTER TABLE `UserZone` DISABLE KEYS */;
INSERT INTO `UserZone` VALUES (22,1,'бухгалтерия','0000'),(24,1,'директорская','0000'),(27,1,'РП1','0000'),(28,1,'РП2','0000'),(29,1,'буфет','0000'),(30,1,'мастерская','0000'),(31,1,'склад1','0000'),(32,1,'склад2','0000'),(33,2,'РПлевая','0000'),(34,2,NULL,'0000'),(35,2,'киров_спальная','0001'),(36,1,'зонакиров','0001'),(37,1,'зонакиров2','0001'),(38,1,'Мастерская','0004'),(40,1,'Бухгалтерия','0004'),(41,1,'Буфет','0004'),(42,1,'РП2','0004'),(43,1,'Директорская','0004'),(44,1,'РП1','0004'),(45,1,'Склад1','0004'),(46,1,'Склад2','0004'),(47,1,'Склад3','0004');
/*!40000 ALTER TABLE `UserZone` ENABLE KEYS */;
UNLOCK TABLES;

--
-- Table structure for table `VerticesBuilding`
--

DROP TABLE IF EXISTS `VerticesBuilding`;
/*!40101 SET @saved_cs_client     = @@character_set_client */;
/*!40101 SET character_set_client = utf8 */;
CREATE TABLE `VerticesBuilding` (
  `id` int(11) NOT NULL AUTO_INCREMENT,
  `x` double DEFAULT NULL,
  `y` double DEFAULT NULL,
  `Building_id` int(11) NOT NULL,
  `LoadLandscape_id` varchar(20) COLLATE utf8_unicode_ci NOT NULL,
  PRIMARY KEY (`id`),
  KEY `VerticesBuilding_Building_id_d879b0ef_fk_Building_id` (`Building_id`),
  KEY `VerticesBuilding_5813e371` (`LoadLandscape_id`),
  CONSTRAINT `VerticesBuilding_Building_id_d879b0ef_fk_Building_id` FOREIGN KEY (`Building_id`) REFERENCES `Building` (`id`),
  CONSTRAINT `Vertices_LoadLandscape_id_229363ff_fk_LoadLandscape_landscape_id` FOREIGN KEY (`LoadLandscape_id`) REFERENCES `LoadLandscape` (`landscape_id`)
) ENGINE=InnoDB AUTO_INCREMENT=677 DEFAULT CHARSET=utf8 COLLATE=utf8_unicode_ci;
/*!40101 SET character_set_client = @saved_cs_client */;

--
-- Dumping data for table `VerticesBuilding`
--

LOCK TABLES `VerticesBuilding` WRITE;
/*!40000 ALTER TABLE `VerticesBuilding` DISABLE KEYS */;
INSERT INTO `VerticesBuilding` VALUES (473,28.3962502847297,30.3492684757354,187,'0003'),(474,62.4128003745457,-3.54874435306579,187,'0003'),(475,49.473466256913,51.5001889291749,187,'0003'),(476,83.4900163467291,17.6021761003737,187,'0003'),(613,-25.1665100266247,40.6651115372033,222,'0001'),(614,82.5761748166353,40.6651115372033,222,'0001'),(615,-25.1665100266247,77.5596201776309,222,'0001'),(616,82.5761748166352,77.5596201776309,222,'0001'),(645,42.0920912593098,11.1001695125332,230,'0002'),(646,90.1150162072754,11.1001695125332,230,'0002'),(647,42.0920912593098,40.9600160719606,230,'0002'),(648,90.1150162072754,40.9600160719607,230,'0002'),(665,42.0209769694502,11.1001695125332,232,'0000'),(666,90.1848915091004,11.1001695125332,232,'0000'),(667,42.0209769694502,40.9600160719606,232,'0000'),(668,90.1848915091004,40.9600160719607,232,'0000'),(673,46.6604423014814,56.1367782085171,233,'0004'),(674,94.8243568411316,56.1367782085171,233,'0004'),(675,46.6604423014814,85.9966247679445,233,'0004'),(676,94.8243568411316,85.9966247679445,233,'0004');
/*!40000 ALTER TABLE `VerticesBuilding` ENABLE KEYS */;
UNLOCK TABLES;

--
-- Table structure for table `VerticesExcludeZone`
--

DROP TABLE IF EXISTS `VerticesExcludeZone`;
/*!40101 SET @saved_cs_client     = @@character_set_client */;
/*!40101 SET character_set_client = utf8 */;
CREATE TABLE `VerticesExcludeZone` (
  `id` int(11) NOT NULL AUTO_INCREMENT,
  `xCoord` double NOT NULL,
  `yCoord` double NOT NULL,
  `zmin` double DEFAULT NULL,
  `zmax` double DEFAULT NULL,
  `ExcludeZone_id` int(11) NOT NULL,
  PRIMARY KEY (`id`),
  KEY `VerticesExcludeZone_ExcludeZone_id_8a14e27a_fk_ExcludeZone_id` (`ExcludeZone_id`),
  CONSTRAINT `VerticesExcludeZone_ExcludeZone_id_8a14e27a_fk_ExcludeZone_id` FOREIGN KEY (`ExcludeZone_id`) REFERENCES `ExcludeZone` (`id`)
) ENGINE=InnoDB AUTO_INCREMENT=163 DEFAULT CHARSET=utf8 COLLATE=utf8_unicode_ci;
/*!40101 SET character_set_client = @saved_cs_client */;

--
-- Dumping data for table `VerticesExcludeZone`
--

LOCK TABLES `VerticesExcludeZone` WRITE;
/*!40000 ALTER TABLE `VerticesExcludeZone` DISABLE KEYS */;
INSERT INTO `VerticesExcludeZone` VALUES (76,41.4882367112013,42.4309548172928,6,9.19401546975327,20),(77,45.1104910391634,41.9627360972366,6,9.19401546975327,20),(78,45.3450209161247,33.0531951706682,6,9.19401546975327,20),(79,41.1551419323291,33.0215965935317,6,9.19401546975327,20),(80,41.8650380732078,23.0932017319275,6,9.19401546975327,21),(81,45.1572672048844,23.0348862421045,6,9.19401546975327,21),(82,50.0850906304195,18.905626550885,6,9.19401546975327,21),(83,50.0008496919151,11.2653055547136,6,9.19401546975327,21),(84,42.4640103146084,11.1302898811957,6,9.19401546975327,21),(93,84.8525765215283,29.7602879279162,6,9.13288902607323,24),(94,84.7961308475705,22.6812841772786,6,9.13288902607323,24),(95,89.4758308585933,22.6961571467974,6,9.13288902607323,24),(96,82.169956270235,22.0305357746385,6,9.10172342251957,25),(97,82.2446549357454,19.7430517638384,6,9.10172342251957,25),(98,84.7482539755304,19.5055717333077,6,9.10172342251957,25),(111,50.1905857267137,27.3915296432912,6,9.13288902607323,29),(112,82.1713232778147,26.6974998647474,6,9.13288902607323,29),(113,82.7498711969826,24.0834763728312,6,9.13288902607323,29),(114,50.2185983534298,24.3979016119839,6,9.13288902607323,29),(115,51.0113236365212,19.6134665989812,6,9.13288902607323,30),(116,50.2561419039396,22.0035627307451,6,9.13288902607323,30),(117,82.8616490710242,22.5799948732711,6,9.13288902607323,30),(118,82.9105097183723,19.7110564993211,6,9.13288902607323,30),(119,50.155939228712,19.6017304599977,6,9.13288902607323,30),(134,61.5319027273172,34.6966870677035,6.1100001335144,9.18000030517578,34),(135,64.9312142099933,33.1125038122762,6.1100001335144,9.18000030517578,34),(136,62.4948224854627,32.7728739537672,6.1100001335144,9.18000030517578,34),(145,65.9170775205067,80.1245796419491,6.1100001335144,9.18000030517578,37),(146,69.8189206945416,78.0034690882284,6.1100001335144,9.18000030517578,37),(147,67.0434806818193,78.1471583521442,6.1100001335144,9.18000030517578,37),(148,56.3853617964779,72.6184272012595,6,9.13288902607323,38),(149,87.3652571375437,72.6403555014153,6,9.13288902607323,38),(150,87.4441611977266,69.5521358704958,6,9.13288902607323,38),(151,55.022201813312,69.635439753438,6,9.13288902607323,38),(152,89.2143784912115,74.7703734794339,6,9.13288902607323,39),(153,94.4130627527844,68.0087289161199,6,9.13288902607323,39),(154,89.6773690807183,68.2847037055966,6,9.13288902607323,39),(155,54.8790970680341,67.6037282641619,6,9.13288902607323,40),(156,87.0501656485939,66.9283730670717,6,9.13288902607323,40),(157,87.413841477226,65.1799584258657,6,9.13288902607323,40),(158,55.1095586355656,64.3620305518748,6,9.13288902607323,40),(159,73.0008460622563,85.8779990291777,6.1100001335144,9.18000030517578,41),(160,73.2160298161003,85.580729401627,6.1100001335144,9.18000030517578,41),(161,73.1715121719657,80.0614568964014,6.1100001335144,9.18000030517578,41),(162,72.5581821243848,80.1005181643962,6.1100001335144,9.18000030517578,41);
/*!40000 ALTER TABLE `VerticesExcludeZone` ENABLE KEYS */;
UNLOCK TABLES;

--
-- Table structure for table `VerticesFloor`
--

DROP TABLE IF EXISTS `VerticesFloor`;
/*!40101 SET @saved_cs_client     = @@character_set_client */;
/*!40101 SET character_set_client = utf8 */;
CREATE TABLE `VerticesFloor` (
  `id` int(11) NOT NULL AUTO_INCREMENT,
  `x` double DEFAULT NULL,
  `y` double DEFAULT NULL,
  `Floor_id` int(11) NOT NULL,
  `LoadLandscape_id` varchar(20) COLLATE utf8_unicode_ci NOT NULL,
  PRIMARY KEY (`id`),
  KEY `VerticesFloor_Floor_id_43ad5632_fk_Floor_id` (`Floor_id`),
  KEY `VerticesFloor_5813e371` (`LoadLandscape_id`),
  CONSTRAINT `VerticesFloor_Floor_id_43ad5632_fk_Floor_id` FOREIGN KEY (`Floor_id`) REFERENCES `Floor` (`id`),
  CONSTRAINT `Vertices_LoadLandscape_id_20a3a0d4_fk_LoadLandscape_landscape_id` FOREIGN KEY (`LoadLandscape_id`) REFERENCES `LoadLandscape` (`landscape_id`)
) ENGINE=InnoDB AUTO_INCREMENT=4766 DEFAULT CHARSET=utf8 COLLATE=utf8_unicode_ci;
/*!40101 SET character_set_client = @saved_cs_client */;

--
-- Dumping data for table `VerticesFloor`
--

LOCK TABLES `VerticesFloor` WRITE;
/*!40000 ALTER TABLE `VerticesFloor` DISABLE KEYS */;
INSERT INTO `VerticesFloor` VALUES (3161,59.5490500106853,-2.48960197191304,513,'0003'),(3162,80.6197804265912,18.6548102460412,513,'0003'),(3163,31.2721002999232,25.6888112276592,513,'0003'),(3164,34.0357506184477,39.9160383143428,513,'0003'),(3165,36.2551456656517,37.7651463260518,513,'0003'),(3166,36.723622149006,31.1593963909138,513,'0003'),(3167,48.7223914913206,50.4410465480221,513,'0003'),(3168,41.0013821618175,46.9060278308056,513,'0003'),(3169,43.2339247548486,44.6630173641593,513,'0003'),(3170,59.5480697877622,-2.49711029768469,514,'0003'),(3171,80.6245486949256,18.6530705133075,514,'0003'),(3172,31.2613802759055,25.6910087627576,514,'0003'),(3173,34.0253743832261,39.9225260619493,514,'0003'),(3174,36.2455317095475,37.7708910298156,514,'0003'),(3175,36.7143894026039,31.163086404458,514,'0003'),(3176,48.7161729231384,50.4502553660441,514,'0003'),(3177,40.992906281792,46.914422578921,514,'0003'),(3178,43.2262185122662,44.670640178494,514,'0003'),(3179,59.5480697858092,-2.49711030852455,515,'0003'),(3180,80.6245486929726,18.6530705024676,515,'0003'),(3181,31.2613802546663,25.6910087711367,515,'0003'),(3182,34.0253743580808,39.9225260742209,515,'0003'),(3183,36.2455316858953,37.7708910405994,515,'0003'),(3184,36.7143893813647,31.1630864128372,515,'0003'),(3185,48.7161728994298,50.4502553768839,515,'0003'),(3186,40.9929062566467,46.9144225911926,515,'0003'),(3187,43.2262184886498,44.670640189242,515,'0003'),(4310,-23.0454846086219,40.6651115372033,610,'0001'),(4311,-13.1145674823129,40.6651115372033,610,'0001'),(4312,-23.0454846086219,64.2105994224548,610,'0001'),(4313,-13.1145674823129,64.2105994224548,610,'0001'),(4314,-23.0454846086219,77.5381328123164,610,'0001'),(4315,-13.1145674823129,77.5381328123164,610,'0001'),(4316,-25.1665100266247,40.6651115372033,610,'0001'),(4317,-25.1665100266247,64.2105994224548,610,'0001'),(4318,-23.0454846086219,42.9405463594355,610,'0001'),(4319,-13.1145674823129,42.9405463594355,610,'0001'),(4320,-6.83307371249701,40.6651115372033,610,'0001'),(4321,-6.83307371249701,64.2105994224548,610,'0001'),(4322,-13.1145674823129,65.1045213054275,610,'0001'),(4323,-6.83307371249701,65.1045213054275,610,'0001'),(4324,0.101040207191356,64.2105994224548,610,'0001'),(4325,0.101040207191356,65.1045213054275,610,'0001'),(4326,-6.83307371249701,67.1361556530695,610,'0001'),(4327,0.101040207191356,67.1361556530695,610,'0001'),(4328,0.101040207191359,40.6651115372033,610,'0001'),(4329,0.101040207191356,64.2105994224548,610,'0001'),(4330,6.62726156775083,40.6651115372033,610,'0001'),(4331,6.62726156775083,64.2105994224548,610,'0001'),(4332,0.101040207191355,72.7434725861554,610,'0001'),(4333,6.62726156775083,72.7434725861554,610,'0001'),(4334,-3.65154055095134,40.6651115372033,610,'0001'),(4335,-3.65154055095134,42.9405463594355,610,'0001'),(4336,6.62726156775083,40.6651115372033,610,'0001'),(4337,6.62726156775083,42.9405463594355,610,'0001'),(4338,-3.65154055095134,40.8276418892989,610,'0001'),(4339,6.62726156775083,40.8276418892989,610,'0001'),(4340,15.7639734587175,40.6651115372033,610,'0001'),(4341,15.7639734587175,42.9405463594355,610,'0001'),(4342,6.62726156775083,64.2320917342162,610,'0001'),(4343,15.7639734587175,64.2320917342162,610,'0001'),(4344,6.62726156775083,72.0335733670397,610,'0001'),(4345,15.7639734587175,72.0335733670397,610,'0001'),(4346,25.4717329462812,64.2320917342162,610,'0001'),(4347,25.4717329462812,72.0335733670397,610,'0001'),(4348,15.7639734587175,75.2841903018455,610,'0001'),(4349,25.4717329462812,75.2841903018455,610,'0001'),(4350,36.9741978459944,72.0335733670397,610,'0001'),(4351,36.9741978459944,75.2841903018455,610,'0001'),(4352,25.4717329462812,64.2320917342162,610,'0001'),(4353,36.9741978459944,64.2320917342162,610,'0001'),(4354,36.9741978459944,40.6651115372033,610,'0001'),(4355,36.9741978459944,64.2320917342162,610,'0001'),(4356,47.252994999238,40.6651115372033,610,'0001'),(4357,47.252994999238,64.2320917342162,610,'0001'),(4358,36.9741978459944,72.0335733670397,610,'0001'),(4359,47.252994999238,72.0335733670397,610,'0001'),(4360,47.0082972012458,40.6651115372033,610,'0001'),(4361,47.0082972012458,42.9405463594355,610,'0001'),(4362,58.5107323082075,40.6651115372033,610,'0001'),(4363,58.5107323082075,42.9405463594355,610,'0001'),(4364,47.0082972012458,40.6651115372033,610,'0001'),(4365,58.5107323082075,40.6651115372033,610,'0001'),(4366,54.0239439505411,40.6651115372033,610,'0001'),(4367,54.0239439505411,64.2320917342162,610,'0001'),(4368,47.252994999238,73.0087604260602,610,'0001'),(4369,54.0239439505411,73.0087604260602,610,'0001'),(4370,68.5447820088733,40.6651115372033,610,'0001'),(4371,68.5447820088732,64.2320917342162,610,'0001'),(4372,68.5448316634589,40.6651115372033,610,'0001'),(4373,68.5448316634589,42.9405463594355,610,'0001'),(4374,80.2104317388059,40.6651115372033,610,'0001'),(4375,80.2104317388059,42.9405463594355,610,'0001'),(4376,80.2920142229985,40.6651115372033,610,'0001'),(4377,80.2920142229985,64.2320917342162,610,'0001'),(4378,68.5447820088732,75.2841903018455,610,'0001'),(4379,80.2920142229985,75.2841903018455,610,'0001'),(4380,68.5447820088732,77.5596201776309,610,'0001'),(4381,80.2920142229985,77.5596201776309,610,'0001'),(4382,82.5761748166353,40.6651115372033,610,'0001'),(4383,82.5761748166352,64.2320917342162,610,'0001'),(4384,61.9008494876156,64.2320917342162,610,'0001'),(4385,61.9008494876156,40.6651115372033,610,'0001'),(4386,54.0239439505411,67.0086609843354,610,'0001'),(4387,61.9008494876156,67.0086609843354,610,'0001'),(4577,90.1150162072754,11.1001695125332,632,'0002'),(4578,90.1150162072754,40.9508270015986,632,'0002'),(4579,50.1949859225526,11.1001695125332,632,'0002'),(4580,42.1099951905966,23.1286632434994,632,'0002'),(4581,45.200334590447,23.1717084511863,632,'0002'),(4582,50.1949859225526,18.8232767944851,632,'0002'),(4583,45.0838248898134,40.9508270015986,632,'0002'),(4584,42.1099951905966,32.9967920312514,632,'0002'),(4585,45.2746713318689,32.9838665285271,632,'0002'),(4586,90.1136521723125,11.101213098499,633,'0002'),(4587,90.1136521723125,40.9600160719607,633,'0002'),(4588,50.1798676354683,11.101213098499,633,'0002'),(4589,42.0920912593098,23.1329890991449,633,'0002'),(4590,45.183495420558,23.176046052773,633,'0002'),(4591,50.1798676354683,18.8264278197888,633,'0002'),(4592,45.0669455770742,40.9600160719606,633,'0002'),(4593,42.0920912593098,33.003810647989,633,'0002'),(4594,45.2578577743424,32.9908816182241,633,'0002'),(4595,90.1136521723125,11.101213098499,634,'0002'),(4596,90.1136521723125,40.9600160719607,634,'0002'),(4597,50.1798678532879,11.101213098499,634,'0002'),(4598,42.0920915212443,23.1329890991449,634,'0002'),(4599,45.1834956656304,23.176046052773,634,'0002'),(4600,50.1798678532879,18.8264278197888,634,'0002'),(4601,45.0669458227823,40.9600160719606,634,'0002'),(4602,42.0920915212443,33.003810647989,634,'0002'),(4603,45.2578580190092,32.9908816182241,634,'0002'),(4685,90.1848915091004,11.1001695125332,638,'0000'),(4686,90.1848915091004,40.9508270015986,638,'0000'),(4687,50.1327284992016,11.1001695125332,638,'0000'),(4688,42.0209769694502,23.1286632434994,638,'0000'),(4689,45.1215451933698,23.1717084511863,638,'0000'),(4690,50.1327284992016,18.8232767944851,638,'0000'),(4691,45.0046498531426,40.9508270015986,638,'0000'),(4692,42.0209769694502,32.9967920312514,638,'0000'),(4693,45.1961279846107,32.9838665285271,638,'0000'),(4694,90.1136521723125,11.101213098499,639,'0000'),(4695,90.1136521723125,40.9600160719607,639,'0000'),(4696,50.1798676354683,11.101213098499,639,'0000'),(4697,42.0920912593098,23.1329890991449,639,'0000'),(4698,45.183495420558,23.176046052773,639,'0000'),(4699,50.1798676354683,18.8264278197888,639,'0000'),(4700,45.0669455770742,40.9600160719606,639,'0000'),(4701,42.0920912593098,33.003810647989,639,'0000'),(4702,45.2578577743424,32.9908816182241,639,'0000'),(4703,90.1136521723125,11.101213098499,640,'0000'),(4704,90.1136521723125,40.9600160719607,640,'0000'),(4705,50.1798678532879,11.101213098499,640,'0000'),(4706,42.0920915212443,23.1329890991449,640,'0000'),(4707,45.1834956656304,23.176046052773,640,'0000'),(4708,50.1798678532879,18.8264278197888,640,'0000'),(4709,45.0669458227823,40.9600160719606,640,'0000'),(4710,42.0920915212443,33.003810647989,640,'0000'),(4711,45.2578580190092,32.9908816182241,640,'0000'),(4739,94.8243568411316,56.1367782085171,641,'0004'),(4740,94.8243568411316,85.9874366512568,641,'0004'),(4741,54.7721938312328,56.1367782085171,641,'0004'),(4742,46.6604423014814,68.1652723237718,641,'0004'),(4743,49.761010525401,68.2083175328339,641,'0004'),(4744,54.7721938312328,63.8598857372083,641,'0004'),(4745,49.6441151851739,85.9874366512568,641,'0004'),(4746,46.6604423014814,78.0334014267926,641,'0004'),(4747,49.835593316642,78.0204759236553,641,'0004'),(4748,94.7531175043437,56.1378227481572,642,'0004'),(4749,94.7531175043437,85.9966247679445,642,'0004'),(4750,54.8193329674996,56.1378227481572,642,'0004'),(4751,46.7315565913411,68.1695983645145,642,'0004'),(4752,49.8229607525893,68.2126553167675,642,'0004'),(4753,54.8193329674996,63.8630372227078,642,'0004'),(4754,49.7064109091054,85.9966247679445,642,'0004'),(4755,46.7315565913411,78.0404195980898,642,'0004'),(4756,49.8973231063736,78.0274905687379,642,'0004'),(4757,94.7531175043437,56.1378227481572,643,'0004'),(4758,94.7531175043437,85.9966247679446,643,'0004'),(4759,54.8193331853192,56.1378227481572,643,'0004'),(4760,46.7315568532756,68.1695983645146,643,'0004'),(4761,49.8229609976616,68.2126553167675,643,'0004'),(4762,54.8193331853192,63.8630372227078,643,'0004'),(4763,49.7064111548135,85.9966247679445,643,'0004'),(4764,46.7315568532756,78.0404195980899,643,'0004'),(4765,49.8973233510404,78.0274905687379,643,'0004');
/*!40000 ALTER TABLE `VerticesFloor` ENABLE KEYS */;
UNLOCK TABLES;

--
-- Table structure for table `VerticesIncomeZone`
--

DROP TABLE IF EXISTS `VerticesIncomeZone`;
/*!40101 SET @saved_cs_client     = @@character_set_client */;
/*!40101 SET character_set_client = utf8 */;
CREATE TABLE `VerticesIncomeZone` (
  `id` int(11) NOT NULL AUTO_INCREMENT,
  `xCoord` double NOT NULL,
  `yCoord` double NOT NULL,
  `IncomeZone_id` int(11) NOT NULL,
  `zmax` double DEFAULT NULL,
  `zmin` double DEFAULT NULL,
  PRIMARY KEY (`id`),
  KEY `VerticesIncomeZone_IncomeZone_id_b9f7ac83_fk_IncomeZone_id` (`IncomeZone_id`),
  CONSTRAINT `VerticesIncomeZone_IncomeZone_id_b9f7ac83_fk_IncomeZone_id` FOREIGN KEY (`IncomeZone_id`) REFERENCES `IncomeZone` (`id`)
) ENGINE=InnoDB AUTO_INCREMENT=471 DEFAULT CHARSET=utf8 COLLATE=utf8_unicode_ci;
/*!40101 SET character_set_client = @saved_cs_client */;

--
-- Dumping data for table `VerticesIncomeZone`
--

LOCK TABLES `VerticesIncomeZone` WRITE;
/*!40000 ALTER TABLE `VerticesIncomeZone` DISABLE KEYS */;
INSERT INTO `VerticesIncomeZone` VALUES (189,42.3210647433552,31.5108611277651,63,9.19401546975327,6),(190,50.2922330383123,32.5579659667777,63,9.19401546975327,6),(191,51.9580134293854,26.8357504760466,63,9.19401546975327,6),(192,44.0208788702076,20.9399515673519,63,9.19401546975327,6),(193,35.4888803369533,26.6918431383428,63,9.19401546975327,6),(194,84.6411488010974,23.892028252977,64,9.19401546975327,6),(195,93.3574408816209,24.3339406287661,64,9.19401546975327,6),(196,94.4393648352446,18.068034070419,64,9.19401546975327,6),(197,89.3844664287519,15.9557185142433,64,9.19401546975327,6),(198,84.0907277113227,20.2965789899342,64,9.19401546975327,6),(199,69.039695611154,29.4193456841681,65,9.18000030517578,6.1100001335144),(200,72.659125959357,29.2432623220803,65,9.18000030517578,6.1100001335144),(201,72.292115057078,26.7863375049915,65,9.18000030517578,6.1100001335144),(202,68.8170269891578,26.648030952488,65,9.18000030517578,6.1100001335144),(203,44.8981670017203,32.3159369174852,66,9.13288902607323,6),(204,47.1902686961763,31.3570046638872,66,9.13288902607323,6),(205,47.3349257083251,28.1185097918448,66,9.13288902607323,6),(206,43.4677401493182,27.8721941739412,66,9.13288902607323,6),(207,43.0262159395804,30.7122672601545,66,9.13288902607323,6),(208,50.5515920383137,30.6528270307513,67,9.13288902607323,6),(209,82.2468745208349,30.5026307845711,67,9.13288902607323,6),(210,82.1690241387317,27.8550394277225,67,9.13288902607323,6),(211,50.2757911600397,27.8538414300703,67,9.13288902607323,6),(216,50.0613501933294,23.0070670298424,69,9.13288902607323,6),(217,82.3245950590745,23.2089994174481,69,9.13288902607323,6),(218,82.1704212419259,20.6691104470024,69,9.13288902607323,6),(219,50.5152824054684,20.7356336400828,69,9.13288902607323,6),(220,85.0720045172521,20.2751600205077,70,9.13288902607323,6),(221,90.1681461179317,20.4341518426684,70,9.13288902607323,6),(222,89.5312740536133,17.0388331562444,70,9.13288902607323,6),(223,84.036533056056,18.0811080262182,70,9.13288902607323,6),(224,85.8240865166651,21.2516624370423,71,9.10770585521031,6),(225,90.506528529914,21.3709246707938,71,9.10770585521031,6),(226,89.7337407694916,18.8156315450892,71,9.10770585521031,6),(227,85.9006565747777,18.9479658479415,71,9.10770585521031,6),(228,79.5711078712933,23.5316104271314,72,9.10172342251957,6),(229,82.3377984191068,23.5524758232484,72,9.10172342251957,6),(230,82.0621745276944,20.824966696862,72,9.10172342251957,6),(231,79.5263498969454,20.978511229348,72,9.10172342251957,6),(232,74.5135985179375,24.0160126678719,73,9.12479622888184,6),(233,78.4039456765836,24.118977084206,73,9.12479622888184,6),(234,78.4000655219959,20.7553329274245,73,9.12479622888184,6),(235,74.6020237755486,21.0030243722184,73,9.12479622888184,6),(236,68.578570976295,23.3356155098696,74,9.04788704780966,6),(237,73.6591720362556,23.7975497993165,74,9.04788704780966,6),(238,73.8060432249734,19.6308796716453,74,9.04788704780966,6),(239,68.7775782723813,20.4627741256536,74,9.04788704780966,6),(244,62.8575266659357,24.1516927879525,76,9.05557967437947,6),(245,67.1213836520692,24.239426936661,76,9.05557967437947,6),(246,66.7690524897069,20.9921755413661,76,9.05557967437947,6),(247,63.1993676280108,21.4030243401462,76,9.05557967437947,6),(248,57.1226836935751,23.1286324563594,77,9.10696622888184,6),(249,62.3857136080132,23.145359358366,77,9.10696622888184,6),(250,61.6428195570192,21.0296595228482,77,9.10696622888184,6),(251,57.1312233370372,21.2231213063143,77,9.10696622888184,6),(252,50.8292243282207,24.39848200236,78,9.16325322888184,6),(253,55.9162651570942,24.1960593858283,78,9.16325322888184,6),(254,55.7780226349442,20.8342913684002,78,9.16325322888184,6),(255,51.0715372370445,20.880942590292,78,9.16325322888184,6),(256,51.2391647531899,28.2144328628227,79,9.1203273593533,6),(257,55.7453535281826,28.4299087069052,79,9.1203273593533,6),(258,55.28904397655,26.7357169932936,79,9.1203273593533,6),(259,51.1025127924412,26.8685935356438,79,9.1203273593533,6),(260,51.3609505827912,24.544325127114,80,9.1203273593533,6),(261,55.3408867406772,24.5836724131212,80,9.1203273593533,6),(262,55.267885860472,23.3306726000659,80,9.1203273593533,6),(263,51.173219699486,23.4606334334714,80,9.1203273593533,6),(264,57.0679466729354,28.4086958544066,81,9.11838885833299,6),(265,59.1112013771267,28.4034253575589,81,9.11838885833299,6),(266,59.2285255255859,26.8161494045087,81,9.11838885833299,6),(267,56.9524140704142,26.8240286793189,81,9.11838885833299,6),(268,60.2878776595958,27.9071070395459,82,9.13441111150503,6),(269,62.1452945581352,27.9737676222608,82,9.13441111150503,6),(270,62.0369033460994,26.5280844650737,82,9.13441111150503,6),(271,60.1507053693953,26.6368305176595,82,9.13441111150503,6),(272,62.3872568261226,24.55612088876,83,9.13441204265237,6),(273,63.6825237111924,24.5376295506136,83,9.13441204265237,6),(274,63.8435865518065,23.5156212681987,83,9.13441204265237,6),(275,62.501009501301,23.5347880102153,83,9.13441204265237,6),(276,62.3149638314097,28.1978654790105,84,9.13441204265237,6),(277,63.7975854860671,28.1339228750512,84,9.13441204265237,6),(278,63.9302186967336,27.0509449314642,84,9.13441204265237,6),(279,62.3386520643955,27.0806126828853,84,9.13441204265237,6),(280,65.4660801382918,27.6995649573892,85,9.13441222888184,6),(281,71.0668429764419,27.7656762958754,85,9.13441222888184,6),(282,71.2462344377157,26.7076350086426,85,9.13441222888184,6),(283,64.8040257991676,26.5913608066547,85,9.13441222888184,6),(288,65.1807726644352,24.7107986695908,87,9.13441222888184,6),(289,70.7324276323045,24.5410614564831,87,9.13441222888184,6),(290,70.9130314706183,23.6986404955881,87,9.13441222888184,6),(291,65.4442787872027,23.5558370557402,87,9.13441222888184,6),(296,71.4774711978756,27.8853452157026,89,9.13441222888184,6),(297,73.2798157640718,27.7255362796283,89,9.13441222888184,6),(298,73.352796969121,26.83634512485,89,9.13441222888184,6),(299,71.8422509822825,26.5912626972518,89,9.13441222888184,6),(300,78.8449045926697,28.0737383151597,90,9.08634422888184,6),(301,81.8980068921333,27.9277081034713,90,9.08634422888184,6),(302,81.9688101604822,26.145014277805,90,9.08634422888184,6),(303,79.0651402148288,26.3011828864546,90,9.08634422888184,6),(304,47.5288171701295,28.1463229834732,91,9.19401546975327,6),(305,47.4705104675992,23.9005125884352,91,9.19401546975327,6),(306,44.9394536470526,24.152405573391,91,9.19401546975327,6),(307,45.0874010636605,28.4892187670959,91,9.19401546975327,6),(308,80.7074590332375,25.2558146412511,92,5.99000112874821,2.9800007343292),(309,85.1592931035029,25.2833041762242,92,5.99000112874821,2.9800007343292),(310,84.3358844432595,22.2261503467682,92,5.99000112874821,2.9800007343292),(311,81.0171107019969,22.1756985474276,92,5.99000112874821,2.9800007343292),(312,57.108799566473,33.5565345412058,93,5.99000112874821,2.9800007343292),(313,62.3963711105182,34.1995714288882,93,5.99000112874821,2.9800007343292),(314,61.0484758598852,29.3463651022985,93,5.99000112874821,2.9800007343292),(315,54.6991335031125,29.3596942655006,93,5.99000112874821,2.9800007343292),(316,47.9787427268637,29.5049873767378,93,5.99000112874821,2.9800007343292),(317,48.069003412261,34.1303636098309,93,5.99000112874821,2.9800007343292),(322,64.5308469402271,35.7682591147857,95,9.18000030517578,6.1100001335144),(323,69.4442381705798,35.8813971568326,95,9.18000030517578,6.1100001335144),(324,69.4282803113817,33.9817034985369,95,9.18000030517578,6.1100001335144),(325,64.9896161459134,33.6484449179901,95,9.18000030517578,6.1100001335144),(330,61.3574103386411,36.1848746098631,97,9.18000030517578,6.1100001335144),(331,64.094541460053,36.2424065043519,97,9.18000030517578,6.1100001335144),(332,63.7187953322915,33.7008060523727,97,9.18000030517578,6.1100001335144),(333,61.1751378640854,33.3411581610477,97,9.18000030517578,6.1100001335144),(338,62.9232778483496,38.1380296229228,99,9.18000030517578,6.1100001335144),(339,65.0494234213298,38.5189238013124,99,9.18000030517578,6.1100001335144),(340,65.2570948909559,34.9181988460679,99,9.18000030517578,6.1100001335144),(341,62.2055324254068,34.1261285263448,99,9.18000030517578,6.1100001335144),(342,60.6851351693471,34.3735013887809,100,9.18000030517578,6.1100001335144),(343,64.5637504480376,34.8313611439805,100,9.18000030517578,6.1100001335144),(344,64.619464952496,31.9237099924552,100,9.18000030517578,6.1100001335144),(345,61.6186491750306,31.8537515789565,100,9.18000030517578,6.1100001335144),(346,64.5231413847316,35.5210992588372,101,9.18000030517578,6.1100001335144),(347,69.0952422055019,34.9723526122049,101,9.18000030517578,6.1100001335144),(348,69.4642184551948,33.1872080848085,101,9.18000030517578,6.1100001335144),(349,65.1911944903563,32.944114175218,101,9.18000030517578,6.1100001335144),(350,66.8063208463903,36.36886629523,102,9.18000030517578,6.1100001335144),(351,69.6053878421066,35.9045476722673,102,9.18000030517578,6.1100001335144),(352,69.2253703174731,33.103555075704,102,9.18000030517578,6.1100001335144),(353,67.0595823024857,33.0608794442018,102,9.18000030517578,6.1100001335144),(354,69.9773296470384,32.9415872751301,103,9.18000030517578,6.1100001335144),(355,73.5068037459791,33.2697044394876,103,9.18000030517578,6.1100001335144),(356,73.7421338885506,30.4509814990904,103,9.18000030517578,6.1100001335144),(357,70.0705533961919,30.3108597340682,103,9.18000030517578,6.1100001335144),(362,68.220274334894,32.5915574790333,105,9.18000030517578,6.1100001335144),(363,70.7592330732918,32.3033496033205,105,9.18000030517578,6.1100001335144),(364,71.0552486547826,29.5905201943558,105,9.18000030517578,6.1100001335144),(365,68.1952478071605,30.0569938040514,105,9.18000030517578,6.1100001335144),(366,74.017600460392,32.0429832903866,106,9.18000030517578,6.1100001335144),(367,75.0195459293488,32.4373385047379,106,9.18000030517578,6.1100001335144),(368,75.2853034245752,30.4083401029218,106,9.18000030517578,6.1100001335144),(369,73.0529260783516,30.2608274036528,106,9.18000030517578,6.1100001335144),(370,78.7065374862228,77.0357667263356,107,9.18000030517578,6.1100001335144),(371,82.0153118891342,76.9740891977791,107,9.18000030517578,6.1100001335144),(372,82.0733601179814,75.6490374638227,107,9.18000030517578,6.1100001335144),(373,78.7645858364983,75.7107149901131,107,9.18000030517578,6.1100001335144),(374,74.8111423833601,77.2006193334733,108,9.18000030517578,6.1100001335144),(375,76.414691296494,77.170728225216,108,9.18000030517578,6.1100001335144),(376,76.7055099691587,75.5612010458629,108,9.18000030517578,6.1100001335144),(377,74.6743480824039,75.5990631150199,108,9.18000030517578,6.1100001335144),(378,72.1464840853627,80.6255648265488,109,9.18000030517578,6.1100001335144),(379,73.8863161378829,80.5060302995695,109,9.18000030517578,6.1100001335144),(380,73.7716508433663,79.0274164551309,109,9.18000030517578,6.1100001335144),(381,71.8544271789168,78.9760516353432,109,9.18000030517578,6.1100001335144),(382,69.6296189502929,80.7201895070556,110,9.18000030517578,6.1100001335144),(383,71.618533860489,80.8399462212618,110,9.18000030517578,6.1100001335144),(384,71.6708007375603,79.5146371996346,110,9.18000030517578,6.1100001335144),(385,69.689497382866,79.7257320202199,110,9.18000030517578,6.1100001335144),(386,69.8994555795826,79.6171024374968,111,9.18000030517578,6.1100001335144),(387,72.865281493608,79.6292176802672,111,9.18000030517578,6.1100001335144),(388,72.7079212914908,78.4189508909699,111,9.18000030517578,6.1100001335144),(389,69.8094720876774,78.4055797116953,111,9.18000030517578,6.1100001335144),(390,66.1100847422556,80.9356591456253,112,9.18000030517578,6.1100001335144),(391,68.6067178312307,80.8686819983713,112,9.18000030517578,6.1100001335144),(392,68.4766328297054,79.1403429099849,112,9.18000030517578,6.1100001335144),(393,66.4922211632202,79.2707312575156,112,9.18000030517578,6.1100001335144),(394,67.9907799539632,80.8767491149456,113,9.18000030517578,6.1100001335144),(395,69.480399987251,80.8814834071861,113,9.18000030517578,6.1100001335144),(396,69.4837815709177,79.8174690943516,113,9.18000030517578,6.1100001335144),(397,67.5685558797264,79.8113821473928,113,9.18000030517578,6.1100001335144),(398,65.6338464399664,79.4195615519556,114,9.18000030517578,6.1100001335144),(399,67.1005907668066,79.4242231409063,114,9.18000030517578,6.1100001335144),(400,67.290343497016,77.4080324118753,114,9.18000030517578,6.1100001335144),(401,65.821559774097,78.0450714370767,114,9.18000030517578,6.1100001335144),(406,74.6118785877962,75.7893469975515,116,9.18000030517578,6.1100001335144),(407,75.8265957654232,75.8731275997593,116,9.18000030517578,6.1100001335144),(408,75.8440763328973,74.7854258593082,116,9.18000030517578,6.1100001335144),(409,74.7545225487654,74.895663010199,116,9.18000030517578,6.1100001335144),(410,78.1404748929445,76.959328307325,117,9.18000030517578,6.1100001335144),(411,79.1331231687233,76.9754782805654,117,9.18000030517578,6.1100001335144),(412,78.989197514169,75.6488679427221,117,9.18000030517578,6.1100001335144),(413,78.1608701533653,75.7181357947416,117,9.18000030517578,6.1100001335144),(414,80.9815363682043,77.0915968773737,118,9.18000030517578,6.1100001335144),(415,82.0843909012927,76.9261016068267,118,9.18000030517578,6.1100001335144),(416,82.1034786448044,75.7343861970818,118,9.18000030517578,6.1100001335144),(417,81.2802468251805,75.6293214150559,118,9.18000030517578,6.1100001335144),(418,75.3192707255323,74.9726537996639,119,9.13288902607323,6),(419,78.0867704822913,75.2075900623181,119,9.13288902607323,6),(420,77.9049333646524,73.7934003221468,119,9.13288902607323,6),(421,75.3647018930885,73.7025380102829,119,9.13288902607323,6),(422,50.6632538205923,75.225580099104,120,9.13288902607323,6),(423,54.238279625795,75.4117620587076,120,9.13288902607323,6),(424,53.885532821807,73.840440128767,120,9.13288902607323,6),(425,50.4920552095933,73.9167011740028,120,9.13288902607323,6),(426,74.484660657041,75.8097214975231,121,9.18000030517578,6.1100001335144),(427,77.9864326225207,75.8248481489196,121,9.18000030517578,6.1100001335144),(428,78.1703650225867,73.6195519640232,121,9.18000030517578,6.1100001335144),(429,74.3857014653984,73.6533328704433,121,9.18000030517578,6.1100001335144),(430,49.7530612525154,81.3311367937013,122,5.99000112874821,2.9800007343292),(431,52.6912454846261,81.2352714530895,122,5.99000112874821,2.9800007343292),(432,53.0904965489834,74.4804241496353,122,5.99000112874821,2.9800007343292),(433,49.5143907719184,74.6685094753234,122,5.99000112874821,2.9800007343292),(434,89.9022526018468,71.0341327404719,123,6.07000005245211,2.9800007343292),(435,94.7704756894249,70.9068535996369,123,6.07000005245211,2.9800007343292),(436,95.0117489245074,67.7700059016428,123,6.07000005245211,2.9800007343292),(437,89.9841444077392,67.7770012529003,123,6.07000005245211,2.9800007343292),(438,48.0219296623525,78.4744701707922,124,6.07000005245211,2.9800007343292),(439,52.849588243,78.9730773649782,124,6.07000005245211,2.9800007343292),(440,53.2024766391514,74.2915316237792,124,6.07000005245211,2.9800007343292),(441,46.6249491002468,74.9425212380082,124,6.07000005245211,2.9800007343292),(442,46.425037341577,77.7210888832223,124,6.07000005245211,2.9800007343292),(443,46.5663766844676,78.009866864254,125,9.19401546975327,6),(444,52.4172242871145,78.3728958696569,125,9.19401546975327,6),(445,52.9031316349497,74.7206444755671,125,9.19401546975327,6),(446,46.3252610351386,75.0802523324912,125,9.19401546975327,6),(447,89.8932141283282,69.6345456590153,126,9.19401546975327,6),(448,95.3045126431977,69.9787501251604,126,9.19401546975327,6),(449,95.2233760057116,65.6169179241671,126,9.19401546975327,6),(450,89.5413860090701,65.7763567077265,126,9.19401546975327,6),(451,68.4305315241008,73.5635780553123,127,9.13441222888184,6),(452,72.3906528140941,73.3226532967781,127,9.13441222888184,6),(453,70.7692901464247,71.4853164764991,127,9.13441222888184,6),(454,68.7120821282499,71.6124570604389,127,9.13441222888184,6),(455,74.6075902288905,73.7936485390839,128,9.13441222888184,6),(456,77.0752650335377,73.956311288782,128,9.13441222888184,6),(457,76.9263700811015,71.5959475076556,128,9.13441222888184,6),(458,75.0654500198971,71.720422023796,128,9.13441222888184,6),(459,68.0052904313495,70.6112960408252,129,9.13441222888184,6),(460,71.0682541309972,70.4268085710918,129,9.13441222888184,6),(461,70.5993001180353,69.0455403756831,129,9.13441222888184,6),(462,66.9876791401694,69.3731062481398,129,9.13441222888184,6),(463,74.7655623693687,69.9720156209987,130,9.13441222888184,6),(464,76.8656680386536,69.978690153619,130,9.13441222888184,6),(465,76.726694421527,68.7914679375754,130,9.13441222888184,6),(466,74.3567774517981,68.8666708253271,130,9.13441222888184,6),(467,49.3143630347799,74.8632696064485,131,9.19401546975327,6),(468,51.2190062375075,75.1235538788242,131,9.19401546975327,6),(469,50.9741223061914,72.2002274138078,131,9.19401546975327,6),(470,49.0689779858142,72.3211893757127,131,9.19401546975327,6);
/*!40000 ALTER TABLE `VerticesIncomeZone` ENABLE KEYS */;
UNLOCK TABLES;

--
-- Table structure for table `VerticesKabinet_n_Outer`
--

DROP TABLE IF EXISTS `VerticesKabinet_n_Outer`;
/*!40101 SET @saved_cs_client     = @@character_set_client */;
/*!40101 SET character_set_client = utf8 */;
CREATE TABLE `VerticesKabinet_n_Outer` (
  `id` int(11) NOT NULL AUTO_INCREMENT,
  `x` double DEFAULT NULL,
  `y` double DEFAULT NULL,
  `Kabinet_n_Outer_id` int(11) NOT NULL,
  `LoadLandscape_id` varchar(20) COLLATE utf8_unicode_ci NOT NULL,
  PRIMARY KEY (`id`),
  KEY `VerticesKabine_Kabinet_n_Outer_id_1cde99a6_fk_Kabinet_n_Outer_id` (`Kabinet_n_Outer_id`),
  KEY `VerticesKabinet_n_Outer_5813e371` (`LoadLandscape_id`),
  CONSTRAINT `VerticesKabine_Kabinet_n_Outer_id_1cde99a6_fk_Kabinet_n_Outer_id` FOREIGN KEY (`Kabinet_n_Outer_id`) REFERENCES `Kabinet_n_Outer` (`id`),
  CONSTRAINT `Vertices_LoadLandscape_id_8c6271ec_fk_LoadLandscape_landscape_id` FOREIGN KEY (`LoadLandscape_id`) REFERENCES `LoadLandscape` (`landscape_id`)
) ENGINE=InnoDB AUTO_INCREMENT=3845 DEFAULT CHARSET=utf8 COLLATE=utf8_unicode_ci;
/*!40101 SET character_set_client = @saved_cs_client */;

--
-- Dumping data for table `VerticesKabinet_n_Outer`
--

LOCK TABLES `VerticesKabinet_n_Outer` WRITE;
/*!40000 ALTER TABLE `VerticesKabinet_n_Outer` DISABLE KEYS */;
INSERT INTO `VerticesKabinet_n_Outer` VALUES (1959,59.3825028385819,22.9778280382357,863,'0003'),(1960,72.210552999975,10.194479703638,863,'0003'),(1961,67.7753326201422,31.4000065329342,863,'0003'),(1962,80.6033827815353,18.6166581983366,863,'0003'),(1963,59.3825028385819,22.9778280382357,863,'0003'),(1964,72.210552999975,10.194479703638,863,'0003'),(1965,67.7753326201422,31.4000065329342,863,'0003'),(1966,80.6033827815353,18.6166581983366,863,'0003'),(1967,36.0189785180179,33.0050105176586,865,'0003'),(1968,64.0968509334371,2.17495274366651,865,'0003'),(1969,41.7382428855458,42.3124973243623,865,'0003'),(1970,73.0252212526323,11.1345444966463,865,'0003'),(1971,35.6982300969129,30.4746130823839,865,'0003'),(1972,35.6982300969129,30.4746130823839,865,'0003'),(1973,35.836817569227,30.3365085449746,865,'0003'),(1974,36.4207576438333,36.9764174783223,865,'0003'),(1975,35.9560935446983,31.8646118356339,865,'0003'),(1976,36.1948351116235,34.8144432130626,865,'0003'),(2685,-23.1999887228012,75.1000008195785,1051,'0001'),(2686,-13.9999922064297,77.5000031770766,1051,'0001'),(2687,-23.1999887228012,76.3923084883439,1051,'0001'),(2688,-21.9999894380569,77.5000031770766,1051,'0001'),(2689,-13.0999947428703,75.1000008195785,1051,'0001'),(2690,-22.4799891519547,77.056925080307,1051,'0001'),(2691,-13.0999947428703,76.5769244241918,1051,'0001'),(2692,-22.2399892550058,77.2784639440762,1051,'0001'),(2693,-22.8999816481585,63.9999982507542,1052,'0001'),(2694,-17.299991673758,63.9999982507542,1052,'0001'),(2695,-22.8999816481585,74.3999999385126,1052,'0001'),(2696,-17.299991673758,74.4000003463558,1052,'0001'),(2697,-16.2465596944094,64.1024851735725,1053,'0001'),(2698,-13.4495313810399,64.1024851735725,1053,'0001'),(2699,-16.2465596944094,67.6903920918703,1053,'0001'),(2700,-13.4495313810399,67.6903920918703,1053,'0001'),(2701,-16.5133153716625,64.1253316106597,1054,'0001'),(2702,-13.4982773065567,64.1253316106597,1054,'0001'),(2703,-16.5133153716626,74.5512999892235,1054,'0001'),(2704,-13.4982773065567,74.5512999892235,1054,'0001'),(2705,-17.2618510632906,64.1253316106597,1054,'0001'),(2706,-17.2618510632906,74.5512999892235,1054,'0001'),(2707,-16.5133153716625,64.1253316106597,1054,'0001'),(2708,-17.2618510632906,64.1253316106597,1054,'0001'),(2709,-24.1906621456146,54.1329130967147,1055,'0001'),(2710,-19.1829566508103,54.1329130967147,1055,'0001'),(2711,-24.1906621456146,62.450353602856,1055,'0001'),(2712,-19.1829566508103,62.450353602856,1055,'0001'),(2713,-22.7369442697538,64.110872587862,1055,'0001'),(2714,-19.1829566508103,64.110872587862,1055,'0001'),(2715,-23.0112300708944,54.1329130967147,1055,'0001'),(2716,-19.1829566508103,54.1329130967147,1055,'0001'),(2717,-16.2794052065169,54.1083532545802,1056,'0001'),(2718,-13.1744368934135,54.1083532545802,1056,'0001'),(2719,-16.2794052065169,60.2517219620547,1056,'0001'),(2720,-13.1744368934135,60.2517219620547,1056,'0001'),(2721,-19.1490401029587,60.2744743120272,1057,'0001'),(2722,-16.3870888593469,60.2744743120272,1057,'0001'),(2723,-19.1490401029587,64.1250532865524,1057,'0001'),(2724,-16.3870888593469,64.1250532865524,1057,'0001'),(2725,-19.1490401029587,54.0965175672221,1057,'0001'),(2726,-16.3870888593469,54.0965175672221,1057,'0001'),(2727,-10.535719326643,60.2744743120272,1057,'0001'),(2728,-10.535719326643,64.1250532865524,1057,'0001'),(2729,-22.8926921405487,43.2593716823478,1058,'0001'),(2730,-17.5585667639554,43.2593716823478,1058,'0001'),(2731,-22.8926921405487,54.0949559211731,1058,'0001'),(2732,-17.5585667639555,54.0949559211731,1058,'0001'),(2733,-17.5165036916733,45.7949217208891,1059,'0001'),(2734,-13.1521034450365,45.7949217208891,1059,'0001'),(2735,-17.5165036916733,54.0305937323005,1059,'0001'),(2736,-13.1521034450365,54.0305937323005,1059,'0001'),(2737,-17.4664070606232,43.192820250988,1060,'0001'),(2738,-13.1605422571133,43.192820250988,1060,'0001'),(2739,-17.4664070606232,45.1639311686158,1060,'0001'),(2740,-13.1605422571133,45.1639311686158,1060,'0001'),(3049,59.2199926376343,28.9999864845323,1103,'0002'),(3050,77.3300118539482,28.9999864845323,1103,'0002'),(3051,59.2199926376343,40.8900084495544,1103,'0002'),(3052,77.3300118539482,40.8900084495544,1103,'0002'),(3053,59.2199926376343,28.9999864845323,1103,'0002'),(3054,77.3300118539482,28.9999864845323,1103,'0002'),(3055,59.2199926376343,40.8900084495544,1103,'0002'),(3056,77.3300118539482,40.8900084495544,1103,'0002'),(3057,45.6934001370315,27.1075552867008,1105,'0002'),(3058,50.3104977064345,27.1075552867008,1105,'0002'),(3059,45.6934001370315,29.2941486542094,1105,'0002'),(3060,50.3104977064345,29.2941486542094,1105,'0002'),(3061,82.7505923560494,27.1075552867008,1105,'0002'),(3062,82.7505923560494,29.2941486542094,1105,'0002'),(3063,85.1358375543953,27.1075552867008,1105,'0002'),(3064,85.1358375543953,29.2941486542094,1105,'0002'),(3065,82.7505923560494,24.0740567833489,1105,'0002'),(3066,85.1358375543953,24.0740567833489,1105,'0002'),(3067,82.7505923560494,22.6372280554559,1105,'0002'),(3068,85.1358375543953,22.6372280554559,1105,'0002'),(3069,82.7505923560494,19.7633703160598,1105,'0002'),(3070,85.1358375543953,19.7633703160598,1105,'0002'),(3071,90.0655009627502,22.6372280554559,1105,'0002'),(3072,90.0655009627502,19.7633703160598,1105,'0002'),(3073,50.2575190001476,24.0740567833489,1105,'0002'),(3074,50.2575190001476,22.6372280554559,1105,'0002'),(3075,82.7505923560494,22.1051157383811,1105,'0002'),(3076,50.2575190001476,22.1051157383811,1105,'0002'),(3077,45.6934001370315,24.1272762620286,1105,'0002'),(3078,50.3104977064345,24.1272762620286,1105,'0002'),(3079,45.6934001370315,22.9033725744095,1105,'0002'),(3080,50.3104977064345,22.9033725744095,1105,'0002'),(3081,47.9726594956674,21.0407173287463,1105,'0002'),(3082,50.3104977064345,19.124695337043,1105,'0002'),(3083,90.0154205540215,24.0504321833427,1107,'0002'),(3084,84.1734250589247,24.0504327527777,1107,'0002'),(3085,90.0154203580416,22.039817758137,1107,'0002'),(3086,84.1734248629447,22.039818327572,1107,'0002'),(3087,81.8332639139054,24.0504329808794,1107,'0002'),(3088,81.8332637179254,22.0398185556737,1107,'0002'),(3089,84.1734256514729,30.1295542306057,1107,'0002'),(3090,81.8332645064536,30.1295544587074,1107,'0002'),(3091,84.1734258893602,32.5701079487928,1107,'0002'),(3092,81.8332647443409,32.5701081768945,1107,'0002'),(3093,60.8602403602706,30.1295565030043,1107,'0002'),(3094,60.8602405981579,32.5701102211914,1107,'0002'),(3095,58.431772096861,30.1295567397136,1107,'0002'),(3096,58.4317723347483,32.5701104579007,1107,'0002'),(3097,60.8602397763724,24.1391786677289,1107,'0002'),(3098,58.4317715129628,24.1391789044382,1107,'0002'),(3099,60.8602395644415,21.9649192123776,1107,'0002'),(3100,58.4317713010319,21.9649194490869,1107,'0002'),(3101,81.7890818536367,24.1391766277386,1107,'0002'),(3102,81.7890816417058,21.9649171723873,1107,'0002'),(3103,48.36051715308,30.1295577213858,1107,'0002'),(3104,48.3605173909673,32.5701114395729,1107,'0002'),(3105,45.7969428098332,30.1295579712643,1107,'0002'),(3106,45.7969430477204,32.5701116894514,1107,'0002'),(3107,48.3605177317795,36.0666002997526,1107,'0002'),(3108,45.7969433885326,36.0666005496311,1107,'0002'),(3437,59.2199926376343,28.9999864845323,1115,'0000'),(3438,77.3300118539482,28.9999864845323,1115,'0000'),(3439,59.2199926376343,40.8900084495544,1115,'0000'),(3440,77.3300118539482,40.8900084495544,1115,'0000'),(3441,59.2199926376343,28.9999864845323,1115,'0000'),(3442,77.3300118539482,28.9999864845323,1115,'0000'),(3443,59.2199926376343,40.8900084495544,1115,'0000'),(3444,77.3300118539482,40.8900084495544,1115,'0000'),(3445,45.6934001370315,27.1075552867008,1117,'0000'),(3446,50.3104977064345,27.1075552867008,1117,'0000'),(3447,45.6934001370315,29.2941486542094,1117,'0000'),(3448,50.3104977064345,29.2941486542094,1117,'0000'),(3449,82.7505923560494,27.1075552867008,1117,'0000'),(3450,82.7505923560494,29.2941486542094,1117,'0000'),(3451,85.1358375543953,27.1075552867008,1117,'0000'),(3452,85.1358375543953,29.2941486542094,1117,'0000'),(3453,82.7505923560494,24.0740567833489,1117,'0000'),(3454,85.1358375543953,24.0740567833489,1117,'0000'),(3455,82.7505923560494,22.6372280554559,1117,'0000'),(3456,85.1358375543953,22.6372280554559,1117,'0000'),(3457,82.7505923560494,19.7633703160598,1117,'0000'),(3458,85.1358375543953,19.7633703160598,1117,'0000'),(3459,90.0655009627502,22.6372280554559,1117,'0000'),(3460,90.0655009627502,19.7633703160598,1117,'0000'),(3461,50.2575190001476,24.0740567833489,1117,'0000'),(3462,50.2575190001476,22.6372280554559,1117,'0000'),(3463,82.7505923560494,22.1051157383811,1117,'0000'),(3464,50.2575190001476,22.1051157383811,1117,'0000'),(3465,45.6934001370315,24.1272762620286,1117,'0000'),(3466,50.3104977064345,24.1272762620286,1117,'0000'),(3467,45.6934001370315,22.9033725744095,1117,'0000'),(3468,50.3104977064345,22.9033725744095,1117,'0000'),(3469,47.9726594956674,21.0407173287463,1117,'0000'),(3470,50.3104977064345,19.124695337043,1117,'0000'),(3471,84.939161590721,11.8071717666748,1118,'0000'),(3472,90.1848915091003,11.8071717666748,1118,'0000'),(3473,84.939161590721,19.4569468769629,1118,'0000'),(3474,90.1848915091003,19.4569468769629,1118,'0000'),(3475,78.9771414641847,19.5265794858215,1119,'0000'),(3476,82.4147008183393,19.5265794858215,1119,'0000'),(3477,78.9771414641847,22.0002674948622,1119,'0000'),(3478,82.4147008183393,22.0002674948622,1119,'0000'),(3479,78.9771414641847,11.7962976548645,1119,'0000'),(3480,82.4147008183393,11.7962976548645,1119,'0000'),(3481,84.9321733195951,19.5265794858215,1119,'0000'),(3482,84.9321733195951,11.7962976548645,1119,'0000'),(3483,73.6432833005771,11.7788298776312,1120,'0000'),(3484,78.9120986898133,11.7788298776312,1120,'0000'),(3485,73.6432833005771,22.0413045247967,1120,'0000'),(3486,78.9120986898133,22.0413045247967,1120,'0000'),(3487,67.6094205366738,11.799921927157,1121,'0000'),(3488,73.5961416444989,11.799921927157,1121,'0000'),(3489,67.6094205366738,21.9943115601785,1121,'0000'),(3490,73.5961416444989,21.9943115601785,1121,'0000'),(3491,62.213861003257,17.7364268737256,1122,'0000'),(3492,67.5894527105098,17.7364268737256,1122,'0000'),(3493,62.213861003257,21.9800843980246,1122,'0000'),(3494,67.5894527105098,21.9800843980246,1122,'0000'),(3495,56.3314859687175,17.7764385744336,1123,'0000'),(3496,62.1862505232294,17.7764385744336,1123,'0000'),(3497,56.3314859687175,22.0197079764336,1123,'0000'),(3498,62.1862505232294,22.0197079764336,1123,'0000'),(3499,50.7699444581473,17.6903208037,1124,'0000'),(3500,56.3549883742422,17.6903208037,1124,'0000'),(3501,50.7699444581473,21.928730794933,1124,'0000'),(3502,56.3549883742422,21.928730794933,1124,'0000'),(3503,50.7699444581473,11.7652358809509,1124,'0000'),(3504,56.3549883742422,11.7652358809509,1124,'0000'),(3505,67.5959580644745,17.6903208037,1124,'0000'),(3506,67.5959580644745,11.7652358809509,1124,'0000'),(3507,50.2927679091332,24.3018336950851,1125,'0000'),(3508,56.6471235291737,24.3018336950851,1125,'0000'),(3509,50.2927679091332,26.9475386614236,1125,'0000'),(3510,56.6471235291737,26.9475386614236,1125,'0000'),(3511,56.6778191140293,24.3407133103043,1126,'0000'),(3512,60.035968794432,24.3407133103043,1126,'0000'),(3513,56.6778191140293,26.9459901166848,1126,'0000'),(3514,60.035968794432,26.9459901166848,1126,'0000'),(3515,60.058087961727,24.3977556747543,1127,'0000'),(3516,62.4781196586797,24.3977556747543,1127,'0000'),(3517,60.058087961727,26.959503777068,1127,'0000'),(3518,62.4781196586797,26.959503777068,1127,'0000'),(3519,62.51278046362,24.3810514554834,1128,'0000'),(3520,64.0319820891016,24.3810514554834,1128,'0000'),(3521,62.51278046362,26.9378998438091,1128,'0000'),(3522,64.0319820891016,26.9378998438091,1128,'0000'),(3523,64.0498633739,24.377302825905,1129,'0000'),(3524,71.7157294949435,24.377302825905,1129,'0000'),(3525,64.0498633739,26.946092273534,1129,'0000'),(3526,71.7157294949435,26.946092273534,1129,'0000'),(3527,71.7475500732781,24.392975955784,1130,'0000'),(3528,73.5251014778324,24.392975955784,1130,'0000'),(3529,71.7475500732781,26.9108671716183,1130,'0000'),(3530,73.5251014778324,26.9108671716183,1130,'0000'),(3531,78.2343867701801,24.4061601797568,1131,'0000'),(3532,82.6270397262988,24.4061601797568,1131,'0000'),(3533,78.2343867701801,26.9083672177568,1131,'0000'),(3534,82.6270397262988,26.9083672177568,1131,'0000'),(3535,73.5653241240961,24.4236824329268,1132,'0000'),(3536,78.2445578783705,24.4236824329268,1132,'0000'),(3537,73.5653241240961,26.8908657619268,1132,'0000'),(3538,78.2445578783705,26.8908657619268,1132,'0000'),(3539,42.0209769694502,23.4304156950348,1133,'0000'),(3540,45.6546901415512,23.4304156950348,1133,'0000'),(3541,42.0209769694502,29.237357491658,1133,'0000'),(3542,45.6546901415512,29.237357491658,1133,'0000'),(3543,90.0154205540215,24.0504321833427,1135,'0000'),(3544,84.1734250589247,24.0504327527777,1135,'0000'),(3545,90.0154203580416,22.039817758137,1135,'0000'),(3546,84.1734248629447,22.039818327572,1135,'0000'),(3547,81.8332639139054,24.0504329808794,1135,'0000'),(3548,81.8332637179254,22.0398185556737,1135,'0000'),(3549,84.1734256514729,30.1295542306057,1135,'0000'),(3550,81.8332645064536,30.1295544587074,1135,'0000'),(3551,84.1734258893602,32.5701079487928,1135,'0000'),(3552,81.8332647443409,32.5701081768945,1135,'0000'),(3553,60.8602403602706,30.1295565030043,1135,'0000'),(3554,60.8602405981579,32.5701102211914,1135,'0000'),(3555,58.431772096861,30.1295567397136,1135,'0000'),(3556,58.4317723347483,32.5701104579007,1135,'0000'),(3557,60.8602397763724,24.1391786677289,1135,'0000'),(3558,58.4317715129628,24.1391789044382,1135,'0000'),(3559,60.8602395644415,21.9649192123776,1135,'0000'),(3560,58.4317713010319,21.9649194490869,1135,'0000'),(3561,81.7890818536367,24.1391766277386,1135,'0000'),(3562,81.7890816417058,21.9649171723873,1135,'0000'),(3563,48.36051715308,30.1295577213858,1135,'0000'),(3564,48.3605173909673,32.5701114395729,1135,'0000'),(3565,45.7969428098332,30.1295579712643,1135,'0000'),(3566,45.7969430477204,32.5701116894514,1135,'0000'),(3567,48.3605177317795,36.0666002997526,1135,'0000'),(3568,45.7969433885326,36.0666005496311,1135,'0000'),(3569,50.2200711769178,32.5652679684287,1137,'0000'),(3570,56.4078015572952,32.5652679684287,1137,'0000'),(3571,50.2200711769178,40.4048476931924,1137,'0000'),(3572,56.4078015572952,40.4048476931924,1137,'0000'),(3709,63.8594579696655,74.0365942268419,1138,'0004'),(3710,81.9694771859795,74.0365942268419,1138,'0004'),(3711,63.8594579696655,85.9266142845154,1138,'0004'),(3712,81.9694771859795,85.9266142845154,1138,'0004'),(3713,63.8594579696655,74.0365942268419,1138,'0004'),(3714,81.9694771859795,74.0365942268419,1138,'0004'),(3715,63.8594579696655,85.9266142845154,1138,'0004'),(3716,81.9694771859795,85.9266142845154,1138,'0004'),(3717,50.3328654690627,72.144159214313,1140,'0004'),(3718,54.9499630384658,72.144159214313,1140,'0004'),(3719,50.3328654690627,74.3307525818217,1140,'0004'),(3720,54.9499630384658,74.3307525818217,1140,'0004'),(3721,87.3900576880806,72.1441592143131,1140,'0004'),(3722,87.3900576880806,74.3307525818218,1140,'0004'),(3723,89.7753028864266,72.1441592143131,1140,'0004'),(3724,89.7753028864266,74.3307525818218,1140,'0004'),(3725,87.3900576880806,69.1106607109612,1140,'0004'),(3726,89.7753028864266,69.1106607109612,1140,'0004'),(3727,87.3900576880806,67.6738319830682,1140,'0004'),(3728,89.7753028864266,67.6738319830682,1140,'0004'),(3729,87.3900576880806,64.7999742436721,1140,'0004'),(3730,89.7753028864266,64.7999742436721,1140,'0004'),(3731,94.7049662947815,67.6738319830682,1140,'0004'),(3732,94.7049662947815,64.7999742436721,1140,'0004'),(3733,54.8969843321789,69.1106607109612,1140,'0004'),(3734,54.8969843321789,67.6738319830682,1140,'0004'),(3735,87.3900576880806,67.1417196659934,1140,'0004'),(3736,54.8969843321789,67.1417196659934,1140,'0004'),(3737,50.3328654690627,69.1638801896409,1140,'0004'),(3738,54.9499630384658,69.1638801896409,1140,'0004'),(3739,50.3328654690627,67.9399765020218,1140,'0004'),(3740,54.9499630384658,67.9399765020218,1140,'0004'),(3741,52.6121248276986,66.0773212563586,1140,'0004'),(3742,54.9499630384658,64.1612992646553,1140,'0004'),(3743,89.5786269227523,56.8437795089844,1141,'0004'),(3744,94.8243568411316,56.8437795089844,1141,'0004'),(3745,89.5786269227523,64.4935546192725,1141,'0004'),(3746,94.8243568411316,64.4935546192725,1141,'0004'),(3747,83.6166067962159,64.5631891354797,1142,'0004'),(3748,87.0541661503706,64.5631891354797,1142,'0004'),(3749,83.6166067962159,67.0368771445204,1142,'0004'),(3750,87.0541661503706,67.0368771445204,1142,'0004'),(3751,83.6166067962159,56.8329073045227,1142,'0004'),(3752,87.0541661503706,56.8329073045227,1142,'0004'),(3753,89.5716386516263,64.5631891354797,1142,'0004'),(3754,89.5716386516263,56.8329073045227,1142,'0004'),(3755,78.2827486326083,56.8154376199408,1143,'0004'),(3756,83.5515640218445,56.8154376199408,1143,'0004'),(3757,78.2827486326083,67.0779122671062,1143,'0004'),(3758,83.5515640218445,67.0779122671062,1143,'0004'),(3759,72.2488858687051,56.8365296694666,1144,'0004'),(3760,78.2356069765301,56.8365296694666,1144,'0004'),(3761,72.248885868705,67.030919302488,1144,'0004'),(3762,78.2356069765301,67.030919302488,1144,'0004'),(3763,66.8533301499856,62.7730346160352,1145,'0004'),(3764,72.2289218572383,62.7730346160352,1145,'0004'),(3765,66.8533301499856,67.0166940476828,1145,'0004'),(3766,72.2289218572383,67.0166940476828,1145,'0004'),(3767,60.9709513007487,62.8130520387891,1146,'0004'),(3768,66.8257158552606,62.8130520387891,1146,'0004'),(3769,60.9709513007487,67.0563214407891,1146,'0004'),(3770,66.8257158552606,67.0563214407891,1146,'0004'),(3771,55.4094097901785,62.7269323607068,1147,'0004'),(3772,60.9944537062735,62.7269323607068,1147,'0004'),(3773,55.4094097901785,66.9653423519398,1147,'0004'),(3774,60.9944537062735,66.9653423519398,1147,'0004'),(3775,55.4094097901785,56.8018474379578,1147,'0004'),(3776,60.9944537062735,56.8018474379578,1147,'0004'),(3777,72.2354233965057,62.7269323607068,1147,'0004'),(3778,72.2354233965058,56.8018474379578,1147,'0004'),(3779,54.9322332411644,69.3384433447433,1148,'0004'),(3780,61.2865888612049,69.3384433447433,1148,'0004'),(3781,54.9322332411644,71.9841502184305,1148,'0004'),(3782,61.2865888612049,71.9841502184305,1148,'0004'),(3783,61.3172844460606,69.3773229599625,1149,'0004'),(3784,64.6754341264633,69.3773229599625,1149,'0004'),(3785,61.3172844460606,71.982599766343,1149,'0004'),(3786,64.6754341264633,71.982599766343,1149,'0004'),(3787,64.6975571084555,69.4343691391098,1150,'0004'),(3788,67.1175926201055,69.4343691391098,1150,'0004'),(3789,64.6975571084555,71.9961172414234,1150,'0004'),(3790,67.1175926201055,71.9961172414234,1150,'0004'),(3791,67.152241980954,69.417659197793,1151,'0004'),(3792,68.6714436064355,69.417659197793,1151,'0004'),(3793,67.152241980954,71.9745075861186,1151,'0004'),(3794,68.6714436064355,71.9745075861186,1151,'0004'),(3795,68.6893287059313,69.4139143829119,1152,'0004'),(3796,76.3551948269747,69.4139143829119,1152,'0004'),(3797,68.6893287059313,71.9827019231922,1152,'0004'),(3798,76.3551948269747,71.9827019231922,1152,'0004'),(3799,76.3870154053094,69.4295856054422,1153,'0004'),(3800,78.1645668098637,69.4295856054422,1153,'0004'),(3801,76.3870154053094,71.9474768212765,1153,'0004'),(3802,78.1645668098637,71.9474768212765,1153,'0004'),(3803,82.8738521022113,69.4427679220664,1154,'0004'),(3804,87.2665050583301,69.4427679220664,1154,'0004'),(3805,82.8738521022113,71.9449749600664,1154,'0004'),(3806,87.2665050583301,71.9449749600664,1154,'0004'),(3807,78.2047894561274,69.4602939899336,1155,'0004'),(3808,82.8840232104017,69.4602939899336,1155,'0004'),(3809,78.2047894561274,71.9274773189336,1155,'0004'),(3810,82.8840232104017,71.9274773189336,1155,'0004'),(3811,46.6604423014814,68.4670291593903,1156,'0004'),(3812,50.2941554735824,68.4670291593903,1156,'0004'),(3813,46.6604423014814,74.2739690486648,1156,'0004'),(3814,50.2941554735824,74.2739690486648,1156,'0004'),(3815,94.6548858860528,69.0870380183037,1158,'0004'),(3816,88.8128903909559,69.0870385877386,1158,'0004'),(3817,94.6548856900728,67.076423593098,1158,'0004'),(3818,88.8128901949759,67.0764241625329,1158,'0004'),(3819,86.4727292459366,69.0870388158404,1158,'0004'),(3820,86.4727290499566,67.0764243906347,1158,'0004'),(3821,88.8128909835042,75.1661600655666,1158,'0004'),(3822,86.4727298384849,75.1661602936684,1158,'0004'),(3823,88.8128912213915,77.6067137837537,1158,'0004'),(3824,86.4727300763722,77.6067140118555,1158,'0004'),(3825,65.4997056923018,75.1661623379653,1158,'0004'),(3826,65.4997059301891,77.6067160561524,1158,'0004'),(3827,63.0712374288922,75.1661625746746,1158,'0004'),(3828,63.0712376667795,77.6067162928617,1158,'0004'),(3829,65.4997051084037,69.1757845026899,1158,'0004'),(3830,63.0712368449941,69.1757847393992,1158,'0004'),(3831,65.4997048964728,67.0015250473385,1158,'0004'),(3832,63.0712366330632,67.0015252840478,1158,'0004'),(3833,86.4285471856679,69.1757824626996,1158,'0004'),(3834,86.428546973737,67.0015230073482,1158,'0004'),(3835,52.9999824851112,75.1661635563468,1158,'0004'),(3836,52.9999827229986,77.6067172745339,1158,'0004'),(3837,50.4364081418644,75.1661638062252,1158,'0004'),(3838,50.4364083797517,77.6067175244123,1158,'0004'),(3839,52.9999830638107,81.1032061347136,1158,'0004'),(3840,50.4364087205638,81.103206384592,1158,'0004'),(3841,54.8595365089491,77.6018776180869,1159,'0004'),(3842,61.0472668893264,77.6018776180869,1159,'0004'),(3843,54.8595365089491,85.4414573428506,1159,'0004'),(3844,61.0472668893264,85.4414573428506,1159,'0004');
/*!40000 ALTER TABLE `VerticesKabinet_n_Outer` ENABLE KEYS */;
UNLOCK TABLES;

--
-- Table structure for table `VerticesUserZone`
--

DROP TABLE IF EXISTS `VerticesUserZone`;
/*!40101 SET @saved_cs_client     = @@character_set_client */;
/*!40101 SET character_set_client = utf8 */;
CREATE TABLE `VerticesUserZone` (
  `id` int(11) NOT NULL AUTO_INCREMENT,
  `xCoord` double NOT NULL,
  `yCoord` double NOT NULL,
  `zmin` double DEFAULT NULL,
  `zmax` double DEFAULT NULL,
  `UserZone_id` int(11) NOT NULL,
  PRIMARY KEY (`id`),
  KEY `VerticesUserZone_UserZone_id_041881c2_fk_UserZone_id` (`UserZone_id`),
  CONSTRAINT `VerticesUserZone_UserZone_id_041881c2_fk_UserZone_id` FOREIGN KEY (`UserZone_id`) REFERENCES `UserZone` (`id`)
) ENGINE=InnoDB AUTO_INCREMENT=198 DEFAULT CHARSET=utf8 COLLATE=utf8_unicode_ci;
/*!40101 SET character_set_client = @saved_cs_client */;

--
-- Dumping data for table `VerticesUserZone`
--

LOCK TABLES `VerticesUserZone` WRITE;
/*!40000 ALTER TABLE `VerticesUserZone` DISABLE KEYS */;
INSERT INTO `VerticesUserZone` VALUES (85,65.3405060023831,40.9602454271104,6.1100001335144,9.18000030517578,22),(86,68.0179255236651,40.9633612094893,6.1100001335144,9.18000030517578,22),(87,68.1377976432349,35.269259323358,6.1100001335144,9.18000030517578,22),(88,65.0799765417618,35.3028575073818,6.1100001335144,9.18000030517578,22),(93,58.1853872780436,40.144820202281,6.1100001335144,9.18000030517578,24),(94,62.4609006336673,40.255214854485,6.1100001335144,9.18000030517578,24),(95,62.454777262661,35.4598415072648,6.1100001335144,9.18000030517578,24),(96,61.4718517642191,34.5941976362553,6.1100001335144,9.18000030517578,24),(97,58.7561607299849,34.3084338070338,6.1100001335144,9.18000030517578,24),(106,62.5085852147945,40.3561824442905,6.1100001335144,9.18000030517578,27),(107,65.069863757138,40.6065139400153,6.1100001335144,9.18000030517578,27),(108,65.1714553110007,35.6503818155208,6.1100001335144,9.18000030517578,27),(109,62.739831404198,35.7454658089383,6.1100001335144,9.18000030517578,27),(110,59.1829051086398,34.5589217262984,6.1100001335144,9.18000030517578,28),(111,61.6408652784242,34.5106100748272,6.1100001335144,9.18000030517578,28),(112,62.4869767547671,32.9094101385473,6.1100001335144,9.18000030517578,28),(113,65.1550390049195,33.0559766412712,6.1100001335144,9.18000030517578,28),(114,65.1626676870299,29.3735084962562,6.1100001335144,9.18000030517578,28),(115,59.0891820539496,29.2144989528297,6.1100001335144,9.18000030517578,28),(116,64.9582210602106,33.4847856327854,6.1100001335144,9.18000030517578,29),(117,68.2618529445348,33.4763973759798,6.1100001335144,9.18000030517578,29),(118,68.1800682308374,29.2713797952125,6.1100001335144,9.18000030517578,29),(119,65.1154554101187,29.2449345893884,6.1100001335144,9.18000030517578,29),(120,68.2949253151668,40.4750593132627,6.1100001335144,9.18000030517578,30),(121,77.2663143094991,41.0863926486677,6.1100001335144,9.18000030517578,30),(122,77.8215746463989,31.0822922510583,6.1100001335144,9.18000030517578,30),(123,67.9697345101842,31.01733997206,6.1100001335144,9.18000030517578,30),(124,68.104166536548,31.4515490442701,6.1100001335144,9.18000030517578,31),(125,70.6594242189719,31.0920598404075,6.1100001335144,9.18000030517578,31),(126,70.5860441300145,29.4860595827478,6.1100001335144,9.18000030517578,31),(127,68.0765289322593,29.5477710050045,6.1100001335144,9.18000030517578,31),(128,73.2205118768298,30.9532512307441,6.1100001335144,9.18000030517578,32),(129,77.1162661260562,31.0134616426771,6.1100001335144,9.18000030517578,32),(130,77.2841627202489,29.0314116624526,6.1100001335144,9.18000030517578,32),(131,73.3105761844445,29.138579919267,6.1100001335144,9.18000030517578,32),(132,58.7260104274068,41.0646260992992,6.1100001335144,9.18000030517578,33),(133,68.1032904348862,41.2667616579389,6.1100001335144,9.18000030517578,33),(134,67.9823731050055,29.3316640496623,6.1100001335144,9.18000030517578,33),(135,57.5391238753073,29.3440049300527,6.1100001335144,9.18000030517578,33),(136,67.6001371485281,41.5416093411696,6.1100001335144,9.18000030517578,34),(137,76.6528639984525,41.1777423008466,6.1100001335144,9.18000030517578,34),(138,76.8750357433055,30.1268570699699,6.1100001335144,9.18000030517578,34),(139,67.9047175602963,30.1446482691484,6.1100001335144,9.18000030517578,34),(140,53.135541322863,64.5304447141603,6.02000045776366,8.40143313436565,35),(141,69.1238727574476,64.4601058943535,6.02000045776366,8.40143313436565,35),(142,70.2277432699744,56.6473086326722,6.02000045776366,8.40143313436565,35),(143,52.9398909652164,56.3705760806486,6.02000045776366,8.40143313436565,35),(144,34.496670415053,68.118858777791,6.02000045776366,8.40143313436565,36),(145,52.3949641171083,68.1898499583005,6.02000045776366,8.40143313436565,36),(146,52.8900707352305,58.6535264307461,6.02000045776366,8.40143313436565,36),(147,35.9417649786424,55.9171735724984,6.02000045776366,8.40143313436565,36),(148,3.02909298395724,62.5383932837575,6.02000045776366,8.40143313436565,37),(149,10.5870823852458,62.8500223513741,6.02000045776366,8.40143313436565,37),(150,9.4668034569264,56.3230078214256,6.02000045776366,8.40143313436565,37),(151,3.09769783315443,56.4126522838196,6.02000045776366,8.40143313436565,37),(152,72.8548297126017,85.2630460024202,6.1100001335144,9.18000030517578,38),(153,81.5810801257796,84.9950084945503,6.1100001335144,9.18000030517578,38),(154,82.519650378065,75.9882752376798,6.1100001335144,9.18000030517578,38),(155,72.6953132350365,76.0969500610802,6.1100001335144,9.18000030517578,38),(160,69.614016304806,86.2563478070304,6.1100001335144,9.18000030517578,40),(161,73.0191008890014,86.222596218932,6.1100001335144,9.18000030517578,40),(162,73.1619436736931,80.331880909606,6.1100001335144,9.18000030517578,40),(163,69.6729664340844,80.3664640512963,6.1100001335144,9.18000030517578,40),(164,69.3259273210879,79.0090647019159,6.1100001335144,9.18000030517578,41),(165,72.7895658871843,78.9596175125997,6.1100001335144,9.18000030517578,41),(166,72.7203398362786,74.1105237624716,6.1100001335144,9.18000030517578,41),(167,69.2586794273092,74.2985164728449,6.1100001335144,9.18000030517578,41),(168,63.7673104679539,79.4137782849329,6.1100001335144,9.18000030517578,42),(169,66.5015461076165,79.4935541505897,6.1100001335144,9.18000030517578,42),(170,70.1543104572819,77.5414743849816,6.1100001335144,9.18000030517578,42),(171,69.5068841295199,74.4741208651254,6.1100001335144,9.18000030517578,42),(172,63.6957777950519,74.200986398221,6.1100001335144,9.18000030517578,42),(173,63.0374935784463,86.2061730050186,6.1100001335144,9.18000030517578,43),(174,66.8548448688525,86.414736490497,6.1100001335144,9.18000030517578,43),(175,67.0352482347892,80.6248350357074,6.1100001335144,9.18000030517578,43),(176,65.8404543023771,79.8527112816241,6.1100001335144,9.18000030517578,43),(177,62.8121233492986,79.6328837389701,6.1100001335144,9.18000030517578,43),(178,67.161859709875,85.5765119519129,6.1100001335144,9.18000030517578,44),(179,69.6883184243801,85.65270128545,6.1100001335144,9.18000030517578,44),(180,69.5564935564807,80.2713313375528,6.1100001335144,9.18000030517578,44),(181,67.3653034514983,80.4126739997011,6.1100001335144,9.18000030517578,44),(182,72.8058577597965,76.2102920777489,6.1100001335144,9.18000030517578,45),(183,75.2363265219894,75.7769699662121,6.1100001335144,9.18000030517578,45),(184,75.1089425832105,74.5066343082834,6.1100001335144,9.18000030517578,45),(185,72.8847297454731,74.2788903931838,6.1100001335144,9.18000030517578,45),(186,77.6070212060746,76.1478743830128,6.1100001335144,9.18000030517578,46),(187,80.1229685352191,76.2911116355217,6.1100001335144,9.18000030517578,46),(188,80.0330339907142,74.2480491113929,6.1100001335144,9.18000030517578,46),(189,77.7541833588573,74.3392918870143,6.1100001335144,9.18000030517578,46),(190,79.9089356219707,76.1963024367148,6.1100001335144,9.18000030517578,47),(191,81.9990283473749,76.1847055060536,6.1100001335144,9.18000030517578,47),(192,82.0759681912375,74.3553911120763,6.1100001335144,9.18000030517578,47),(193,79.8117011811136,74.367954453021,6.1100001335144,9.18000030517578,47);
/*!40000 ALTER TABLE `VerticesUserZone` ENABLE KEYS */;
UNLOCK TABLES;

--
-- Table structure for table `Wall`
--

DROP TABLE IF EXISTS `Wall`;
/*!40101 SET @saved_cs_client     = @@character_set_client */;
/*!40101 SET character_set_client = utf8 */;
CREATE TABLE `Wall` (
  `id` int(11) NOT NULL AUTO_INCREMENT,
  `WallName` varchar(200) COLLATE utf8_unicode_ci DEFAULT NULL,
  `dae_WallName` varchar(200) COLLATE utf8_unicode_ci NOT NULL,
  `Kabinet_n_Outer_id` int(11) NOT NULL,
  `maxx` double,
  `maxy` double,
  `maxz` double,
  `minx` double,
  `miny` double,
  `minz` double,
  `LoadLandscape_id` varchar(20) COLLATE utf8_unicode_ci NOT NULL,
  PRIMARY KEY (`id`),
  KEY `Wall_Kabinet_n_Outer_id_47ea6cfd_fk_Kabinet_n_Outer_id` (`Kabinet_n_Outer_id`),
  KEY `Wall_5813e371` (`LoadLandscape_id`),
  CONSTRAINT `Wall_Kabinet_n_Outer_id_47ea6cfd_fk_Kabinet_n_Outer_id` FOREIGN KEY (`Kabinet_n_Outer_id`) REFERENCES `Kabinet_n_Outer` (`id`),
  CONSTRAINT `Wall_LoadLandscape_id_71a26a26_fk_LoadLandscape_landscape_id` FOREIGN KEY (`LoadLandscape_id`) REFERENCES `LoadLandscape` (`landscape_id`)
) ENGINE=InnoDB AUTO_INCREMENT=5450 DEFAULT CHARSET=utf8 COLLATE=utf8_unicode_ci;
/*!40101 SET character_set_client = @saved_cs_client */;

--
-- Dumping data for table `Wall`
--

LOCK TABLES `Wall` WRITE;
/*!40000 ALTER TABLE `Wall` DISABLE KEYS */;
INSERT INTO `Wall` VALUES (4564,NULL,'wall_001',863,NULL,NULL,NULL,NULL,NULL,NULL,'0003'),(4565,NULL,'wall_015',863,NULL,NULL,NULL,NULL,NULL,NULL,'0003'),(4566,NULL,'wall_016',863,NULL,NULL,NULL,NULL,NULL,NULL,'0003'),(4567,NULL,'wall_017',863,NULL,NULL,NULL,NULL,NULL,NULL,'0003'),(4568,NULL,'wall_000',863,NULL,NULL,NULL,NULL,NULL,NULL,'0003'),(4569,NULL,'wall_018',863,NULL,NULL,NULL,NULL,NULL,NULL,'0003'),(4570,NULL,'wall_019',863,NULL,NULL,NULL,NULL,NULL,NULL,'0003'),(4571,NULL,'wall_020',863,NULL,NULL,NULL,NULL,NULL,NULL,'0003'),(4572,NULL,'wall_021',863,NULL,NULL,NULL,NULL,NULL,NULL,'0003'),(4573,NULL,'wall_022',863,NULL,NULL,NULL,NULL,NULL,NULL,'0003'),(4574,NULL,'wall_023',863,NULL,NULL,NULL,NULL,NULL,NULL,'0003'),(4575,NULL,'wall_024',863,NULL,NULL,NULL,NULL,NULL,NULL,'0003'),(4576,NULL,'wall_025',863,NULL,NULL,NULL,NULL,NULL,NULL,'0003'),(4577,NULL,'wall_026',863,NULL,NULL,NULL,NULL,NULL,NULL,'0003'),(4578,NULL,'wall_027',863,NULL,NULL,NULL,NULL,NULL,NULL,'0003'),(4579,NULL,'wall_028',863,NULL,NULL,NULL,NULL,NULL,NULL,'0003'),(4580,NULL,'wall_029',863,NULL,NULL,NULL,NULL,NULL,NULL,'0003'),(4581,NULL,'wall_030',863,NULL,NULL,NULL,NULL,NULL,NULL,'0003'),(4582,NULL,'wall_031',863,NULL,NULL,NULL,NULL,NULL,NULL,'0003'),(4583,NULL,'wall_032',863,NULL,NULL,NULL,NULL,NULL,NULL,'0003'),(4584,NULL,'wall_033',863,NULL,NULL,NULL,NULL,NULL,NULL,'0003'),(4585,NULL,'wall_034',863,NULL,NULL,NULL,NULL,NULL,NULL,'0003'),(4586,NULL,'wall_005',865,NULL,NULL,NULL,NULL,NULL,NULL,'0003'),(4587,NULL,'wall_004',865,NULL,NULL,NULL,NULL,NULL,NULL,'0003'),(4588,NULL,'wall_002',865,NULL,NULL,NULL,NULL,NULL,NULL,'0003'),(4589,NULL,'wall_003',865,NULL,NULL,NULL,NULL,NULL,NULL,'0003'),(4590,NULL,'wall',865,NULL,NULL,NULL,NULL,NULL,NULL,'0003'),(5374,NULL,'wall_002',1051,NULL,NULL,NULL,NULL,NULL,NULL,'0001'),(5375,NULL,'wall_000',1052,NULL,NULL,NULL,NULL,NULL,NULL,'0001'),(5376,NULL,'wall_003',1053,NULL,NULL,NULL,NULL,NULL,NULL,'0001'),(5377,NULL,'wall_006',1055,NULL,NULL,NULL,NULL,NULL,NULL,'0001'),(5378,NULL,'wall',1056,NULL,NULL,NULL,NULL,NULL,NULL,'0001'),(5379,NULL,'wall_001',1058,NULL,NULL,NULL,NULL,NULL,NULL,'0001'),(5380,NULL,'wall_005',1059,NULL,NULL,NULL,NULL,NULL,NULL,'0001'),(5381,NULL,'wall_002',1060,NULL,NULL,NULL,NULL,NULL,NULL,'0001'),(5382,NULL,'wall_004',1060,NULL,NULL,NULL,NULL,NULL,NULL,'0001'),(5404,NULL,'wall_000',1103,NULL,NULL,NULL,NULL,NULL,NULL,'0002'),(5405,NULL,'wall_001',1105,NULL,NULL,NULL,NULL,NULL,NULL,'0002'),(5406,NULL,'wall',1107,NULL,NULL,NULL,NULL,NULL,NULL,'0002'),(5410,NULL,'wall_000',1115,NULL,NULL,NULL,NULL,NULL,NULL,'0000'),(5411,NULL,'wall_001',1117,NULL,NULL,NULL,NULL,NULL,NULL,'0000'),(5412,NULL,'wall_002',1118,NULL,NULL,NULL,NULL,NULL,NULL,'0000'),(5413,NULL,'wall_003',1119,NULL,NULL,NULL,NULL,NULL,NULL,'0000'),(5414,NULL,'wall_004',1120,NULL,NULL,NULL,NULL,NULL,NULL,'0000'),(5415,NULL,'wall_005',1121,NULL,NULL,NULL,NULL,NULL,NULL,'0000'),(5416,NULL,'wall_006',1122,NULL,NULL,NULL,NULL,NULL,NULL,'0000'),(5417,NULL,'wall_007',1123,NULL,NULL,NULL,NULL,NULL,NULL,'0000'),(5418,NULL,'wall_008',1123,NULL,NULL,NULL,NULL,NULL,NULL,'0000'),(5419,NULL,'wall_009',1124,NULL,NULL,NULL,NULL,NULL,NULL,'0000'),(5420,NULL,'wall_010',1125,NULL,NULL,NULL,NULL,NULL,NULL,'0000'),(5421,NULL,'wall_011',1126,NULL,NULL,NULL,NULL,NULL,NULL,'0000'),(5422,NULL,'wall_012',1127,NULL,NULL,NULL,NULL,NULL,NULL,'0000'),(5423,NULL,'wall_013',1128,NULL,NULL,NULL,NULL,NULL,NULL,'0000'),(5424,NULL,'wall_014',1129,NULL,NULL,NULL,NULL,NULL,NULL,'0000'),(5425,NULL,'wall_015',1130,NULL,NULL,NULL,NULL,NULL,NULL,'0000'),(5426,NULL,'wall_016',1131,NULL,NULL,NULL,NULL,NULL,NULL,'0000'),(5427,NULL,'wall_017',1133,NULL,NULL,NULL,NULL,NULL,NULL,'0000'),(5428,NULL,'wall',1135,NULL,NULL,NULL,NULL,NULL,NULL,'0000'),(5429,NULL,'wall_018',1137,NULL,NULL,NULL,NULL,NULL,NULL,'0000'),(5430,NULL,'wall_000',1138,NULL,NULL,NULL,NULL,NULL,NULL,'0004'),(5431,NULL,'wall_001',1140,NULL,NULL,NULL,NULL,NULL,NULL,'0004'),(5432,NULL,'wall_002',1141,NULL,NULL,NULL,NULL,NULL,NULL,'0004'),(5433,NULL,'wall_003',1142,NULL,NULL,NULL,NULL,NULL,NULL,'0004'),(5434,NULL,'wall_004',1143,NULL,NULL,NULL,NULL,NULL,NULL,'0004'),(5435,NULL,'wall_005',1144,NULL,NULL,NULL,NULL,NULL,NULL,'0004'),(5436,NULL,'wall_006',1145,NULL,NULL,NULL,NULL,NULL,NULL,'0004'),(5437,NULL,'wall_007',1146,NULL,NULL,NULL,NULL,NULL,NULL,'0004'),(5438,NULL,'wall_008',1146,NULL,NULL,NULL,NULL,NULL,NULL,'0004'),(5439,NULL,'wall_009',1147,NULL,NULL,NULL,NULL,NULL,NULL,'0004'),(5440,NULL,'wall_010',1148,NULL,NULL,NULL,NULL,NULL,NULL,'0004'),(5441,NULL,'wall_011',1149,NULL,NULL,NULL,NULL,NULL,NULL,'0004'),(5442,NULL,'wall_012',1150,NULL,NULL,NULL,NULL,NULL,NULL,'0004'),(5443,NULL,'wall_013',1151,NULL,NULL,NULL,NULL,NULL,NULL,'0004'),(5444,NULL,'wall_014',1152,NULL,NULL,NULL,NULL,NULL,NULL,'0004'),(5445,NULL,'wall_015',1153,NULL,NULL,NULL,NULL,NULL,NULL,'0004'),(5446,NULL,'wall_016',1154,NULL,NULL,NULL,NULL,NULL,NULL,'0004'),(5447,NULL,'wall_017',1156,NULL,NULL,NULL,NULL,NULL,NULL,'0004'),(5448,NULL,'wall',1158,NULL,NULL,NULL,NULL,NULL,NULL,'0004'),(5449,NULL,'wall_018',1159,NULL,NULL,NULL,NULL,NULL,NULL,'0004');
/*!40000 ALTER TABLE `Wall` ENABLE KEYS */;
UNLOCK TABLES;

--
-- Table structure for table `ZoneChange`
--

DROP TABLE IF EXISTS `ZoneChange`;
/*!40101 SET @saved_cs_client     = @@character_set_client */;
/*!40101 SET character_set_client = utf8 */;
CREATE TABLE `ZoneChange` (
  `id` int(11) NOT NULL AUTO_INCREMENT,
  `ChangeTime` datetime DEFAULT NULL,
  `Tag_id` varchar(20) COLLATE utf8_unicode_ci NOT NULL,
  `ZoneNew_id` varchar(20) COLLATE utf8_unicode_ci NOT NULL,
  PRIMARY KEY (`id`),
  KEY `ZoneChange_Tag_id_9b7de7a7_fk_Tag_TagId` (`Tag_id`),
  KEY `ZoneChange_ZoneNew_id_7408541c_fk_LoadLandscape_landscape_id` (`ZoneNew_id`),
  CONSTRAINT `ZoneChange_Tag_id_9b7de7a7_fk_Tag_TagId` FOREIGN KEY (`Tag_id`) REFERENCES `Tag` (`TagId`),
  CONSTRAINT `ZoneChange_ZoneNew_id_7408541c_fk_LoadLandscape_landscape_id` FOREIGN KEY (`ZoneNew_id`) REFERENCES `LoadLandscape` (`landscape_id`)
) ENGINE=InnoDB DEFAULT CHARSET=utf8 COLLATE=utf8_unicode_ci;
/*!40101 SET character_set_client = @saved_cs_client */;

--
-- Dumping data for table `ZoneChange`
--

LOCK TABLES `ZoneChange` WRITE;
/*!40000 ALTER TABLE `ZoneChange` DISABLE KEYS */;
/*!40000 ALTER TABLE `ZoneChange` ENABLE KEYS */;
UNLOCK TABLES;

--
-- Table structure for table `auth_group`
--

DROP TABLE IF EXISTS `auth_group`;
/*!40101 SET @saved_cs_client     = @@character_set_client */;
/*!40101 SET character_set_client = utf8 */;
CREATE TABLE `auth_group` (
  `id` int(11) NOT NULL AUTO_INCREMENT,
  `name` varchar(80) COLLATE utf8_unicode_ci NOT NULL,
  PRIMARY KEY (`id`),
  UNIQUE KEY `name` (`name`)
) ENGINE=InnoDB DEFAULT CHARSET=utf8 COLLATE=utf8_unicode_ci;
/*!40101 SET character_set_client = @saved_cs_client */;

--
-- Dumping data for table `auth_group`
--

LOCK TABLES `auth_group` WRITE;
/*!40000 ALTER TABLE `auth_group` DISABLE KEYS */;
/*!40000 ALTER TABLE `auth_group` ENABLE KEYS */;
UNLOCK TABLES;

--
-- Table structure for table `auth_group_permissions`
--

DROP TABLE IF EXISTS `auth_group_permissions`;
/*!40101 SET @saved_cs_client     = @@character_set_client */;
/*!40101 SET character_set_client = utf8 */;
CREATE TABLE `auth_group_permissions` (
  `id` int(11) NOT NULL AUTO_INCREMENT,
  `group_id` int(11) NOT NULL,
  `permission_id` int(11) NOT NULL,
  PRIMARY KEY (`id`),
  UNIQUE KEY `auth_group_permissions_group_id_0cd325b0_uniq` (`group_id`,`permission_id`),
  KEY `auth_group_permissi_permission_id_84c5c92e_fk_auth_permission_id` (`permission_id`),
  CONSTRAINT `auth_group_permissions_group_id_b120cbf9_fk_auth_group_id` FOREIGN KEY (`group_id`) REFERENCES `auth_group` (`id`),
  CONSTRAINT `auth_group_permissi_permission_id_84c5c92e_fk_auth_permission_id` FOREIGN KEY (`permission_id`) REFERENCES `auth_permission` (`id`)
) ENGINE=InnoDB DEFAULT CHARSET=utf8 COLLATE=utf8_unicode_ci;
/*!40101 SET character_set_client = @saved_cs_client */;

--
-- Dumping data for table `auth_group_permissions`
--

LOCK TABLES `auth_group_permissions` WRITE;
/*!40000 ALTER TABLE `auth_group_permissions` DISABLE KEYS */;
/*!40000 ALTER TABLE `auth_group_permissions` ENABLE KEYS */;
UNLOCK TABLES;

--
-- Table structure for table `auth_permission`
--

DROP TABLE IF EXISTS `auth_permission`;
/*!40101 SET @saved_cs_client     = @@character_set_client */;
/*!40101 SET character_set_client = utf8 */;
CREATE TABLE `auth_permission` (
  `id` int(11) NOT NULL AUTO_INCREMENT,
  `name` varchar(255) COLLATE utf8_unicode_ci NOT NULL,
  `content_type_id` int(11) NOT NULL,
  `codename` varchar(100) COLLATE utf8_unicode_ci NOT NULL,
  PRIMARY KEY (`id`),
  UNIQUE KEY `auth_permission_content_type_id_01ab375a_uniq` (`content_type_id`,`codename`),
  CONSTRAINT `auth_permissi_content_type_id_2f476e4b_fk_django_content_type_id` FOREIGN KEY (`content_type_id`) REFERENCES `django_content_type` (`id`)
) ENGINE=InnoDB AUTO_INCREMENT=307 DEFAULT CHARSET=utf8 COLLATE=utf8_unicode_ci;
/*!40101 SET character_set_client = @saved_cs_client */;

--
-- Dumping data for table `auth_permission`
--

LOCK TABLES `auth_permission` WRITE;
/*!40000 ALTER TABLE `auth_permission` DISABLE KEYS */;
INSERT INTO `auth_permission` VALUES (1,'Can add log entry',1,'add_logentry'),(2,'Can change log entry',1,'change_logentry'),(3,'Can delete log entry',1,'delete_logentry'),(4,'Can add permission',2,'add_permission'),(5,'Can change permission',2,'change_permission'),(6,'Can delete permission',2,'delete_permission'),(7,'Can add group',3,'add_group'),(8,'Can change group',3,'change_group'),(9,'Can delete group',3,'delete_group'),(10,'Can add user',4,'add_user'),(11,'Can change user',4,'change_user'),(12,'Can delete user',4,'delete_user'),(13,'Can add content type',5,'add_contenttype'),(14,'Can change content type',5,'change_contenttype'),(15,'Can delete content type',5,'delete_contenttype'),(16,'Can add session',6,'add_session'),(17,'Can change session',6,'change_session'),(18,'Can delete session',6,'delete_session'),(19,'Can add metka',7,'add_metka'),(20,'Can change metka',7,'change_metka'),(21,'Can delete metka',7,'delete_metka'),(22,'Can add data type',8,'add_datatype'),(23,'Can change data type',8,'change_datatype'),(24,'Can delete data type',8,'delete_datatype'),(25,'Can add field_ definition_ message',9,'add_field_definition_message'),(26,'Can change field_ definition_ message',9,'change_field_definition_message'),(27,'Can delete field_ definition_ message',9,'delete_field_definition_message'),(31,'Can add locate_ message_ definition_ message',11,'add_locate_message_definition_message'),(32,'Can change locate_ message_ definition_ message',11,'change_locate_message_definition_message'),(33,'Can delete locate_ message_ definition_ message',11,'delete_locate_message_definition_message'),(34,'Can add lmdm format',12,'add_lmdmformat'),(35,'Can change lmdm format',12,'change_lmdmformat'),(36,'Can delete lmdm format',12,'delete_lmdmformat'),(37,'Can add std0',13,'add_std0'),(38,'Can change std0',13,'change_std0'),(39,'Can delete std0',13,'delete_std0'),(40,'Can add task state',14,'add_taskmeta'),(41,'Can change task state',14,'change_taskmeta'),(42,'Can delete task state',14,'delete_taskmeta'),(43,'Can add saved group result',15,'add_tasksetmeta'),(44,'Can change saved group result',15,'change_tasksetmeta'),(45,'Can delete saved group result',15,'delete_tasksetmeta'),(46,'Can add interval',16,'add_intervalschedule'),(47,'Can change interval',16,'change_intervalschedule'),(48,'Can delete interval',16,'delete_intervalschedule'),(49,'Can add crontab',17,'add_crontabschedule'),(50,'Can change crontab',17,'change_crontabschedule'),(51,'Can delete crontab',17,'delete_crontabschedule'),(52,'Can add periodic tasks',18,'add_periodictasks'),(53,'Can change periodic tasks',18,'change_periodictasks'),(54,'Can delete periodic tasks',18,'delete_periodictasks'),(55,'Can add periodic task',19,'add_periodictask'),(56,'Can change periodic task',19,'change_periodictask'),(57,'Can delete periodic task',19,'delete_periodictask'),(58,'Can add worker',20,'add_workerstate'),(59,'Can change worker',20,'change_workerstate'),(60,'Can delete worker',20,'delete_workerstate'),(61,'Can add task',21,'add_taskstate'),(62,'Can change task',21,'change_taskstate'),(63,'Can delete task',21,'delete_taskstate'),(64,'Can add queue',22,'add_queue'),(65,'Can change queue',22,'change_queue'),(66,'Can delete queue',22,'delete_queue'),(67,'Can add message',23,'add_message'),(68,'Can change message',23,'change_message'),(69,'Can delete message',23,'delete_message'),(70,'Can add queue',24,'add_queue'),(71,'Can change queue',24,'change_queue'),(72,'Can delete queue',24,'delete_queue'),(73,'Can add message',25,'add_message'),(74,'Can change message',25,'change_message'),(75,'Can delete message',25,'delete_message'),(76,'Can add logs journal',26,'add_logsjournal'),(77,'Can change logs journal',26,'change_logsjournal'),(78,'Can delete logs journal',26,'delete_logsjournal'),(79,'Can add load landscape',27,'add_loadlandscape'),(80,'Can change load landscape',27,'change_loadlandscape'),(81,'Can delete load landscape',27,'delete_loadlandscape'),(82,'Can add building',28,'add_building'),(83,'Can change building',28,'change_building'),(84,'Can delete building',28,'delete_building'),(85,'Can add floor',29,'add_floor'),(86,'Can change floor',29,'change_floor'),(87,'Can delete floor',29,'delete_floor'),(88,'Can add kabinet_n_ outer',30,'add_kabinet_n_outer'),(89,'Can change kabinet_n_ outer',30,'change_kabinet_n_outer'),(90,'Can delete kabinet_n_ outer',30,'delete_kabinet_n_outer'),(91,'Can add wall',31,'add_wall'),(92,'Can change wall',31,'change_wall'),(93,'Can delete wall',31,'delete_wall'),(97,'Can add vertices building',33,'add_verticesbuilding'),(98,'Can change vertices building',33,'change_verticesbuilding'),(99,'Can delete vertices building',33,'delete_verticesbuilding'),(100,'Can add vertices floor',34,'add_verticesfloor'),(101,'Can change vertices floor',34,'change_verticesfloor'),(102,'Can delete vertices floor',34,'delete_verticesfloor'),(103,'Can add vertices kabinet_n_ outer',35,'add_verticeskabinet_n_outer'),(104,'Can change vertices kabinet_n_ outer',35,'change_verticeskabinet_n_outer'),(105,'Can delete vertices kabinet_n_ outer',35,'delete_verticeskabinet_n_outer'),(109,'Can add tag',37,'add_tag'),(110,'Can change tag',37,'change_tag'),(111,'Can delete tag',37,'delete_tag'),(112,'Can add zone change',38,'add_zonechange'),(113,'Can change zone change',38,'change_zonechange'),(114,'Can delete zone change',38,'delete_zonechange'),(115,'Can add bld change',39,'add_bldchange'),(116,'Can change bld change',39,'change_bldchange'),(117,'Can delete bld change',39,'delete_bldchange'),(118,'Can add flr change',40,'add_flrchange'),(119,'Can change flr change',40,'change_flrchange'),(120,'Can delete flr change',40,'delete_flrchange'),(121,'Can add kbnt change',41,'add_kbntchange'),(122,'Can change kbnt change',41,'change_kbntchange'),(123,'Can delete kbnt change',41,'delete_kbntchange'),(124,'Can add turn on off tag',42,'add_turnonofftag'),(125,'Can change turn on off tag',42,'change_turnonofftag'),(126,'Can delete turn on off tag',42,'delete_turnonofftag'),(127,'Can add tag group',43,'add_taggroup'),(128,'Can change tag group',43,'change_taggroup'),(129,'Can delete tag group',43,'delete_taggroup'),(130,'Can add tag group_ tag',44,'add_taggroup_tag'),(131,'Can change tag group_ tag',44,'change_taggroup_tag'),(132,'Can delete tag group_ tag',44,'delete_taggroup_tag'),(133,'Can add tag type',45,'add_tagtype'),(134,'Can change tag type',45,'change_tagtype'),(135,'Can delete tag type',45,'delete_tagtype'),(136,'Can add landscape color',46,'add_landscapecolor'),(137,'Can change landscape color',46,'change_landscapecolor'),(138,'Can delete landscape color',46,'delete_landscapecolor'),(139,'Can add building color',47,'add_buildingcolor'),(140,'Can change building color',47,'change_buildingcolor'),(141,'Can delete building color',47,'delete_buildingcolor'),(142,'Can add floor color',48,'add_floorcolor'),(143,'Can change floor color',48,'change_floorcolor'),(144,'Can delete floor color',48,'delete_floorcolor'),(145,'Can add kabinet color',49,'add_kabinetcolor'),(146,'Can change kabinet color',49,'change_kabinetcolor'),(147,'Can delete kabinet color',49,'delete_kabinetcolor'),(148,'Can add building income zone',50,'add_buildingincomezone'),(149,'Can change building income zone',50,'change_buildingincomezone'),(150,'Can delete building income zone',50,'delete_buildingincomezone'),(151,'Can add floor income zone',51,'add_floorincomezone'),(152,'Can change floor income zone',51,'change_floorincomezone'),(153,'Can delete floor income zone',51,'delete_floorincomezone'),(154,'Can add kabinet income zone',52,'add_kabinetincomezone'),(155,'Can change kabinet income zone',52,'change_kabinetincomezone'),(156,'Can delete kabinet income zone',52,'delete_kabinetincomezone'),(157,'Can add income zone',53,'add_incomezone'),(158,'Can change income zone',53,'change_incomezone'),(159,'Can delete income zone',53,'delete_incomezone'),(160,'Can add vertices income zone',54,'add_verticesincomezone'),(161,'Can change vertices income zone',54,'change_verticesincomezone'),(162,'Can delete vertices income zone',54,'delete_verticesincomezone'),(163,'Can add exclude zone',55,'add_excludezone'),(164,'Can change exclude zone',55,'change_excludezone'),(165,'Can delete exclude zone',55,'delete_excludezone'),(166,'Can add vertices exclude zone',56,'add_verticesexcludezone'),(167,'Can change vertices exclude zone',56,'change_verticesexcludezone'),(168,'Can delete vertices exclude zone',56,'delete_verticesexcludezone'),(169,'Can add building exclude zone',57,'add_buildingexcludezone'),(170,'Can change building exclude zone',57,'change_buildingexcludezone'),(171,'Can delete building exclude zone',57,'delete_buildingexcludezone'),(172,'Can add floor exclude zone',58,'add_floorexcludezone'),(173,'Can change floor exclude zone',58,'change_floorexcludezone'),(174,'Can delete floor exclude zone',58,'delete_floorexcludezone'),(175,'Can add kabinet exclude zone',59,'add_kabinetexcludezone'),(176,'Can change kabinet exclude zone',59,'change_kabinetexcludezone'),(177,'Can delete kabinet exclude zone',59,'delete_kabinetexcludezone'),(178,'Can add user zone',60,'add_userzone'),(179,'Can change user zone',60,'change_userzone'),(180,'Can delete user zone',60,'delete_userzone'),(181,'Can add vertices user zone',61,'add_verticesuserzone'),(182,'Can change vertices user zone',61,'change_verticesuserzone'),(183,'Can delete vertices user zone',61,'delete_verticesuserzone'),(184,'Can add load landscape user zone',62,'add_loadlandscapeuserzone'),(185,'Can change load landscape user zone',62,'change_loadlandscapeuserzone'),(186,'Can delete load landscape user zone',62,'delete_loadlandscapeuserzone'),(187,'Can add building user zone',63,'add_buildinguserzone'),(188,'Can change building user zone',63,'change_buildinguserzone'),(189,'Can delete building user zone',63,'delete_buildinguserzone'),(190,'Can add floor user zone',64,'add_flooruserzone'),(191,'Can change floor user zone',64,'change_flooruserzone'),(192,'Can delete floor user zone',64,'delete_flooruserzone'),(196,'Can add group user zone',66,'add_groupuserzone'),(197,'Can change group user zone',66,'change_groupuserzone'),(198,'Can delete group user zone',66,'delete_groupuserzone'),(199,'Can add group user zone user zone',67,'add_groupuserzoneuserzone'),(200,'Can change group user zone user zone',67,'change_groupuserzoneuserzone'),(201,'Can delete group user zone user zone',67,'delete_groupuserzoneuserzone'),(202,'Can add kabinet user zone',68,'add_kabinetuserzone'),(203,'Can change kabinet user zone',68,'change_kabinetuserzone'),(204,'Can delete kabinet user zone',68,'delete_kabinetuserzone'),(205,'Can add income zone user zone',69,'add_incomezoneuserzone'),(206,'Can change income zone user zone',69,'change_incomezoneuserzone'),(207,'Can delete income zone user zone',69,'delete_incomezoneuserzone'),(208,'Can add exclude zone user zone',70,'add_excludezoneuserzone'),(209,'Can change exclude zone user zone',70,'change_excludezoneuserzone'),(210,'Can delete exclude zone user zone',70,'delete_excludezoneuserzone'),(211,'Can add tag floor order',71,'add_tagfloororder'),(212,'Can change tag floor order',71,'change_tagfloororder'),(213,'Can delete tag floor order',71,'delete_tagfloororder'),(214,'Can add tag kabinet order',72,'add_tagkabinetorder'),(215,'Can change tag kabinet order',72,'change_tagkabinetorder'),(216,'Can delete tag kabinet order',72,'delete_tagkabinetorder'),(217,'Can add tag uzone user order',73,'add_taguzoneuserorder'),(218,'Can change tag uzone user order',73,'change_taguzoneuserorder'),(219,'Can delete tag uzone user order',73,'delete_taguzoneuserorder'),(220,'Can add tag out of building',74,'add_tagoutofbuilding'),(221,'Can change tag out of building',74,'change_tagoutofbuilding'),(222,'Can delete tag out of building',74,'delete_tagoutofbuilding'),(223,'Can add tag no uzone',75,'add_tagnouzone'),(224,'Can change tag no uzone',75,'change_tagnouzone'),(225,'Can delete tag no uzone',75,'delete_tagnouzone'),(226,'Can add report',76,'add_report'),(227,'Can change report',76,'change_report'),(228,'Can delete report',76,'delete_report'),(229,'Can add report user',77,'add_reportuser'),(230,'Can change report user',77,'change_reportuser'),(231,'Can delete report user',77,'delete_reportuser'),(235,'Can add report parameter',79,'add_reportparameter'),(236,'Can change report parameter',79,'change_reportparameter'),(237,'Can delete report parameter',79,'delete_reportparameter'),(238,'Can add parameter',80,'add_parameter'),(239,'Can change parameter',80,'change_parameter'),(240,'Can delete parameter',80,'delete_parameter'),(259,'Can add object type',87,'add_objecttype'),(260,'Can change object type',87,'change_objecttype'),(261,'Can delete object type',87,'delete_objecttype'),(262,'Can add object',88,'add_object'),(263,'Can change object',88,'change_object'),(264,'Can delete object',88,'delete_object'),(265,'Can add object object type',89,'add_objectobjecttype'),(266,'Can change object object type',89,'change_objectobjecttype'),(267,'Can delete object object type',89,'delete_objectobjecttype'),(268,'Can add object building',90,'add_objectbuilding'),(269,'Can change object building',90,'change_objectbuilding'),(270,'Can delete object building',90,'delete_objectbuilding'),(271,'Can add object floor',91,'add_objectfloor'),(272,'Can change object floor',91,'change_objectfloor'),(273,'Can delete object floor',91,'delete_objectfloor'),(274,'Can add object kabinet',92,'add_objectkabinet'),(275,'Can change object kabinet',92,'change_objectkabinet'),(276,'Can delete object kabinet',92,'delete_objectkabinet'),(280,'Can add command',94,'add_command'),(281,'Can change command',94,'change_command'),(282,'Can delete command',94,'delete_command'),(283,'Can add session layer',95,'add_sessionlayer'),(284,'Can change session layer',95,'change_sessionlayer'),(285,'Can delete session layer',95,'delete_sessionlayer'),(286,'Can add session plan',96,'add_sessionplan'),(287,'Can change session plan',96,'change_sessionplan'),(288,'Can delete session plan',96,'delete_sessionplan'),(289,'Can add session plan tree',97,'add_sessionplantree'),(290,'Can change session plan tree',97,'change_sessionplantree'),(291,'Can delete session plan tree',97,'delete_sessionplantree'),(292,'Can add session table',98,'add_sessiontable'),(293,'Can change session table',98,'change_sessiontable'),(294,'Can delete session table',98,'delete_sessiontable'),(295,'Can add report uzone',99,'add_reportuzone'),(296,'Can change report uzone',99,'change_reportuzone'),(297,'Can delete report uzone',99,'delete_reportuzone'),(298,'Can add report structure',100,'add_reportstructure'),(299,'Can change report structure',100,'change_reportstructure'),(300,'Can delete report structure',100,'delete_reportstructure'),(301,'Can add node',101,'add_node'),(302,'Can change node',101,'change_node'),(303,'Can delete node',101,'delete_node'),(304,'Can add tag node',102,'add_tagnode'),(305,'Can change tag node',102,'change_tagnode'),(306,'Can delete tag node',102,'delete_tagnode');
/*!40000 ALTER TABLE `auth_permission` ENABLE KEYS */;
UNLOCK TABLES;

--
-- Table structure for table `auth_user`
--

DROP TABLE IF EXISTS `auth_user`;
/*!40101 SET @saved_cs_client     = @@character_set_client */;
/*!40101 SET character_set_client = utf8 */;
CREATE TABLE `auth_user` (
  `id` int(11) NOT NULL AUTO_INCREMENT,
  `password` varchar(128) COLLATE utf8_unicode_ci NOT NULL,
  `last_login` datetime DEFAULT NULL,
  `is_superuser` tinyint(1) NOT NULL,
  `username` varchar(30) COLLATE utf8_unicode_ci NOT NULL,
  `first_name` varchar(30) COLLATE utf8_unicode_ci NOT NULL,
  `last_name` varchar(30) COLLATE utf8_unicode_ci NOT NULL,
  `email` varchar(254) COLLATE utf8_unicode_ci NOT NULL,
  `is_staff` tinyint(1) NOT NULL,
  `is_active` tinyint(1) NOT NULL,
  `date_joined` datetime NOT NULL,
  PRIMARY KEY (`id`),
  UNIQUE KEY `username` (`username`)
) ENGINE=InnoDB AUTO_INCREMENT=4 DEFAULT CHARSET=utf8 COLLATE=utf8_unicode_ci;
/*!40101 SET character_set_client = @saved_cs_client */;

--
-- Dumping data for table `auth_user`
--

LOCK TABLES `auth_user` WRITE;
/*!40000 ALTER TABLE `auth_user` DISABLE KEYS */;
INSERT INTO `auth_user` VALUES (1,'pbkdf2_sha256$24000$PfcTBp3IxYfc$wo9hsLj95kNQ+Owq4bSRtbuNSW8gnXw81vdkedkgzwQ=','2016-05-13 15:20:15',1,'ancel','','','ancelada-music@gmail.com',1,1,'2015-12-25 05:44:49'),(2,'pbkdf2_sha256$24000$r8O0ExFewoBy$Sf2m5wExktgP77a/vySonlqwj1nR+K7o4NidPemn6bk=','2016-04-26 09:49:55',0,'user','','','',0,1,'2016-02-01 05:28:59'),(3,'pbkdf2_sha256$24000$sDFMvsjVLFws$pnPbsv25ul+P2fQeWa4e81Fvt6kX2Uhf2ShthFj2oXk=','2016-02-01 13:20:11',0,'user2','','','',0,1,'2016-02-01 12:02:12');
/*!40000 ALTER TABLE `auth_user` ENABLE KEYS */;
UNLOCK TABLES;

--
-- Table structure for table `auth_user_groups`
--

DROP TABLE IF EXISTS `auth_user_groups`;
/*!40101 SET @saved_cs_client     = @@character_set_client */;
/*!40101 SET character_set_client = utf8 */;
CREATE TABLE `auth_user_groups` (
  `id` int(11) NOT NULL AUTO_INCREMENT,
  `user_id` int(11) NOT NULL,
  `group_id` int(11) NOT NULL,
  PRIMARY KEY (`id`),
  UNIQUE KEY `auth_user_groups_user_id_94350c0c_uniq` (`user_id`,`group_id`),
  KEY `auth_user_groups_group_id_97559544_fk_auth_group_id` (`group_id`),
  CONSTRAINT `auth_user_groups_group_id_97559544_fk_auth_group_id` FOREIGN KEY (`group_id`) REFERENCES `auth_group` (`id`),
  CONSTRAINT `auth_user_groups_user_id_6a12ed8b_fk_auth_user_id` FOREIGN KEY (`user_id`) REFERENCES `auth_user` (`id`)
) ENGINE=InnoDB DEFAULT CHARSET=utf8 COLLATE=utf8_unicode_ci;
/*!40101 SET character_set_client = @saved_cs_client */;

--
-- Dumping data for table `auth_user_groups`
--

LOCK TABLES `auth_user_groups` WRITE;
/*!40000 ALTER TABLE `auth_user_groups` DISABLE KEYS */;
/*!40000 ALTER TABLE `auth_user_groups` ENABLE KEYS */;
UNLOCK TABLES;

--
-- Table structure for table `auth_user_user_permissions`
--

DROP TABLE IF EXISTS `auth_user_user_permissions`;
/*!40101 SET @saved_cs_client     = @@character_set_client */;
/*!40101 SET character_set_client = utf8 */;
CREATE TABLE `auth_user_user_permissions` (
  `id` int(11) NOT NULL AUTO_INCREMENT,
  `user_id` int(11) NOT NULL,
  `permission_id` int(11) NOT NULL,
  PRIMARY KEY (`id`),
  UNIQUE KEY `auth_user_user_permissions_user_id_14a6b632_uniq` (`user_id`,`permission_id`),
  KEY `auth_user_user_perm_permission_id_1fbb5f2c_fk_auth_permission_id` (`permission_id`),
  CONSTRAINT `auth_user_user_permissions_user_id_a95ead1b_fk_auth_user_id` FOREIGN KEY (`user_id`) REFERENCES `auth_user` (`id`),
  CONSTRAINT `auth_user_user_perm_permission_id_1fbb5f2c_fk_auth_permission_id` FOREIGN KEY (`permission_id`) REFERENCES `auth_permission` (`id`)
) ENGINE=InnoDB DEFAULT CHARSET=utf8 COLLATE=utf8_unicode_ci;
/*!40101 SET character_set_client = @saved_cs_client */;

--
-- Dumping data for table `auth_user_user_permissions`
--

LOCK TABLES `auth_user_user_permissions` WRITE;
/*!40000 ALTER TABLE `auth_user_user_permissions` DISABLE KEYS */;
/*!40000 ALTER TABLE `auth_user_user_permissions` ENABLE KEYS */;
UNLOCK TABLES;

--
-- Table structure for table `django_admin_log`
--

DROP TABLE IF EXISTS `django_admin_log`;
/*!40101 SET @saved_cs_client     = @@character_set_client */;
/*!40101 SET character_set_client = utf8 */;
CREATE TABLE `django_admin_log` (
  `id` int(11) NOT NULL AUTO_INCREMENT,
  `action_time` datetime NOT NULL,
  `object_id` longtext COLLATE utf8_unicode_ci,
  `object_repr` varchar(200) COLLATE utf8_unicode_ci NOT NULL,
  `action_flag` smallint(5) unsigned NOT NULL,
  `change_message` longtext COLLATE utf8_unicode_ci NOT NULL,
  `content_type_id` int(11) DEFAULT NULL,
  `user_id` int(11) NOT NULL,
  PRIMARY KEY (`id`),
  KEY `django_admin__content_type_id_c4bce8eb_fk_django_content_type_id` (`content_type_id`),
  KEY `django_admin_log_user_id_c564eba6_fk_auth_user_id` (`user_id`),
  CONSTRAINT `django_admin_log_user_id_c564eba6_fk_auth_user_id` FOREIGN KEY (`user_id`) REFERENCES `auth_user` (`id`),
  CONSTRAINT `django_admin__content_type_id_c4bce8eb_fk_django_content_type_id` FOREIGN KEY (`content_type_id`) REFERENCES `django_content_type` (`id`)
) ENGINE=InnoDB AUTO_INCREMENT=78 DEFAULT CHARSET=utf8 COLLATE=utf8_unicode_ci;
/*!40101 SET character_set_client = @saved_cs_client */;

--
-- Dumping data for table `django_admin_log`
--

LOCK TABLES `django_admin_log` WRITE;
/*!40000 ALTER TABLE `django_admin_log` DISABLE KEYS */;
INSERT INTO `django_admin_log` VALUES (1,'2015-12-25 05:52:57','1','Std0',1,'Добавлено.',NULL,1),(2,'2015-12-25 05:53:05','2','Std1',1,'Добавлено.',NULL,1),(3,'2015-12-25 05:54:15','1','Locate_Message_Definition_Message object',1,'Добавлено.',11,1),(4,'2015-12-25 05:57:11','2','LabD',1,'Добавлено.',11,1),(5,'2015-12-25 05:58:23','3','Std2',1,'Добавлено.',NULL,1),(6,'2015-12-25 05:58:35','4','NGLL',1,'Добавлено.',NULL,1),(7,'2016-01-14 11:03:17','10','String',3,'',8,1),(8,'2016-01-14 11:03:17','9','NmeaTime',3,'',8,1),(9,'2016-01-14 11:03:17','8','NmeaLongitude',3,'',8,1),(10,'2016-01-14 11:03:17','7','NmeaLatitude',3,'',8,1),(11,'2016-01-14 11:03:17','6','NmeaAddress',3,'',8,1),(12,'2016-01-14 11:03:17','5','Hex8',3,'',8,1),(13,'2016-01-14 11:03:17','4','Hex4',3,'',8,1),(14,'2016-01-14 11:03:17','3','Hex2',3,'',8,1),(15,'2016-01-14 11:03:17','2','Hex1',3,'',8,1),(16,'2016-01-14 11:03:17','1','DateTime64',3,'',8,1),(17,'2016-02-01 05:29:00','2','user',1,'Добавлено.',4,1),(18,'2016-02-01 05:29:32','2','user',2,'Ни одно поле не изменено.',4,1),(19,'2016-02-01 12:02:12','3','user2',1,'Добавлено.',4,1),(20,'2016-02-01 12:02:31','3','user2',2,'Ни одно поле не изменено.',4,1),(21,'2016-03-03 08:34:40','1','TagGroup object',1,'Добавлено.',43,1),(22,'2016-03-03 11:02:36','2','Тестовая группа 2',1,'Добавлено.',43,1),(23,'2016-03-04 16:33:39','2','Тестовая группа 2',3,'',43,1),(24,'2016-03-04 16:33:59','1','testingGroup',3,'',43,1),(25,'2016-03-04 16:34:40','00000a1','00000a1',1,'Добавлено.',37,1),(26,'2016-03-04 17:09:56','00000074','00000074',1,'Добавлено.',37,1),(27,'2016-03-05 20:01:18','4','',3,'',43,1),(28,'2016-03-09 10:01:40','1','TagType object',1,'Добавлено.',45,1),(29,'2016-03-09 10:03:11','2','товарно-материальная ценность',1,'Добавлено.',45,1),(30,'2016-04-08 17:25:53','1','Report object',1,'Добавлено.',76,1),(31,'2016-04-08 17:30:28','1','ReportUser object',1,'Добавлено.',77,1),(32,'2016-04-11 09:18:43','1','Parameter object',1,'Добавлено.',80,1),(33,'2016-04-11 09:18:52','2','Parameter object',1,'Добавлено.',80,1),(34,'2016-04-11 09:19:51','3','Подразделение',1,'Добавлено.',80,1),(35,'2016-04-11 09:20:13','1','ReportParameter object',1,'Добавлено.',79,1),(36,'2016-04-11 09:20:19','2','ReportParameter object',1,'Добавлено.',79,1),(37,'2016-04-11 09:20:26','3','ReportParameter object',1,'Добавлено.',79,1),(38,'2016-04-11 14:32:01','1','Хронология перемещений за период (1 метка)',2,'Изменен Name.',76,1),(39,'2016-04-12 13:16:51','3','Подразделение',2,'Изменен domName.',80,1),(40,'2016-04-12 13:17:05','2','Интервал',2,'Изменен domName.',80,1),(41,'2016-04-12 13:17:21','1','Идентификатор',2,'Изменен domName.',80,1),(42,'2016-04-18 16:23:37','1','Object object',1,'Добавлено.',NULL,1),(43,'2016-04-18 16:24:24','2','Роутер',1,'Добавлено.',NULL,1),(44,'2016-04-19 08:38:15','1','Координатор',1,'Добавлено.',NULL,1),(45,'2016-04-19 08:38:25','2','Роутер',1,'Добавлено.',NULL,1),(46,'2016-04-20 15:51:03','2','Роутер',2,'Изменен Command.',NULL,1),(47,'2016-04-20 15:51:33','1','Координатор',2,'Изменен Command.',NULL,1),(48,'2016-04-22 12:04:45','2','Роутер',2,'Изменен CommandList.',NULL,1),(49,'2016-04-22 12:04:59','1','Координатор',2,'Изменен CommandList.',NULL,1),(50,'2016-04-22 13:21:12','1','Координатор',2,'Изменен CommandList.',NULL,1),(51,'2016-04-22 16:39:50','1','Координатор',1,'Добавлено.',87,1),(52,'2016-04-22 16:40:20','2','Роутер',1,'Добавлено.',87,1),(53,'2016-04-25 14:32:57','2','Роутер',2,'Изменен CommandDelete.',87,1),(54,'2016-04-25 14:33:11','1','Координатор',2,'Изменен CommandDelete.',87,1),(55,'2016-04-26 08:56:07','1','Координатор',2,'Изменен CommandUpdate.',87,1),(56,'2016-04-26 08:56:59','2','Роутер',2,'Изменен CommandUpdate.',87,1),(57,'2016-04-26 13:58:49','2','Роутер',2,'Изменен Name_eng.',87,1),(58,'2016-04-26 13:59:00','1','Координатор',2,'Изменен Name_eng.',87,1),(59,'2016-04-27 14:34:02','1','saveNewSession',1,'Добавлено.',94,1),(60,'2016-04-27 14:34:48','2','loadSession',1,'Добавлено.',94,1),(61,'2016-04-27 14:35:02','3','getListSessions',1,'Добавлено.',94,1),(62,'2016-04-27 14:35:13','4','deleteSession',1,'Добавлено.',94,1),(63,'2016-04-27 14:35:24','5','updateSession',1,'Добавлено.',94,1),(64,'2016-05-04 14:04:56','2','Распределение времени перемещений за период (1 метка)',1,'Добавлено.',76,1),(65,'2016-05-04 14:05:58','1','ReportUser object',2,'Ни одно поле не изменено.',77,1),(66,'2016-05-04 14:06:06','2','ReportUser object',1,'Добавлено.',77,1),(67,'2016-05-04 14:06:48','4','ReportParameter object',1,'Добавлено.',79,1),(68,'2016-05-04 14:06:55','5','ReportParameter object',1,'Добавлено.',79,1),(69,'2016-05-04 14:06:59','6','ReportParameter object',1,'Добавлено.',79,1),(70,'2016-05-04 14:58:03','1','structuretable.html',1,'Добавлено.',100,1),(71,'2016-05-04 14:59:13','1','uzonetable.html',1,'Добавлено.',99,1),(72,'2016-05-04 16:00:52','2','structurelengthdiagram.html',1,'Добавлено.',100,1),(73,'2016-05-04 16:01:54','2','uzonelengthdiagram',1,'Добавлено.',99,1),(74,'2016-05-04 16:02:12','2','uzonelengthdiagram.html',2,'Изменен TemplateFileName.',99,1),(75,'2016-05-07 16:12:58','6','addPlanToSession',1,'Добавлено.',94,1),(76,'2016-05-12 14:35:30','3','Денис Петров',1,'Добавлено.',101,1),(77,'2016-05-12 14:36:37','1','TagNode object',1,'Добавлено.',102,1);
/*!40000 ALTER TABLE `django_admin_log` ENABLE KEYS */;
UNLOCK TABLES;

--
-- Table structure for table `django_content_type`
--

DROP TABLE IF EXISTS `django_content_type`;
/*!40101 SET @saved_cs_client     = @@character_set_client */;
/*!40101 SET character_set_client = utf8 */;
CREATE TABLE `django_content_type` (
  `id` int(11) NOT NULL AUTO_INCREMENT,
  `app_label` varchar(100) COLLATE utf8_unicode_ci NOT NULL,
  `model` varchar(100) COLLATE utf8_unicode_ci NOT NULL,
  PRIMARY KEY (`id`),
  UNIQUE KEY `django_content_type_app_label_76bd3d3b_uniq` (`app_label`,`model`)
) ENGINE=InnoDB AUTO_INCREMENT=103 DEFAULT CHARSET=utf8 COLLATE=utf8_unicode_ci;
/*!40101 SET character_set_client = @saved_cs_client */;

--
-- Dumping data for table `django_content_type`
--

LOCK TABLES `django_content_type` WRITE;
/*!40000 ALTER TABLE `django_content_type` DISABLE KEYS */;
INSERT INTO `django_content_type` VALUES (1,'admin','logentry'),(3,'auth','group'),(2,'auth','permission'),(4,'auth','user'),(5,'contenttypes','contenttype'),(17,'djcelery','crontabschedule'),(16,'djcelery','intervalschedule'),(19,'djcelery','periodictask'),(18,'djcelery','periodictasks'),(14,'djcelery','taskmeta'),(15,'djcelery','tasksetmeta'),(21,'djcelery','taskstate'),(20,'djcelery','workerstate'),(23,'djkombu','message'),(22,'djkombu','queue'),(25,'kombu_transport_django','message'),(24,'kombu_transport_django','queue'),(39,'mainapp','bldchange'),(28,'mainapp','building'),(47,'mainapp','buildingcolor'),(57,'mainapp','buildingexcludezone'),(50,'mainapp','buildingincomezone'),(63,'mainapp','buildinguserzone'),(94,'mainapp','command'),(8,'mainapp','datatype'),(55,'mainapp','excludezone'),(70,'mainapp','excludezoneuserzone'),(9,'mainapp','field_definition_message'),(29,'mainapp','floor'),(48,'mainapp','floorcolor'),(58,'mainapp','floorexcludezone'),(51,'mainapp','floorincomezone'),(64,'mainapp','flooruserzone'),(40,'mainapp','flrchange'),(66,'mainapp','groupuserzone'),(67,'mainapp','groupuserzoneuserzone'),(53,'mainapp','incomezone'),(69,'mainapp','incomezoneuserzone'),(30,'mainapp','kabinet_n_outer'),(49,'mainapp','kabinetcolor'),(59,'mainapp','kabinetexcludezone'),(52,'mainapp','kabinetincomezone'),(68,'mainapp','kabinetuserzone'),(41,'mainapp','kbntchange'),(46,'mainapp','landscapecolor'),(12,'mainapp','lmdmformat'),(27,'mainapp','loadlandscape'),(62,'mainapp','loadlandscapeuserzone'),(11,'mainapp','locate_message_definition_message'),(26,'mainapp','logsjournal'),(7,'mainapp','metka'),(101,'mainapp','node'),(88,'mainapp','object'),(90,'mainapp','objectbuilding'),(91,'mainapp','objectfloor'),(92,'mainapp','objectkabinet'),(89,'mainapp','objectobjecttype'),(87,'mainapp','objecttype'),(95,'mainapp','sessionlayer'),(96,'mainapp','sessionplan'),(97,'mainapp','sessionplantree'),(98,'mainapp','sessiontable'),(13,'mainapp','std0'),(37,'mainapp','tag'),(71,'mainapp','tagfloororder'),(43,'mainapp','taggroup'),(44,'mainapp','taggroup_tag'),(72,'mainapp','tagkabinetorder'),(102,'mainapp','tagnode'),(75,'mainapp','tagnouzone'),(74,'mainapp','tagoutofbuilding'),(45,'mainapp','tagtype'),(73,'mainapp','taguzoneuserorder'),(42,'mainapp','turnonofftag'),(60,'mainapp','userzone'),(33,'mainapp','verticesbuilding'),(56,'mainapp','verticesexcludezone'),(34,'mainapp','verticesfloor'),(54,'mainapp','verticesincomezone'),(35,'mainapp','verticeskabinet_n_outer'),(61,'mainapp','verticesuserzone'),(31,'mainapp','wall'),(38,'mainapp','zonechange'),(80,'report','parameter'),(76,'report','report'),(79,'report','reportparameter'),(100,'report','reportstructure'),(77,'report','reportuser'),(99,'report','reportuzone'),(6,'sessions','session');
/*!40000 ALTER TABLE `django_content_type` ENABLE KEYS */;
UNLOCK TABLES;

--
-- Table structure for table `django_migrations`
--

DROP TABLE IF EXISTS `django_migrations`;
/*!40101 SET @saved_cs_client     = @@character_set_client */;
/*!40101 SET character_set_client = utf8 */;
CREATE TABLE `django_migrations` (
  `id` int(11) NOT NULL AUTO_INCREMENT,
  `app` varchar(255) COLLATE utf8_unicode_ci NOT NULL,
  `name` varchar(255) COLLATE utf8_unicode_ci NOT NULL,
  `applied` datetime NOT NULL,
  PRIMARY KEY (`id`)
) ENGINE=InnoDB AUTO_INCREMENT=208 DEFAULT CHARSET=utf8 COLLATE=utf8_unicode_ci;
/*!40101 SET character_set_client = @saved_cs_client */;

--
-- Dumping data for table `django_migrations`
--

LOCK TABLES `django_migrations` WRITE;
/*!40000 ALTER TABLE `django_migrations` DISABLE KEYS */;
INSERT INTO `django_migrations` VALUES (1,'contenttypes','0001_initial','2015-12-25 05:07:38'),(2,'auth','0001_initial','2015-12-25 05:07:42'),(3,'admin','0001_initial','2015-12-25 05:07:43'),(4,'admin','0002_logentry_remove_auto_add','2015-12-25 05:07:43'),(5,'contenttypes','0002_remove_content_type_name','2015-12-25 05:07:44'),(6,'auth','0002_alter_permission_name_max_length','2015-12-25 05:07:44'),(7,'auth','0003_alter_user_email_max_length','2015-12-25 05:07:44'),(8,'auth','0004_alter_user_username_opts','2015-12-25 05:07:45'),(9,'auth','0005_alter_user_last_login_null','2015-12-25 05:07:45'),(10,'auth','0006_require_contenttypes_0002','2015-12-25 05:07:45'),(11,'auth','0007_alter_validators_add_error_messages','2015-12-25 05:07:45'),(12,'mainapp','0001_initial','2015-12-25 05:07:46'),(13,'sessions','0001_initial','2015-12-25 05:07:47'),(14,'mainapp','0002_auto_20151225_0912','2015-12-25 06:12:52'),(15,'mainapp','0003_std0','2015-12-25 11:38:02'),(16,'mainapp','0004_std0_dateimport','2016-01-04 09:29:14'),(17,'mainapp','0005_auto_20160104_1445','2016-01-04 11:45:22'),(18,'mainapp','0006_auto_20160104_1515','2016-01-04 12:16:00'),(19,'mainapp','0007_auto_20160111_0801','2016-01-11 05:01:41'),(20,'mainapp','0008_metka_dateimport','2016-01-12 09:08:58'),(21,'mainapp','0009_auto_20160112_1401','2016-01-12 11:01:53'),(22,'mainapp','0010_metka_readed','2016-01-12 11:51:53'),(23,'djcelery','0001_initial','2016-01-13 11:34:50'),(24,'kombu_transport_django','0001_initial','2016-01-13 11:50:59'),(25,'mainapp','0011_logsjournal','2016-01-14 04:17:57'),(26,'mainapp','0012_std0_timedelta','2016-01-14 06:13:42'),(27,'mainapp','0013_loadlandscape','2016-01-27 11:31:20'),(28,'mainapp','0014_auto_20160127_1435','2016-01-27 11:35:23'),(29,'mainapp','0015_auto_20160127_1438','2016-01-27 11:38:36'),(30,'mainapp','0016_auto_20160127_1452','2016-01-27 11:52:44'),(31,'mainapp','0017_building','2016-01-27 12:09:15'),(32,'mainapp','0018_auto_20160127_1513','2016-01-27 12:13:45'),(33,'mainapp','0019_kabinet_n_outer_wall','2016-01-27 12:18:52'),(34,'mainapp','0013_auto_20160127_1934','2016-01-27 16:34:38'),(35,'mainapp','0013_auto_20160128_0923','2016-01-28 06:23:10'),(36,'mainapp','0014_auto_20160128_1030','2016-01-28 07:30:34'),(37,'mainapp','0013_auto_20160128_1035','2016-01-28 07:36:26'),(38,'mainapp','0014_order','2016-01-30 13:18:51'),(39,'mainapp','0015_auto_20160131_1152','2016-01-31 08:52:22'),(40,'mainapp','0016_auto_20160215_0735','2016-02-15 04:36:09'),(41,'mainapp','0017_auto_20160215_0739','2016-02-15 04:40:11'),(42,'mainapp','0018_auto_20160215_0740','2016-02-15 04:40:34'),(43,'mainapp','0019_auto_20160215_0740','2016-02-15 04:41:26'),(44,'mainapp','0020_auto_20160215_0751','2016-02-15 04:52:17'),(45,'mainapp','0021_remove_loadlandscape_landscape_source','2016-02-15 04:52:18'),(46,'mainapp','0022_loadlandscape_landscape_source','2016-02-15 04:52:44'),(47,'mainapp','0023_auto_20160215_0752','2016-02-15 04:53:50'),(48,'mainapp','0024_auto_20160215_0753','2016-02-15 04:53:50'),(49,'mainapp','0025_auto_20160215_0758','2016-02-15 04:58:42'),(50,'mainapp','0026_auto_20160215_0806','2016-02-15 05:06:37'),(51,'mainapp','0027_auto_20160215_0842','2016-02-15 05:42:34'),(52,'mainapp','0028_auto_20160215_0846','2016-02-15 05:46:44'),(53,'mainapp','0029_auto_20160215_0854','2016-02-15 05:54:52'),(54,'mainapp','0030_tag','2016-02-15 13:01:53'),(55,'mainapp','0031_bldchange_flrchange_kbntchange_zonechange','2016-02-15 13:03:12'),(56,'mainapp','0032_auto_20160224_1617','2016-02-24 16:17:59'),(57,'mainapp','0033_auto_20160225_0953','2016-02-25 09:53:48'),(58,'mainapp','0034_auto_20160225_1617','2016-02-25 16:17:50'),(59,'mainapp','0035_turnonofftag','2016-02-28 15:57:11'),(60,'mainapp','0036_auto_20160303_0815','2016-03-03 08:15:43'),(61,'mainapp','0037_taggroup','2016-03-03 08:31:00'),(62,'mainapp','0038_auto_20160303_0834','2016-03-03 08:34:10'),(63,'mainapp','0039_tag_taggroup','2016-03-03 08:36:46'),(64,'mainapp','0040_auto_20160303_0840','2016-03-03 08:40:23'),(65,'mainapp','0041_remove_tag_group','2016-03-03 08:45:05'),(66,'mainapp','0042_auto_20160303_0953','2016-03-03 09:54:08'),(67,'mainapp','0043_taggroup_user','2016-03-04 14:50:14'),(68,'mainapp','0044_taggroup_tag','2016-03-06 12:41:06'),(69,'mainapp','0045_taggroup_tag_user','2016-03-06 19:18:00'),(70,'mainapp','0046_remove_tag_taggroup','2016-03-08 18:15:00'),(71,'mainapp','0047_remove_turnonofftag_tag','2016-03-08 18:43:11'),(72,'mainapp','0048_turnonofftag_tag','2016-03-08 18:43:32'),(73,'mainapp','0049_tagtype','2016-03-09 10:00:57'),(74,'mainapp','0050_remove_tag_tagtype','2016-03-09 10:09:31'),(75,'mainapp','0051_tag_tagtype','2016-03-09 10:10:47'),(76,'mainapp','0052_auto_20160310_1106','2016-03-10 11:06:38'),(77,'mainapp','0053_auto_20160310_1154','2016-03-10 11:54:58'),(78,'mainapp','0054_buildingcolor_floorcolor_kabinetcolor_landscapecolor','2016-03-10 12:09:42'),(79,'mainapp','0055_buildingincomezone_floorincomezone_kabinetincomezone','2016-03-11 09:35:04'),(80,'mainapp','0056_incomezone_verticesincomezone','2016-03-14 09:25:30'),(81,'mainapp','0057_incomezone_loadlandscape','2016-03-14 11:26:40'),(82,'mainapp','0058_auto_20160315_0912','2016-03-15 09:12:42'),(83,'mainapp','0059_auto_20160316_0853','2016-03-16 08:54:06'),(84,'mainapp','0060_auto_20160316_0937','2016-03-16 09:37:14'),(85,'mainapp','0061_remove_verticesincomezone_zcoord','2016-03-16 10:31:41'),(86,'mainapp','0062_auto_20160317_0852','2016-03-17 08:52:40'),(87,'mainapp','0063_auto_20160330_1158','2016-03-30 11:59:16'),(88,'mainapp','0064_userzone_userzonename','2016-03-30 12:06:44'),(89,'mainapp','0065_userzone_loadlandscape','2016-03-31 08:44:57'),(90,'mainapp','0066_auto_20160331_1150','2016-03-31 11:50:17'),(91,'mainapp','0067_auto_20160331_1502','2016-03-31 15:02:36'),(92,'mainapp','0068_incomezoneuserzone','2016-04-04 14:41:32'),(93,'mainapp','0069_excludezoneuserzone','2016-04-05 11:34:13'),(94,'mainapp','0070_tagfloororder_tagkabinetorder_tagnouzone_tagoutofbuilding_taguzoneuserorder','2016-04-08 13:17:35'),(95,'report','0001_initial','2016-04-08 17:17:52'),(96,'report','0002_reportparameters','2016-04-11 09:02:17'),(97,'report','0003_auto_20160411_0910','2016-04-11 09:11:01'),(98,'report','0004_auto_20160411_0917','2016-04-11 09:17:41'),(99,'report','0005_auto_20160411_1054','2016-04-11 10:54:19'),(100,'report','0006_parameter_domname','2016-04-12 13:15:10'),(101,'report','0007_report_canbemultipletagid','2016-04-12 16:20:25'),(102,'mainapp','0071_turnonofftag_loadlandscape','2016-04-14 13:34:58'),(103,'mainapp','0072_tagoutofbuilding_loadlandscape','2016-04-15 11:17:39'),(104,'mainapp','0073_tagnouzone_loadlandscape','2016-04-18 09:14:29'),(105,'mainapp','0074_object_objectlandscape','2016-04-18 16:16:42'),(106,'mainapp','0074_auto_20160419_0837','2016-04-19 08:37:28'),(107,'mainapp','0075_auto_20160419_0852','2016-04-19 08:53:01'),(108,'mainapp','0076_auto_20160419_0902','2016-04-19 09:09:43'),(109,'mainapp','0077_groupuserzone_loadlandscape','2016-04-20 15:35:40'),(110,'mainapp','0078_objecttype_command','2016-04-20 15:49:33'),(111,'mainapp','0079_auto_20160420_1637','2016-04-20 16:38:00'),(112,'mainapp','0080_auto_20160421_0857','2016-04-21 08:57:47'),(113,'mainapp','0081_auto_20160422_0929','2016-04-22 09:30:28'),(114,'mainapp','0082_auto_20160422_0947','2016-04-22 09:47:25'),(115,'mainapp','0083_objecttype_commandlist','2016-04-22 12:03:30'),(116,'mainapp','0084_loadlandscape_server_id','2016-04-22 14:19:34'),(117,'mainapp','0085_remove_object_loadlandscape','2016-04-22 15:29:30'),(118,'mainapp','0086_object_loadlandscape','2016-04-22 15:30:14'),(119,'mainapp','0087_auto_20160422_1532','2016-04-22 15:32:49'),(120,'mainapp','0088_auto_20160422_1536','2016-04-22 15:36:25'),(121,'mainapp','0089_delete_objecttype','2016-04-22 15:42:01'),(122,'mainapp','0090_auto_20160422_1546','2016-04-22 16:34:07'),(123,'mainapp','0091_objecttype_commanddelete','2016-04-25 14:31:47'),(124,'mainapp','0092_objectbuilding_objectfloor_objectkabinet','2016-04-25 17:33:14'),(125,'mainapp','0093_objecttype_commandupdate','2016-04-26 08:54:52'),(126,'mainapp','0094_objecttype_name_eng','2016-04-26 13:56:54'),(127,'mainapp','0095_command_session','2016-04-27 14:31:26'),(128,'mainapp','0096_auto_20160427_1557','2016-04-27 15:58:47'),(129,'mainapp','0097_auto_20160427_1633','2016-04-27 16:34:12'),(130,'mainapp','0098_auto_20160427_1636','2016-04-27 16:37:10'),(131,'mainapp','0099_auto_20160427_1646','2016-04-27 16:46:26'),(132,'mainapp','0100_sessionlayer_longitude2','2016-04-27 17:11:56'),(133,'mainapp','0101_building_loadlandscape2','2016-04-29 12:05:42'),(134,'mainapp','0102_remove_building_loadlandscape','2016-04-29 12:08:25'),(135,'mainapp','0103_building_loadlandscape','2016-04-29 12:09:21'),(136,'mainapp','0104_remove_building_loadlandscape2','2016-04-29 12:11:30'),(137,'mainapp','0105_excludezone_loadlandscape2','2016-04-29 12:59:48'),(138,'mainapp','0106_remove_excludezone_loadlandscape','2016-04-29 13:01:29'),(139,'mainapp','0107_excludezone_loadlandscape','2016-04-29 13:02:24'),(140,'mainapp','0108_remove_excludezone_loadlandscape2','2016-04-29 13:03:48'),(141,'mainapp','0109_floor_loadlandscape2','2016-04-29 13:06:20'),(142,'mainapp','0110_remove_floor_loadlandscape','2016-04-29 13:08:16'),(143,'mainapp','0111_floor_loadlandscape','2016-04-29 13:09:21'),(144,'mainapp','0112_remove_floor_loadlandscape2','2016-04-29 13:11:15'),(145,'mainapp','0113_groupuserzone_loadlandscape2','2016-04-29 13:13:47'),(146,'mainapp','0114_remove_groupuserzone_loadlandscape','2016-04-29 13:16:00'),(147,'mainapp','0115_groupuserzone_loadlandscape','2016-04-29 13:17:22'),(148,'mainapp','0116_remove_groupuserzone_loadlandscape2','2016-04-29 13:19:37'),(149,'mainapp','0117_incomezone_loadlandscape2','2016-04-29 13:22:06'),(150,'mainapp','0118_remove_incomezone_loadlandscape','2016-04-29 13:25:25'),(151,'mainapp','0119_incomezone_loadlandscape','2016-04-29 13:26:50'),(152,'mainapp','0120_remove_incomezone_loadlandscape2','2016-04-29 13:28:53'),(153,'mainapp','0121_kabinet_n_outer_loadlandscape2','2016-04-29 13:31:27'),(154,'mainapp','0122_remove_kabinet_n_outer_loadlandscape','2016-04-29 13:34:10'),(155,'mainapp','0123_kabinet_n_outer_loadlandscape','2016-04-29 13:35:16'),(156,'mainapp','0124_remove_kabinet_n_outer_loadlandscape2','2016-04-29 13:37:30'),(157,'mainapp','0125_landscapecolor_loadlandscape2','2016-04-29 13:39:21'),(158,'mainapp','0126_remove_landscapecolor_loadlandscape','2016-04-29 13:41:23'),(159,'mainapp','0127_landscapecolor_loadlandscape','2016-04-29 13:42:26'),(160,'mainapp','0128_remove_landscapecolor_loadlandscape2','2016-04-29 13:43:34'),(161,'mainapp','0129_tagnouzone_loadlandscape2','2016-04-29 13:45:58'),(162,'mainapp','0130_remove_tagnouzone_loadlandscape','2016-04-29 13:48:10'),(163,'mainapp','0131_tagnouzone_loadlandscape','2016-04-29 13:49:31'),(164,'mainapp','0132_remove_tagnouzone_loadlandscape2','2016-04-29 13:51:35'),(165,'mainapp','0133_tagoutofbuilding_loadlandscape2','2016-04-29 14:00:27'),(166,'mainapp','0134_remove_tagoutofbuilding_loadlandscape','2016-04-29 14:02:36'),(167,'mainapp','0135_tagoutofbuilding_loadlandscape','2016-04-29 14:05:50'),(168,'mainapp','0136_remove_tagoutofbuilding_loadlandscape2','2016-04-29 14:07:53'),(169,'mainapp','0137_turnonofftag_loadlandscape2','2016-04-29 14:09:49'),(170,'mainapp','0138_remove_turnonofftag_loadlandscape','2016-04-29 14:12:06'),(171,'mainapp','0139_turnonofftag_loadlandscape','2016-04-29 14:13:27'),(172,'mainapp','0140_remove_turnonofftag_loadlandscape2','2016-04-29 14:15:40'),(173,'mainapp','0141_userzone_loadlandscape2','2016-04-29 14:18:43'),(174,'mainapp','0142_remove_userzone_loadlandscape','2016-04-29 14:21:12'),(175,'mainapp','0143_userzone_loadlandscape','2016-04-29 14:22:30'),(176,'mainapp','0144_remove_userzone_loadlandscape2','2016-04-29 14:24:45'),(177,'mainapp','0145_verticesfloor_loadlandscape2','2016-04-29 14:26:38'),(178,'mainapp','0146_remove_verticesfloor_loadlandscape','2016-04-29 14:28:27'),(179,'mainapp','0147_verticesfloor_loadlandscape','2016-04-29 14:29:47'),(180,'mainapp','0148_auto_20160429_1434','2016-04-29 14:36:52'),(181,'mainapp','0149_verticesbuilding_loadlandscape2','2016-04-29 14:42:31'),(182,'mainapp','0150_remove_verticesbuilding_loadlandscape','2016-04-29 14:45:36'),(183,'mainapp','0151_verticesbuilding_loadlandscape','2016-04-29 14:46:49'),(184,'mainapp','0152_remove_verticesbuilding_loadlandscape2','2016-04-29 14:48:51'),(185,'mainapp','0153_verticeskabinet_n_outer_loadlandscape2','2016-04-29 14:50:48'),(186,'mainapp','0154_remove_verticeskabinet_n_outer_loadlandscape','2016-04-29 14:53:05'),(187,'mainapp','0155_verticeskabinet_n_outer_loadlandscape','2016-04-29 14:54:19'),(188,'mainapp','0156_remove_verticeskabinet_n_outer_loadlandscape2','2016-04-29 14:56:14'),(189,'mainapp','0157_wall_loadlandscape2','2016-04-29 14:58:08'),(190,'mainapp','0158_remove_wall_loadlandscape','2016-04-29 15:00:15'),(191,'mainapp','0159_wall_loadlandscape','2016-04-29 15:01:39'),(192,'mainapp','0160_remove_wall_loadlandscape2','2016-04-29 15:03:38'),(193,'mainapp','0161_object_loadlandscape2','2016-04-29 15:06:43'),(194,'mainapp','0162_remove_object_loadlandscape','2016-04-29 15:09:41'),(195,'mainapp','0163_object_loadlandscape','2016-04-29 15:11:03'),(196,'mainapp','0164_remove_object_loadlandscape2','2016-04-29 15:12:47'),(197,'mainapp','0165_sessiontable_loadlandscape2','2016-04-29 15:30:24'),(198,'mainapp','0166_remove_sessiontable_loadlandscape','2016-04-29 15:33:49'),(199,'mainapp','0167_sessiontable_loadlandscape','2016-04-29 15:35:24'),(200,'mainapp','0168_remove_sessiontable_loadlandscape2','2016-04-29 15:37:21'),(201,'mainapp','0169_loadlandscape_session_id','2016-04-29 15:43:53'),(202,'report','0008_reportstructure_reportuzone','2016-05-04 14:50:01'),(203,'mainapp','0170_node','2016-05-12 14:10:14'),(204,'mainapp','0171_tagnode','2016-05-12 14:15:17'),(205,'mainapp','0172_auto_20160512_1429','2016-05-12 14:29:55'),(206,'mainapp','0173_auto_20160512_1434','2016-05-12 14:34:47'),(207,'mainapp','0174_auto_20160512_1640','2016-05-12 16:40:53');
/*!40000 ALTER TABLE `django_migrations` ENABLE KEYS */;
UNLOCK TABLES;

--
-- Table structure for table `django_session`
--

DROP TABLE IF EXISTS `django_session`;
/*!40101 SET @saved_cs_client     = @@character_set_client */;
/*!40101 SET character_set_client = utf8 */;
CREATE TABLE `django_session` (
  `session_key` varchar(40) COLLATE utf8_unicode_ci NOT NULL,
  `session_data` longtext COLLATE utf8_unicode_ci NOT NULL,
  `expire_date` datetime NOT NULL,
  PRIMARY KEY (`session_key`),
  KEY `django_session_de54fa62` (`expire_date`)
) ENGINE=InnoDB DEFAULT CHARSET=utf8 COLLATE=utf8_unicode_ci;
/*!40101 SET character_set_client = @saved_cs_client */;

--
-- Dumping data for table `django_session`
--

LOCK TABLES `django_session` WRITE;
/*!40000 ALTER TABLE `django_session` DISABLE KEYS */;
INSERT INTO `django_session` VALUES ('02skluq4rb2nbt9bz93h7xjr82g5ssb4','YmQzYzFlN2M1OTJhMTMzMGQ0OTkxZjFlNmMxMTUxM2JjZDhmZTI5Yjp7Il9zZXNzaW9uX2V4cGlyeSI6NDAwMCwiX2F1dGhfdXNlcl9oYXNoIjoiY2YyNDBiOWFlODk1NjI1MzU2Mzk5NWU2OGY0NDNjYmUxZWViMmNjOCIsIl9hdXRoX3VzZXJfaWQiOiIxIiwiX2F1dGhfdXNlcl9iYWNrZW5kIjoiZGphbmdvLmNvbnRyaWIuYXV0aC5iYWNrZW5kcy5Nb2RlbEJhY2tlbmQifQ==','2016-02-03 06:07:44'),('03hhpv1ga43zizv5y0bmozcz2f3tfx73','MzA3MTdmMjZjZWFjODkzZWRhZDJkYzJmMTc2ZGFmMmJjNzBlMTM5Yjp7Il9zZXNzaW9uX2V4cGlyeSI6NDAwMCwiX2F1dGhfdXNlcl9oYXNoIjoiZTc3MDk4NmYxMjJjYzQzMzhiZTJiNDBjNTE1NTNkZWYwYzMwOWU5ZCIsIl9hdXRoX3VzZXJfaWQiOiIyIiwiX2F1dGhfdXNlcl9iYWNrZW5kIjoiZGphbmdvLmNvbnRyaWIuYXV0aC5iYWNrZW5kcy5Nb2RlbEJhY2tlbmQifQ==','2016-02-01 13:52:49'),('05x0yptj5s73cxvfs7xmikfwd3skrtbr','NjA0MzJkY2MwNmNlNTY0MmNkYjViY2Y0MTk4ZTYwMzJlMmI3NmM4Njp7Il9hdXRoX3VzZXJfaGFzaCI6ImNmMjQwYjlhZTg5NTYyNTM1NjM5OTVlNjhmNDQzY2JlMWVlYjJjYzgiLCJfYXV0aF91c2VyX2JhY2tlbmQiOiJkamFuZ28uY29udHJpYi5hdXRoLmJhY2tlbmRzLk1vZGVsQmFja2VuZCIsIl9hdXRoX3VzZXJfaWQiOiIxIn0=','2016-03-04 15:17:59'),('064t5rfgc26pmk6lltl5pv4lhtlsgu1r','YmQzYzFlN2M1OTJhMTMzMGQ0OTkxZjFlNmMxMTUxM2JjZDhmZTI5Yjp7Il9zZXNzaW9uX2V4cGlyeSI6NDAwMCwiX2F1dGhfdXNlcl9oYXNoIjoiY2YyNDBiOWFlODk1NjI1MzU2Mzk5NWU2OGY0NDNjYmUxZWViMmNjOCIsIl9hdXRoX3VzZXJfaWQiOiIxIiwiX2F1dGhfdXNlcl9iYWNrZW5kIjoiZGphbmdvLmNvbnRyaWIuYXV0aC5iYWNrZW5kcy5Nb2RlbEJhY2tlbmQifQ==','2016-02-04 08:06:11'),('09u2qqpwcvv7ebmqwrvhyi9pwq54jfc0','NzkyZWIwN2MxOTYwZWI0Nzg2NjEyYmViNWYxM2E2YzBiYzQ4MDhhODp7Il9zZXNzaW9uX2V4cGlyeSI6NjB9','2016-01-31 14:52:34'),('0bantdw77par9fbfhv83ocj4j041zw0j','YmQzYzFlN2M1OTJhMTMzMGQ0OTkxZjFlNmMxMTUxM2JjZDhmZTI5Yjp7Il9zZXNzaW9uX2V4cGlyeSI6NDAwMCwiX2F1dGhfdXNlcl9oYXNoIjoiY2YyNDBiOWFlODk1NjI1MzU2Mzk5NWU2OGY0NDNjYmUxZWViMmNjOCIsIl9hdXRoX3VzZXJfaWQiOiIxIiwiX2F1dGhfdXNlcl9iYWNrZW5kIjoiZGphbmdvLmNvbnRyaWIuYXV0aC5iYWNrZW5kcy5Nb2RlbEJhY2tlbmQifQ==','2016-02-04 07:40:13'),('0h7k4aoai6jqullhzdytjg7qsqx6jz11','YmQzYzFlN2M1OTJhMTMzMGQ0OTkxZjFlNmMxMTUxM2JjZDhmZTI5Yjp7Il9zZXNzaW9uX2V4cGlyeSI6NDAwMCwiX2F1dGhfdXNlcl9oYXNoIjoiY2YyNDBiOWFlODk1NjI1MzU2Mzk5NWU2OGY0NDNjYmUxZWViMmNjOCIsIl9hdXRoX3VzZXJfaWQiOiIxIiwiX2F1dGhfdXNlcl9iYWNrZW5kIjoiZGphbmdvLmNvbnRyaWIuYXV0aC5iYWNrZW5kcy5Nb2RlbEJhY2tlbmQifQ==','2016-02-04 11:30:56'),('0jrihdd6fpuranohq72f6s5fmupb911j','YmQzYzFlN2M1OTJhMTMzMGQ0OTkxZjFlNmMxMTUxM2JjZDhmZTI5Yjp7Il9zZXNzaW9uX2V4cGlyeSI6NDAwMCwiX2F1dGhfdXNlcl9oYXNoIjoiY2YyNDBiOWFlODk1NjI1MzU2Mzk5NWU2OGY0NDNjYmUxZWViMmNjOCIsIl9hdXRoX3VzZXJfaWQiOiIxIiwiX2F1dGhfdXNlcl9iYWNrZW5kIjoiZGphbmdvLmNvbnRyaWIuYXV0aC5iYWNrZW5kcy5Nb2RlbEJhY2tlbmQifQ==','2016-02-09 08:17:32'),('0teurivestmqyi9nmwz7oiv3jzohea2k','YzM1YjhhNzkxYTQ0MTg2YzFlZTRkNmU5NDYyOTRjODk1ZGQ5NDllOTp7Il9hdXRoX3VzZXJfYmFja2VuZCI6ImRqYW5nby5jb250cmliLmF1dGguYmFja2VuZHMuTW9kZWxCYWNrZW5kIiwiX2F1dGhfdXNlcl9oYXNoIjoiNzM4Y2FjN2M0MjYzZmJlMzMwNzIzMGJkYTQ1ZTc4NGYxMTgyZDkwOCIsIl9hdXRoX3VzZXJfaWQiOiIzIiwiX3Nlc3Npb25fZXhwaXJ5Ijo0MDAwfQ==','2016-02-01 14:32:04'),('0vffudy5q95u0vy8nnj5wkn7bqngyonc','YTQ0ZDJmYTc1OWYxODg2ZjljZDMyMmMwMzA3NDY5ZTE2MjljMjVlMDp7Il9hdXRoX3VzZXJfYmFja2VuZCI6ImRqYW5nby5jb250cmliLmF1dGguYmFja2VuZHMuTW9kZWxCYWNrZW5kIiwiX2F1dGhfdXNlcl9oYXNoIjoiY2YyNDBiOWFlODk1NjI1MzU2Mzk5NWU2OGY0NDNjYmUxZWViMmNjOCIsIl9hdXRoX3VzZXJfaWQiOiIxIiwiX3Nlc3Npb25fZXhwaXJ5Ijo0MDAwfQ==','2016-02-01 14:32:12'),('16yqeslrti4xpx0ay26wpj832j237hrd','YmQzYzFlN2M1OTJhMTMzMGQ0OTkxZjFlNmMxMTUxM2JjZDhmZTI5Yjp7Il9zZXNzaW9uX2V4cGlyeSI6NDAwMCwiX2F1dGhfdXNlcl9oYXNoIjoiY2YyNDBiOWFlODk1NjI1MzU2Mzk5NWU2OGY0NDNjYmUxZWViMmNjOCIsIl9hdXRoX3VzZXJfaWQiOiIxIiwiX2F1dGhfdXNlcl9iYWNrZW5kIjoiZGphbmdvLmNvbnRyaWIuYXV0aC5iYWNrZW5kcy5Nb2RlbEJhY2tlbmQifQ==','2016-02-04 05:07:25'),('1k483ykh4wmxv2o6afutd266gy90fbzp','YmQzYzFlN2M1OTJhMTMzMGQ0OTkxZjFlNmMxMTUxM2JjZDhmZTI5Yjp7Il9zZXNzaW9uX2V4cGlyeSI6NDAwMCwiX2F1dGhfdXNlcl9oYXNoIjoiY2YyNDBiOWFlODk1NjI1MzU2Mzk5NWU2OGY0NDNjYmUxZWViMmNjOCIsIl9hdXRoX3VzZXJfaWQiOiIxIiwiX2F1dGhfdXNlcl9iYWNrZW5kIjoiZGphbmdvLmNvbnRyaWIuYXV0aC5iYWNrZW5kcy5Nb2RlbEJhY2tlbmQifQ==','2016-02-02 06:20:28'),('1ktt0vplbo4lc1y41i3ptg6wql7wm1hw','NjA0MzJkY2MwNmNlNTY0MmNkYjViY2Y0MTk4ZTYwMzJlMmI3NmM4Njp7Il9hdXRoX3VzZXJfaGFzaCI6ImNmMjQwYjlhZTg5NTYyNTM1NjM5OTVlNjhmNDQzY2JlMWVlYjJjYzgiLCJfYXV0aF91c2VyX2JhY2tlbmQiOiJkamFuZ28uY29udHJpYi5hdXRoLmJhY2tlbmRzLk1vZGVsQmFja2VuZCIsIl9hdXRoX3VzZXJfaWQiOiIxIn0=','2016-04-13 14:29:24'),('1nior1wpf6c8b6u8ry6bojhyarfug2s6','YmQzYzFlN2M1OTJhMTMzMGQ0OTkxZjFlNmMxMTUxM2JjZDhmZTI5Yjp7Il9zZXNzaW9uX2V4cGlyeSI6NDAwMCwiX2F1dGhfdXNlcl9oYXNoIjoiY2YyNDBiOWFlODk1NjI1MzU2Mzk5NWU2OGY0NDNjYmUxZWViMmNjOCIsIl9hdXRoX3VzZXJfaWQiOiIxIiwiX2F1dGhfdXNlcl9iYWNrZW5kIjoiZGphbmdvLmNvbnRyaWIuYXV0aC5iYWNrZW5kcy5Nb2RlbEJhY2tlbmQifQ==','2016-02-01 09:58:45'),('1ux0hoa8yiiaqaty6y1odi4asxq9j909','YmQzYzFlN2M1OTJhMTMzMGQ0OTkxZjFlNmMxMTUxM2JjZDhmZTI5Yjp7Il9zZXNzaW9uX2V4cGlyeSI6NDAwMCwiX2F1dGhfdXNlcl9oYXNoIjoiY2YyNDBiOWFlODk1NjI1MzU2Mzk5NWU2OGY0NDNjYmUxZWViMmNjOCIsIl9hdXRoX3VzZXJfaWQiOiIxIiwiX2F1dGhfdXNlcl9iYWNrZW5kIjoiZGphbmdvLmNvbnRyaWIuYXV0aC5iYWNrZW5kcy5Nb2RlbEJhY2tlbmQifQ==','2016-02-08 10:07:01'),('26tui588nnvn18t9v6z77unhyz3alzjj','YmQzYzFlN2M1OTJhMTMzMGQ0OTkxZjFlNmMxMTUxM2JjZDhmZTI5Yjp7Il9zZXNzaW9uX2V4cGlyeSI6NDAwMCwiX2F1dGhfdXNlcl9oYXNoIjoiY2YyNDBiOWFlODk1NjI1MzU2Mzk5NWU2OGY0NDNjYmUxZWViMmNjOCIsIl9hdXRoX3VzZXJfaWQiOiIxIiwiX2F1dGhfdXNlcl9iYWNrZW5kIjoiZGphbmdvLmNvbnRyaWIuYXV0aC5iYWNrZW5kcy5Nb2RlbEJhY2tlbmQifQ==','2016-02-03 13:11:31'),('27p72imqqo5439ukmtqxfjltaoedoa8h','NzkyZWIwN2MxOTYwZWI0Nzg2NjEyYmViNWYxM2E2YzBiYzQ4MDhhODp7Il9zZXNzaW9uX2V4cGlyeSI6NjB9','2016-01-31 15:14:22'),('2dj698f15ir4xdkn2evc5hsun39x19cu','YmQzYzFlN2M1OTJhMTMzMGQ0OTkxZjFlNmMxMTUxM2JjZDhmZTI5Yjp7Il9zZXNzaW9uX2V4cGlyeSI6NDAwMCwiX2F1dGhfdXNlcl9oYXNoIjoiY2YyNDBiOWFlODk1NjI1MzU2Mzk5NWU2OGY0NDNjYmUxZWViMmNjOCIsIl9hdXRoX3VzZXJfaWQiOiIxIiwiX2F1dGhfdXNlcl9iYWNrZW5kIjoiZGphbmdvLmNvbnRyaWIuYXV0aC5iYWNrZW5kcy5Nb2RlbEJhY2tlbmQifQ==','2016-02-10 05:24:03'),('2hqq5e8fkknw7rwq9i9z8ju38xabh8ej','YmQzYzFlN2M1OTJhMTMzMGQ0OTkxZjFlNmMxMTUxM2JjZDhmZTI5Yjp7Il9zZXNzaW9uX2V4cGlyeSI6NDAwMCwiX2F1dGhfdXNlcl9oYXNoIjoiY2YyNDBiOWFlODk1NjI1MzU2Mzk5NWU2OGY0NDNjYmUxZWViMmNjOCIsIl9hdXRoX3VzZXJfaWQiOiIxIiwiX2F1dGhfdXNlcl9iYWNrZW5kIjoiZGphbmdvLmNvbnRyaWIuYXV0aC5iYWNrZW5kcy5Nb2RlbEJhY2tlbmQifQ==','2016-02-02 11:50:26'),('2xgynu0wtz24yyuuxskr0ffunm278lkc','NzEyOWM0ZmIzN2EwOTBjMTU5YjcyMDVlNjRmYzE5ZTQxN2M3MmVjMTp7Il9hdXRoX3VzZXJfaGFzaCI6ImU3NzA5ODZmMTIyY2M0MzM4YmUyYjQwYzUxNTUzZGVmMGMzMDllOWQiLCJfYXV0aF91c2VyX2JhY2tlbmQiOiJkamFuZ28uY29udHJpYi5hdXRoLmJhY2tlbmRzLk1vZGVsQmFja2VuZCIsIl9hdXRoX3VzZXJfaWQiOiIyIn0=','2016-04-13 13:45:25'),('2y6x9ljp37bblji7b4yp4747mex6ge1i','ZjYzNjFiODRhNTBlOTYyNzJmMDA2MzRkZWVhMzAzNDIwNDIxMTRkZDp7Il9hdXRoX3VzZXJfaGFzaCI6ImNmMjQwYjlhZTg5NTYyNTM1NjM5OTVlNjhmNDQzY2JlMWVlYjJjYzgiLCJfYXV0aF91c2VyX2lkIjoiMSIsIl9hdXRoX3VzZXJfYmFja2VuZCI6ImRqYW5nby5jb250cmliLmF1dGguYmFja2VuZHMuTW9kZWxCYWNrZW5kIn0=','2016-03-16 13:57:07'),('3al291fhrc0kedcgrd435z3t7j5wahgq','YmQzYzFlN2M1OTJhMTMzMGQ0OTkxZjFlNmMxMTUxM2JjZDhmZTI5Yjp7Il9zZXNzaW9uX2V4cGlyeSI6NDAwMCwiX2F1dGhfdXNlcl9oYXNoIjoiY2YyNDBiOWFlODk1NjI1MzU2Mzk5NWU2OGY0NDNjYmUxZWViMmNjOCIsIl9hdXRoX3VzZXJfaWQiOiIxIiwiX2F1dGhfdXNlcl9iYWNrZW5kIjoiZGphbmdvLmNvbnRyaWIuYXV0aC5iYWNrZW5kcy5Nb2RlbEJhY2tlbmQifQ==','2016-02-11 10:03:03'),('3bn4oba2u1t8jsgnfwp2zmvqjcv19awn','YTQ0ZDJmYTc1OWYxODg2ZjljZDMyMmMwMzA3NDY5ZTE2MjljMjVlMDp7Il9hdXRoX3VzZXJfYmFja2VuZCI6ImRqYW5nby5jb250cmliLmF1dGguYmFja2VuZHMuTW9kZWxCYWNrZW5kIiwiX2F1dGhfdXNlcl9oYXNoIjoiY2YyNDBiOWFlODk1NjI1MzU2Mzk5NWU2OGY0NDNjYmUxZWViMmNjOCIsIl9hdXRoX3VzZXJfaWQiOiIxIiwiX3Nlc3Npb25fZXhwaXJ5Ijo0MDAwfQ==','2016-04-08 11:55:34'),('3jv0e5u19cb1mej9kbwl4hqouvadxhwg','YmQzYzFlN2M1OTJhMTMzMGQ0OTkxZjFlNmMxMTUxM2JjZDhmZTI5Yjp7Il9zZXNzaW9uX2V4cGlyeSI6NDAwMCwiX2F1dGhfdXNlcl9oYXNoIjoiY2YyNDBiOWFlODk1NjI1MzU2Mzk5NWU2OGY0NDNjYmUxZWViMmNjOCIsIl9hdXRoX3VzZXJfaWQiOiIxIiwiX2F1dGhfdXNlcl9iYWNrZW5kIjoiZGphbmdvLmNvbnRyaWIuYXV0aC5iYWNrZW5kcy5Nb2RlbEJhY2tlbmQifQ==','2016-02-02 18:10:51'),('3ko5404hj62lu5z4tm018j03dilrn3e3','YmQzYzFlN2M1OTJhMTMzMGQ0OTkxZjFlNmMxMTUxM2JjZDhmZTI5Yjp7Il9zZXNzaW9uX2V4cGlyeSI6NDAwMCwiX2F1dGhfdXNlcl9oYXNoIjoiY2YyNDBiOWFlODk1NjI1MzU2Mzk5NWU2OGY0NDNjYmUxZWViMmNjOCIsIl9hdXRoX3VzZXJfaWQiOiIxIiwiX2F1dGhfdXNlcl9iYWNrZW5kIjoiZGphbmdvLmNvbnRyaWIuYXV0aC5iYWNrZW5kcy5Nb2RlbEJhY2tlbmQifQ==','2016-02-07 17:45:29'),('3nx5zs2u6hrilfkjo8duvbat9iltwktz','NzkyZWIwN2MxOTYwZWI0Nzg2NjEyYmViNWYxM2E2YzBiYzQ4MDhhODp7Il9zZXNzaW9uX2V4cGlyeSI6NjB9','2016-01-31 14:49:48'),('4si07lmbhysjpajhirsy4l79u0h48w48','YmQzYzFlN2M1OTJhMTMzMGQ0OTkxZjFlNmMxMTUxM2JjZDhmZTI5Yjp7Il9zZXNzaW9uX2V4cGlyeSI6NDAwMCwiX2F1dGhfdXNlcl9oYXNoIjoiY2YyNDBiOWFlODk1NjI1MzU2Mzk5NWU2OGY0NDNjYmUxZWViMmNjOCIsIl9hdXRoX3VzZXJfaWQiOiIxIiwiX2F1dGhfdXNlcl9iYWNrZW5kIjoiZGphbmdvLmNvbnRyaWIuYXV0aC5iYWNrZW5kcy5Nb2RlbEJhY2tlbmQifQ==','2016-02-01 12:09:32'),('534i8fq90plib2nla68iuoxbpuueerxn','YmQzYzFlN2M1OTJhMTMzMGQ0OTkxZjFlNmMxMTUxM2JjZDhmZTI5Yjp7Il9zZXNzaW9uX2V4cGlyeSI6NDAwMCwiX2F1dGhfdXNlcl9oYXNoIjoiY2YyNDBiOWFlODk1NjI1MzU2Mzk5NWU2OGY0NDNjYmUxZWViMmNjOCIsIl9hdXRoX3VzZXJfaWQiOiIxIiwiX2F1dGhfdXNlcl9iYWNrZW5kIjoiZGphbmdvLmNvbnRyaWIuYXV0aC5iYWNrZW5kcy5Nb2RlbEJhY2tlbmQifQ==','2016-02-06 13:17:41'),('57m1jc1hcpqc384zagzm8t548f6r1mu1','NzkyZWIwN2MxOTYwZWI0Nzg2NjEyYmViNWYxM2E2YzBiYzQ4MDhhODp7Il9zZXNzaW9uX2V4cGlyeSI6NjB9','2016-01-31 14:04:26'),('5kvnbdf05bt07u2b5281d3qgngjo1a6g','YmQzYzFlN2M1OTJhMTMzMGQ0OTkxZjFlNmMxMTUxM2JjZDhmZTI5Yjp7Il9zZXNzaW9uX2V4cGlyeSI6NDAwMCwiX2F1dGhfdXNlcl9oYXNoIjoiY2YyNDBiOWFlODk1NjI1MzU2Mzk5NWU2OGY0NDNjYmUxZWViMmNjOCIsIl9hdXRoX3VzZXJfaWQiOiIxIiwiX2F1dGhfdXNlcl9iYWNrZW5kIjoiZGphbmdvLmNvbnRyaWIuYXV0aC5iYWNrZW5kcy5Nb2RlbEJhY2tlbmQifQ==','2016-02-05 07:18:07'),('5pbk58ywn6px6oshtftytbbflkjni01s','YmQzYzFlN2M1OTJhMTMzMGQ0OTkxZjFlNmMxMTUxM2JjZDhmZTI5Yjp7Il9zZXNzaW9uX2V4cGlyeSI6NDAwMCwiX2F1dGhfdXNlcl9oYXNoIjoiY2YyNDBiOWFlODk1NjI1MzU2Mzk5NWU2OGY0NDNjYmUxZWViMmNjOCIsIl9hdXRoX3VzZXJfaWQiOiIxIiwiX2F1dGhfdXNlcl9iYWNrZW5kIjoiZGphbmdvLmNvbnRyaWIuYXV0aC5iYWNrZW5kcy5Nb2RlbEJhY2tlbmQifQ==','2016-02-08 11:16:19'),('6naad1pws338i7qgznrugngteq56ecpp','YmQzYzFlN2M1OTJhMTMzMGQ0OTkxZjFlNmMxMTUxM2JjZDhmZTI5Yjp7Il9zZXNzaW9uX2V4cGlyeSI6NDAwMCwiX2F1dGhfdXNlcl9oYXNoIjoiY2YyNDBiOWFlODk1NjI1MzU2Mzk5NWU2OGY0NDNjYmUxZWViMmNjOCIsIl9hdXRoX3VzZXJfaWQiOiIxIiwiX2F1dGhfdXNlcl9iYWNrZW5kIjoiZGphbmdvLmNvbnRyaWIuYXV0aC5iYWNrZW5kcy5Nb2RlbEJhY2tlbmQifQ==','2016-02-09 11:02:32'),('6oxx99k5rc8wej3ooxrmf45nt0pm1gzl','YmQzYzFlN2M1OTJhMTMzMGQ0OTkxZjFlNmMxMTUxM2JjZDhmZTI5Yjp7Il9zZXNzaW9uX2V4cGlyeSI6NDAwMCwiX2F1dGhfdXNlcl9oYXNoIjoiY2YyNDBiOWFlODk1NjI1MzU2Mzk5NWU2OGY0NDNjYmUxZWViMmNjOCIsIl9hdXRoX3VzZXJfaWQiOiIxIiwiX2F1dGhfdXNlcl9iYWNrZW5kIjoiZGphbmdvLmNvbnRyaWIuYXV0aC5iYWNrZW5kcy5Nb2RlbEJhY2tlbmQifQ==','2016-02-07 16:05:26'),('722acll6cgu4g566ensawvbwo03nq9r4','NzkyZWIwN2MxOTYwZWI0Nzg2NjEyYmViNWYxM2E2YzBiYzQ4MDhhODp7Il9zZXNzaW9uX2V4cGlyeSI6NjB9','2016-01-31 14:18:36'),('7j5o1sf4zorhxn1eoho8gsba72954d8l','YmQzYzFlN2M1OTJhMTMzMGQ0OTkxZjFlNmMxMTUxM2JjZDhmZTI5Yjp7Il9zZXNzaW9uX2V4cGlyeSI6NDAwMCwiX2F1dGhfdXNlcl9oYXNoIjoiY2YyNDBiOWFlODk1NjI1MzU2Mzk5NWU2OGY0NDNjYmUxZWViMmNjOCIsIl9hdXRoX3VzZXJfaWQiOiIxIiwiX2F1dGhfdXNlcl9iYWNrZW5kIjoiZGphbmdvLmNvbnRyaWIuYXV0aC5iYWNrZW5kcy5Nb2RlbEJhY2tlbmQifQ==','2016-02-09 13:26:03'),('85tl3jm8ryf5vcdl0butmsdlb2jenyib','NjA0MzJkY2MwNmNlNTY0MmNkYjViY2Y0MTk4ZTYwMzJlMmI3NmM4Njp7Il9hdXRoX3VzZXJfaGFzaCI6ImNmMjQwYjlhZTg5NTYyNTM1NjM5OTVlNjhmNDQzY2JlMWVlYjJjYzgiLCJfYXV0aF91c2VyX2JhY2tlbmQiOiJkamFuZ28uY29udHJpYi5hdXRoLmJhY2tlbmRzLk1vZGVsQmFja2VuZCIsIl9hdXRoX3VzZXJfaWQiOiIxIn0=','2016-01-08 05:45:12'),('8c1xjb05rf6gm66hipvm2pgf8xwqe7sn','OTE5YjMzZDQ0NjlkMzhiNjNhOTIzODRhNWZjNTk0MzEwZTI3NmRjMjp7Il9zZXNzaW9uX2V4cGlyeSI6NDAwMH0=','2016-02-17 17:36:22'),('8ce5gzicx21vg2eyf3fqztk2g7mdmd69','YmQzYzFlN2M1OTJhMTMzMGQ0OTkxZjFlNmMxMTUxM2JjZDhmZTI5Yjp7Il9zZXNzaW9uX2V4cGlyeSI6NDAwMCwiX2F1dGhfdXNlcl9oYXNoIjoiY2YyNDBiOWFlODk1NjI1MzU2Mzk5NWU2OGY0NDNjYmUxZWViMmNjOCIsIl9hdXRoX3VzZXJfaWQiOiIxIiwiX2F1dGhfdXNlcl9iYWNrZW5kIjoiZGphbmdvLmNvbnRyaWIuYXV0aC5iYWNrZW5kcy5Nb2RlbEJhY2tlbmQifQ==','2016-02-01 13:28:22'),('8n3pns6kitpycvyutyvrtjh22ofzcym3','YmQzYzFlN2M1OTJhMTMzMGQ0OTkxZjFlNmMxMTUxM2JjZDhmZTI5Yjp7Il9zZXNzaW9uX2V4cGlyeSI6NDAwMCwiX2F1dGhfdXNlcl9oYXNoIjoiY2YyNDBiOWFlODk1NjI1MzU2Mzk5NWU2OGY0NDNjYmUxZWViMmNjOCIsIl9hdXRoX3VzZXJfaWQiOiIxIiwiX2F1dGhfdXNlcl9iYWNrZW5kIjoiZGphbmdvLmNvbnRyaWIuYXV0aC5iYWNrZW5kcy5Nb2RlbEJhY2tlbmQifQ==','2016-02-04 13:46:56'),('8nexxat7jume5o2yw61w05n5r86esbfg','OTg4ZDQ0Y2M1NTgwN2Q1NWRiNDEyYzQzNGU3ODljNmVkOTMxYzMzODp7Il9hdXRoX3VzZXJfYmFja2VuZCI6ImRqYW5nby5jb250cmliLmF1dGguYmFja2VuZHMuTW9kZWxCYWNrZW5kIiwiX2F1dGhfdXNlcl9oYXNoIjoiZTc3MDk4NmYxMjJjYzQzMzhiZTJiNDBjNTE1NTNkZWYwYzMwOWU5ZCIsIl9hdXRoX3VzZXJfaWQiOiIyIiwiX3Nlc3Npb25fZXhwaXJ5Ijo0MDAwfQ==','2016-03-09 11:56:12'),('9279l2m9kcbskgjod5z7v0ixwrwck09n','YmQzYzFlN2M1OTJhMTMzMGQ0OTkxZjFlNmMxMTUxM2JjZDhmZTI5Yjp7Il9zZXNzaW9uX2V4cGlyeSI6NDAwMCwiX2F1dGhfdXNlcl9oYXNoIjoiY2YyNDBiOWFlODk1NjI1MzU2Mzk5NWU2OGY0NDNjYmUxZWViMmNjOCIsIl9hdXRoX3VzZXJfaWQiOiIxIiwiX2F1dGhfdXNlcl9iYWNrZW5kIjoiZGphbmdvLmNvbnRyaWIuYXV0aC5iYWNrZW5kcy5Nb2RlbEJhY2tlbmQifQ==','2016-02-04 05:49:07'),('928xo87b8d3k9lqco7n3tbdgoc8g32tl','YmQzYzFlN2M1OTJhMTMzMGQ0OTkxZjFlNmMxMTUxM2JjZDhmZTI5Yjp7Il9zZXNzaW9uX2V4cGlyeSI6NDAwMCwiX2F1dGhfdXNlcl9oYXNoIjoiY2YyNDBiOWFlODk1NjI1MzU2Mzk5NWU2OGY0NDNjYmUxZWViMmNjOCIsIl9hdXRoX3VzZXJfaWQiOiIxIiwiX2F1dGhfdXNlcl9iYWNrZW5kIjoiZGphbmdvLmNvbnRyaWIuYXV0aC5iYWNrZW5kcy5Nb2RlbEJhY2tlbmQifQ==','2016-02-02 05:13:17'),('9f86igu44uklgy7xbizbm9y0r430o776','YmQzYzFlN2M1OTJhMTMzMGQ0OTkxZjFlNmMxMTUxM2JjZDhmZTI5Yjp7Il9zZXNzaW9uX2V4cGlyeSI6NDAwMCwiX2F1dGhfdXNlcl9oYXNoIjoiY2YyNDBiOWFlODk1NjI1MzU2Mzk5NWU2OGY0NDNjYmUxZWViMmNjOCIsIl9hdXRoX3VzZXJfaWQiOiIxIiwiX2F1dGhfdXNlcl9iYWNrZW5kIjoiZGphbmdvLmNvbnRyaWIuYXV0aC5iYWNrZW5kcy5Nb2RlbEJhY2tlbmQifQ==','2016-02-03 10:21:47'),('9ia5do0hopg89bexf5geq885xf9hii9v','MjUzNmNiZWQxMTg4NTRkNDYyM2U0YTNkNjMxODRhYzUzOGY0ZGEyMTp7Il9hdXRoX3VzZXJfaGFzaCI6ImU3NzA5ODZmMTIyY2M0MzM4YmUyYjQwYzUxNTUzZGVmMGMzMDllOWQiLCJfYXV0aF91c2VyX2lkIjoiMiIsIl9hdXRoX3VzZXJfYmFja2VuZCI6ImRqYW5nby5jb250cmliLmF1dGguYmFja2VuZHMuTW9kZWxCYWNrZW5kIn0=','2016-04-22 11:02:01'),('9q9uhelmpmz88nz6ubjyolec0b3x24vw','YmQzYzFlN2M1OTJhMTMzMGQ0OTkxZjFlNmMxMTUxM2JjZDhmZTI5Yjp7Il9zZXNzaW9uX2V4cGlyeSI6NDAwMCwiX2F1dGhfdXNlcl9oYXNoIjoiY2YyNDBiOWFlODk1NjI1MzU2Mzk5NWU2OGY0NDNjYmUxZWViMmNjOCIsIl9hdXRoX3VzZXJfaWQiOiIxIiwiX2F1dGhfdXNlcl9iYWNrZW5kIjoiZGphbmdvLmNvbnRyaWIuYXV0aC5iYWNrZW5kcy5Nb2RlbEJhY2tlbmQifQ==','2016-02-02 09:11:37'),('9uuthxumlk3t2gblque47o5bi5k2u16e','YWZiNjQ3ODcxYWJjYmM3ZDI2NDMyZGU5MDhjYTcwMDYzNjM1OWQ3MTp7Il9hdXRoX3VzZXJfYmFja2VuZCI6ImRqYW5nby5jb250cmliLmF1dGguYmFja2VuZHMuTW9kZWxCYWNrZW5kIiwiX2F1dGhfdXNlcl9oYXNoIjoiY2YyNDBiOWFlODk1NjI1MzU2Mzk5NWU2OGY0NDNjYmUxZWViMmNjOCIsIl9hdXRoX3VzZXJfaWQiOiIxIiwiX3Nlc3Npb25fZXhwaXJ5Ijo2MH0=','2016-01-31 15:47:47'),('9wmmsu2fwbetq0j49ujjep4m2t9rxabh','NjA0MzJkY2MwNmNlNTY0MmNkYjViY2Y0MTk4ZTYwMzJlMmI3NmM4Njp7Il9hdXRoX3VzZXJfaGFzaCI6ImNmMjQwYjlhZTg5NTYyNTM1NjM5OTVlNjhmNDQzY2JlMWVlYjJjYzgiLCJfYXV0aF91c2VyX2JhY2tlbmQiOiJkamFuZ28uY29udHJpYi5hdXRoLmJhY2tlbmRzLk1vZGVsQmFja2VuZCIsIl9hdXRoX3VzZXJfaWQiOiIxIn0=','2016-03-26 16:40:35'),('a3xkkgklaxh3vqziqaxxll8oot1echn5','YmQzYzFlN2M1OTJhMTMzMGQ0OTkxZjFlNmMxMTUxM2JjZDhmZTI5Yjp7Il9zZXNzaW9uX2V4cGlyeSI6NDAwMCwiX2F1dGhfdXNlcl9oYXNoIjoiY2YyNDBiOWFlODk1NjI1MzU2Mzk5NWU2OGY0NDNjYmUxZWViMmNjOCIsIl9hdXRoX3VzZXJfaWQiOiIxIiwiX2F1dGhfdXNlcl9iYWNrZW5kIjoiZGphbmdvLmNvbnRyaWIuYXV0aC5iYWNrZW5kcy5Nb2RlbEJhY2tlbmQifQ==','2016-02-09 07:08:39'),('aesoyj50l8svlocsft331cexjuzwggik','YmQzYzFlN2M1OTJhMTMzMGQ0OTkxZjFlNmMxMTUxM2JjZDhmZTI5Yjp7Il9zZXNzaW9uX2V4cGlyeSI6NDAwMCwiX2F1dGhfdXNlcl9oYXNoIjoiY2YyNDBiOWFlODk1NjI1MzU2Mzk5NWU2OGY0NDNjYmUxZWViMmNjOCIsIl9hdXRoX3VzZXJfaWQiOiIxIiwiX2F1dGhfdXNlcl9iYWNrZW5kIjoiZGphbmdvLmNvbnRyaWIuYXV0aC5iYWNrZW5kcy5Nb2RlbEJhY2tlbmQifQ==','2016-04-05 12:20:40'),('akxcqnrbsinkly8e8x6cu0bwavvacf6l','NzkyZWIwN2MxOTYwZWI0Nzg2NjEyYmViNWYxM2E2YzBiYzQ4MDhhODp7Il9zZXNzaW9uX2V4cGlyeSI6NjB9','2016-01-31 14:05:43'),('amxp9ukhjslfr70agk3pnyx2ur9vbi3t','YmQzYzFlN2M1OTJhMTMzMGQ0OTkxZjFlNmMxMTUxM2JjZDhmZTI5Yjp7Il9zZXNzaW9uX2V4cGlyeSI6NDAwMCwiX2F1dGhfdXNlcl9oYXNoIjoiY2YyNDBiOWFlODk1NjI1MzU2Mzk5NWU2OGY0NDNjYmUxZWViMmNjOCIsIl9hdXRoX3VzZXJfaWQiOiIxIiwiX2F1dGhfdXNlcl9iYWNrZW5kIjoiZGphbmdvLmNvbnRyaWIuYXV0aC5iYWNrZW5kcy5Nb2RlbEJhY2tlbmQifQ==','2016-02-02 14:27:42'),('ap3pstuqipm3btf9g6krnf3bo3zyblx7','YmQzYzFlN2M1OTJhMTMzMGQ0OTkxZjFlNmMxMTUxM2JjZDhmZTI5Yjp7Il9zZXNzaW9uX2V4cGlyeSI6NDAwMCwiX2F1dGhfdXNlcl9oYXNoIjoiY2YyNDBiOWFlODk1NjI1MzU2Mzk5NWU2OGY0NDNjYmUxZWViMmNjOCIsIl9hdXRoX3VzZXJfaWQiOiIxIiwiX2F1dGhfdXNlcl9iYWNrZW5kIjoiZGphbmdvLmNvbnRyaWIuYXV0aC5iYWNrZW5kcy5Nb2RlbEJhY2tlbmQifQ==','2016-02-03 07:22:35'),('b74jrkphbfw7fbkqhvh559rjksdz01cu','MzA3MTdmMjZjZWFjODkzZWRhZDJkYzJmMTc2ZGFmMmJjNzBlMTM5Yjp7Il9zZXNzaW9uX2V4cGlyeSI6NDAwMCwiX2F1dGhfdXNlcl9oYXNoIjoiZTc3MDk4NmYxMjJjYzQzMzhiZTJiNDBjNTE1NTNkZWYwYzMwOWU5ZCIsIl9hdXRoX3VzZXJfaWQiOiIyIiwiX2F1dGhfdXNlcl9iYWNrZW5kIjoiZGphbmdvLmNvbnRyaWIuYXV0aC5iYWNrZW5kcy5Nb2RlbEJhY2tlbmQifQ==','2016-02-10 12:48:15'),('b9fz07pzm5at5wmzwiz250yjvoijfur4','MzA3MTdmMjZjZWFjODkzZWRhZDJkYzJmMTc2ZGFmMmJjNzBlMTM5Yjp7Il9zZXNzaW9uX2V4cGlyeSI6NDAwMCwiX2F1dGhfdXNlcl9oYXNoIjoiZTc3MDk4NmYxMjJjYzQzMzhiZTJiNDBjNTE1NTNkZWYwYzMwOWU5ZCIsIl9hdXRoX3VzZXJfaWQiOiIyIiwiX2F1dGhfdXNlcl9iYWNrZW5kIjoiZGphbmdvLmNvbnRyaWIuYXV0aC5iYWNrZW5kcy5Nb2RlbEJhY2tlbmQifQ==','2016-02-10 12:42:56'),('bhljbfoku12bpq56hr3pwuqi8ocayerr','NjA0MzJkY2MwNmNlNTY0MmNkYjViY2Y0MTk4ZTYwMzJlMmI3NmM4Njp7Il9hdXRoX3VzZXJfaGFzaCI6ImNmMjQwYjlhZTg5NTYyNTM1NjM5OTVlNjhmNDQzY2JlMWVlYjJjYzgiLCJfYXV0aF91c2VyX2JhY2tlbmQiOiJkamFuZ28uY29udHJpYi5hdXRoLmJhY2tlbmRzLk1vZGVsQmFja2VuZCIsIl9hdXRoX3VzZXJfaWQiOiIxIn0=','2016-04-30 14:47:14'),('blbltj102xlot2bvhmfj7qwz5ui7egdq','YmQzYzFlN2M1OTJhMTMzMGQ0OTkxZjFlNmMxMTUxM2JjZDhmZTI5Yjp7Il9zZXNzaW9uX2V4cGlyeSI6NDAwMCwiX2F1dGhfdXNlcl9oYXNoIjoiY2YyNDBiOWFlODk1NjI1MzU2Mzk5NWU2OGY0NDNjYmUxZWViMmNjOCIsIl9hdXRoX3VzZXJfaWQiOiIxIiwiX2F1dGhfdXNlcl9iYWNrZW5kIjoiZGphbmdvLmNvbnRyaWIuYXV0aC5iYWNrZW5kcy5Nb2RlbEJhY2tlbmQifQ==','2016-02-03 12:03:31'),('bma2ln9klyy11eivrk0y5g37u93afci1','YmQzYzFlN2M1OTJhMTMzMGQ0OTkxZjFlNmMxMTUxM2JjZDhmZTI5Yjp7Il9zZXNzaW9uX2V4cGlyeSI6NDAwMCwiX2F1dGhfdXNlcl9oYXNoIjoiY2YyNDBiOWFlODk1NjI1MzU2Mzk5NWU2OGY0NDNjYmUxZWViMmNjOCIsIl9hdXRoX3VzZXJfaWQiOiIxIiwiX2F1dGhfdXNlcl9iYWNrZW5kIjoiZGphbmdvLmNvbnRyaWIuYXV0aC5iYWNrZW5kcy5Nb2RlbEJhY2tlbmQifQ==','2016-02-04 16:47:32'),('brfbwrt0tbo850doug5e33bu48bguqqq','NjA0MzJkY2MwNmNlNTY0MmNkYjViY2Y0MTk4ZTYwMzJlMmI3NmM4Njp7Il9hdXRoX3VzZXJfaGFzaCI6ImNmMjQwYjlhZTg5NTYyNTM1NjM5OTVlNjhmNDQzY2JlMWVlYjJjYzgiLCJfYXV0aF91c2VyX2JhY2tlbmQiOiJkamFuZ28uY29udHJpYi5hdXRoLmJhY2tlbmRzLk1vZGVsQmFja2VuZCIsIl9hdXRoX3VzZXJfaWQiOiIxIn0=','2016-02-27 09:10:25'),('buk3lbfn2d02se1a0oarj3zubotx8b43','OTg4ZDQ0Y2M1NTgwN2Q1NWRiNDEyYzQzNGU3ODljNmVkOTMxYzMzODp7Il9hdXRoX3VzZXJfYmFja2VuZCI6ImRqYW5nby5jb250cmliLmF1dGguYmFja2VuZHMuTW9kZWxCYWNrZW5kIiwiX2F1dGhfdXNlcl9oYXNoIjoiZTc3MDk4NmYxMjJjYzQzMzhiZTJiNDBjNTE1NTNkZWYwYzMwOWU5ZCIsIl9hdXRoX3VzZXJfaWQiOiIyIiwiX3Nlc3Npb25fZXhwaXJ5Ijo0MDAwfQ==','2016-03-07 20:20:42'),('c02uvvm4s7pfhynaecvk2rsunpj58g37','YmQzYzFlN2M1OTJhMTMzMGQ0OTkxZjFlNmMxMTUxM2JjZDhmZTI5Yjp7Il9zZXNzaW9uX2V4cGlyeSI6NDAwMCwiX2F1dGhfdXNlcl9oYXNoIjoiY2YyNDBiOWFlODk1NjI1MzU2Mzk5NWU2OGY0NDNjYmUxZWViMmNjOCIsIl9hdXRoX3VzZXJfaWQiOiIxIiwiX2F1dGhfdXNlcl9iYWNrZW5kIjoiZGphbmdvLmNvbnRyaWIuYXV0aC5iYWNrZW5kcy5Nb2RlbEJhY2tlbmQifQ==','2016-02-04 06:56:49'),('c0x25cq3a79v7iu7e08y1wiyy6f652tu','YmQzYzFlN2M1OTJhMTMzMGQ0OTkxZjFlNmMxMTUxM2JjZDhmZTI5Yjp7Il9zZXNzaW9uX2V4cGlyeSI6NDAwMCwiX2F1dGhfdXNlcl9oYXNoIjoiY2YyNDBiOWFlODk1NjI1MzU2Mzk5NWU2OGY0NDNjYmUxZWViMmNjOCIsIl9hdXRoX3VzZXJfaWQiOiIxIiwiX2F1dGhfdXNlcl9iYWNrZW5kIjoiZGphbmdvLmNvbnRyaWIuYXV0aC5iYWNrZW5kcy5Nb2RlbEJhY2tlbmQifQ==','2016-02-11 11:13:22'),('c7n7svmfrinvdbtcb7c1agpjoqixfqbm','YmQzYzFlN2M1OTJhMTMzMGQ0OTkxZjFlNmMxMTUxM2JjZDhmZTI5Yjp7Il9zZXNzaW9uX2V4cGlyeSI6NDAwMCwiX2F1dGhfdXNlcl9oYXNoIjoiY2YyNDBiOWFlODk1NjI1MzU2Mzk5NWU2OGY0NDNjYmUxZWViMmNjOCIsIl9hdXRoX3VzZXJfaWQiOiIxIiwiX2F1dGhfdXNlcl9iYWNrZW5kIjoiZGphbmdvLmNvbnRyaWIuYXV0aC5iYWNrZW5kcy5Nb2RlbEJhY2tlbmQifQ==','2016-02-08 08:33:12'),('c98d6720psiia06cqsf9d923zbydztnk','NzkyZWIwN2MxOTYwZWI0Nzg2NjEyYmViNWYxM2E2YzBiYzQ4MDhhODp7Il9zZXNzaW9uX2V4cGlyeSI6NjB9','2016-01-31 14:47:14'),('ckftp2wjak11prerrruovl3nqfxbpkbf','YmQzYzFlN2M1OTJhMTMzMGQ0OTkxZjFlNmMxMTUxM2JjZDhmZTI5Yjp7Il9zZXNzaW9uX2V4cGlyeSI6NDAwMCwiX2F1dGhfdXNlcl9oYXNoIjoiY2YyNDBiOWFlODk1NjI1MzU2Mzk5NWU2OGY0NDNjYmUxZWViMmNjOCIsIl9hdXRoX3VzZXJfaWQiOiIxIiwiX2F1dGhfdXNlcl9iYWNrZW5kIjoiZGphbmdvLmNvbnRyaWIuYXV0aC5iYWNrZW5kcy5Nb2RlbEJhY2tlbmQifQ==','2016-02-02 13:12:42'),('cwkm94q5q9blzab3x622qzqib7seu6ug','NjA0MzJkY2MwNmNlNTY0MmNkYjViY2Y0MTk4ZTYwMzJlMmI3NmM4Njp7Il9hdXRoX3VzZXJfaGFzaCI6ImNmMjQwYjlhZTg5NTYyNTM1NjM5OTVlNjhmNDQzY2JlMWVlYjJjYzgiLCJfYXV0aF91c2VyX2JhY2tlbmQiOiJkamFuZ28uY29udHJpYi5hdXRoLmJhY2tlbmRzLk1vZGVsQmFja2VuZCIsIl9hdXRoX3VzZXJfaWQiOiIxIn0=','2016-03-23 14:51:44'),('czdk4wniqx92m2kicz5c5g697vodndlo','NzEyOWM0ZmIzN2EwOTBjMTU5YjcyMDVlNjRmYzE5ZTQxN2M3MmVjMTp7Il9hdXRoX3VzZXJfaGFzaCI6ImU3NzA5ODZmMTIyY2M0MzM4YmUyYjQwYzUxNTUzZGVmMGMzMDllOWQiLCJfYXV0aF91c2VyX2JhY2tlbmQiOiJkamFuZ28uY29udHJpYi5hdXRoLmJhY2tlbmRzLk1vZGVsQmFja2VuZCIsIl9hdXRoX3VzZXJfaWQiOiIyIn0=','2016-03-23 11:57:11'),('dagsmt2kas0bs7vmu3fzwhycanvz56mv','YmQzYzFlN2M1OTJhMTMzMGQ0OTkxZjFlNmMxMTUxM2JjZDhmZTI5Yjp7Il9zZXNzaW9uX2V4cGlyeSI6NDAwMCwiX2F1dGhfdXNlcl9oYXNoIjoiY2YyNDBiOWFlODk1NjI1MzU2Mzk5NWU2OGY0NDNjYmUxZWViMmNjOCIsIl9hdXRoX3VzZXJfaWQiOiIxIiwiX2F1dGhfdXNlcl9iYWNrZW5kIjoiZGphbmdvLmNvbnRyaWIuYXV0aC5iYWNrZW5kcy5Nb2RlbEJhY2tlbmQifQ==','2016-02-09 05:14:36'),('do4nzsrrt79l1yqferxi0b83e4bk9qx0','YmQzYzFlN2M1OTJhMTMzMGQ0OTkxZjFlNmMxMTUxM2JjZDhmZTI5Yjp7Il9zZXNzaW9uX2V4cGlyeSI6NDAwMCwiX2F1dGhfdXNlcl9oYXNoIjoiY2YyNDBiOWFlODk1NjI1MzU2Mzk5NWU2OGY0NDNjYmUxZWViMmNjOCIsIl9hdXRoX3VzZXJfaWQiOiIxIiwiX2F1dGhfdXNlcl9iYWNrZW5kIjoiZGphbmdvLmNvbnRyaWIuYXV0aC5iYWNrZW5kcy5Nb2RlbEJhY2tlbmQifQ==','2016-02-03 16:54:00'),('dw7ddmu35biz99f04861a032ys5vg7uq','YmQzYzFlN2M1OTJhMTMzMGQ0OTkxZjFlNmMxMTUxM2JjZDhmZTI5Yjp7Il9zZXNzaW9uX2V4cGlyeSI6NDAwMCwiX2F1dGhfdXNlcl9oYXNoIjoiY2YyNDBiOWFlODk1NjI1MzU2Mzk5NWU2OGY0NDNjYmUxZWViMmNjOCIsIl9hdXRoX3VzZXJfaWQiOiIxIiwiX2F1dGhfdXNlcl9iYWNrZW5kIjoiZGphbmdvLmNvbnRyaWIuYXV0aC5iYWNrZW5kcy5Nb2RlbEJhY2tlbmQifQ==','2016-02-03 09:01:43'),('e7nsybvlo7iirbcj5gyp3370tw3eqcb5','NjA0MzJkY2MwNmNlNTY0MmNkYjViY2Y0MTk4ZTYwMzJlMmI3NmM4Njp7Il9hdXRoX3VzZXJfaGFzaCI6ImNmMjQwYjlhZTg5NTYyNTM1NjM5OTVlNjhmNDQzY2JlMWVlYjJjYzgiLCJfYXV0aF91c2VyX2JhY2tlbmQiOiJkamFuZ28uY29udHJpYi5hdXRoLmJhY2tlbmRzLk1vZGVsQmFja2VuZCIsIl9hdXRoX3VzZXJfaWQiOiIxIn0=','2016-04-25 20:01:15'),('ewos6q2fbkoxd84ai4cpy0uzkrsenl0r','YmQzYzFlN2M1OTJhMTMzMGQ0OTkxZjFlNmMxMTUxM2JjZDhmZTI5Yjp7Il9zZXNzaW9uX2V4cGlyeSI6NDAwMCwiX2F1dGhfdXNlcl9oYXNoIjoiY2YyNDBiOWFlODk1NjI1MzU2Mzk5NWU2OGY0NDNjYmUxZWViMmNjOCIsIl9hdXRoX3VzZXJfaWQiOiIxIiwiX2F1dGhfdXNlcl9iYWNrZW5kIjoiZGphbmdvLmNvbnRyaWIuYXV0aC5iYWNrZW5kcy5Nb2RlbEJhY2tlbmQifQ==','2016-02-08 17:27:38'),('fh2sd8xhdol4xyp4qod8npr9rc5lp4qa','NjA0MzJkY2MwNmNlNTY0MmNkYjViY2Y0MTk4ZTYwMzJlMmI3NmM4Njp7Il9hdXRoX3VzZXJfaGFzaCI6ImNmMjQwYjlhZTg5NTYyNTM1NjM5OTVlNjhmNDQzY2JlMWVlYjJjYzgiLCJfYXV0aF91c2VyX2JhY2tlbmQiOiJkamFuZ28uY29udHJpYi5hdXRoLmJhY2tlbmRzLk1vZGVsQmFja2VuZCIsIl9hdXRoX3VzZXJfaWQiOiIxIn0=','2016-01-27 11:55:31'),('g93v8gx6oxvasy1g2t4yyot1ldkzmn44','NjA0MzJkY2MwNmNlNTY0MmNkYjViY2Y0MTk4ZTYwMzJlMmI3NmM4Njp7Il9hdXRoX3VzZXJfaGFzaCI6ImNmMjQwYjlhZTg5NTYyNTM1NjM5OTVlNjhmNDQzY2JlMWVlYjJjYzgiLCJfYXV0aF91c2VyX2JhY2tlbmQiOiJkamFuZ28uY29udHJpYi5hdXRoLmJhY2tlbmRzLk1vZGVsQmFja2VuZCIsIl9hdXRoX3VzZXJfaWQiOiIxIn0=','2016-03-17 08:29:29'),('gyqdc11mk7pyu15mbo9v9c2113s88n5j','NzkyZWIwN2MxOTYwZWI0Nzg2NjEyYmViNWYxM2E2YzBiYzQ4MDhhODp7Il9zZXNzaW9uX2V4cGlyeSI6NjB9','2016-01-31 13:56:14'),('gzy03on7v12gy11o5ggz93wdbshkxj16','NzkyZWIwN2MxOTYwZWI0Nzg2NjEyYmViNWYxM2E2YzBiYzQ4MDhhODp7Il9zZXNzaW9uX2V4cGlyeSI6NjB9','2016-01-31 14:48:43'),('hbooxl3pl6dl570u05hqegg8usydllgq','NjA0MzJkY2MwNmNlNTY0MmNkYjViY2Y0MTk4ZTYwMzJlMmI3NmM4Njp7Il9hdXRoX3VzZXJfaGFzaCI6ImNmMjQwYjlhZTg5NTYyNTM1NjM5OTVlNjhmNDQzY2JlMWVlYjJjYzgiLCJfYXV0aF91c2VyX2JhY2tlbmQiOiJkamFuZ28uY29udHJpYi5hdXRoLmJhY2tlbmRzLk1vZGVsQmFja2VuZCIsIl9hdXRoX3VzZXJfaWQiOiIxIn0=','2016-03-17 16:39:05'),('hejqpytxpyd48g42jkp46mbezdjnalfx','NjA0MzJkY2MwNmNlNTY0MmNkYjViY2Y0MTk4ZTYwMzJlMmI3NmM4Njp7Il9hdXRoX3VzZXJfaGFzaCI6ImNmMjQwYjlhZTg5NTYyNTM1NjM5OTVlNjhmNDQzY2JlMWVlYjJjYzgiLCJfYXV0aF91c2VyX2JhY2tlbmQiOiJkamFuZ28uY29udHJpYi5hdXRoLmJhY2tlbmRzLk1vZGVsQmFja2VuZCIsIl9hdXRoX3VzZXJfaWQiOiIxIn0=','2016-05-09 13:46:09'),('hmqa9vhd3o567jc65idz8b8l80svly7a','YmQzYzFlN2M1OTJhMTMzMGQ0OTkxZjFlNmMxMTUxM2JjZDhmZTI5Yjp7Il9zZXNzaW9uX2V4cGlyeSI6NDAwMCwiX2F1dGhfdXNlcl9oYXNoIjoiY2YyNDBiOWFlODk1NjI1MzU2Mzk5NWU2OGY0NDNjYmUxZWViMmNjOCIsIl9hdXRoX3VzZXJfaWQiOiIxIiwiX2F1dGhfdXNlcl9iYWNrZW5kIjoiZGphbmdvLmNvbnRyaWIuYXV0aC5iYWNrZW5kcy5Nb2RlbEJhY2tlbmQifQ==','2016-02-04 10:23:53'),('htp6e7ruvrktnjskouxgqghdghlfe7vw','YmQzYzFlN2M1OTJhMTMzMGQ0OTkxZjFlNmMxMTUxM2JjZDhmZTI5Yjp7Il9zZXNzaW9uX2V4cGlyeSI6NDAwMCwiX2F1dGhfdXNlcl9oYXNoIjoiY2YyNDBiOWFlODk1NjI1MzU2Mzk5NWU2OGY0NDNjYmUxZWViMmNjOCIsIl9hdXRoX3VzZXJfaWQiOiIxIiwiX2F1dGhfdXNlcl9iYWNrZW5kIjoiZGphbmdvLmNvbnRyaWIuYXV0aC5iYWNrZW5kcy5Nb2RlbEJhY2tlbmQifQ==','2016-02-06 17:37:54'),('i73v8uhnocfapbsh7sryo2g4n27q9dw8','MzA3MTdmMjZjZWFjODkzZWRhZDJkYzJmMTc2ZGFmMmJjNzBlMTM5Yjp7Il9zZXNzaW9uX2V4cGlyeSI6NDAwMCwiX2F1dGhfdXNlcl9oYXNoIjoiZTc3MDk4NmYxMjJjYzQzMzhiZTJiNDBjNTE1NTNkZWYwYzMwOWU5ZCIsIl9hdXRoX3VzZXJfaWQiOiIyIiwiX2F1dGhfdXNlcl9iYWNrZW5kIjoiZGphbmdvLmNvbnRyaWIuYXV0aC5iYWNrZW5kcy5Nb2RlbEJhY2tlbmQifQ==','2016-02-03 17:02:09'),('iculg13xextj8exaf5fd21w1htwbjznc','YmQzYzFlN2M1OTJhMTMzMGQ0OTkxZjFlNmMxMTUxM2JjZDhmZTI5Yjp7Il9zZXNzaW9uX2V4cGlyeSI6NDAwMCwiX2F1dGhfdXNlcl9oYXNoIjoiY2YyNDBiOWFlODk1NjI1MzU2Mzk5NWU2OGY0NDNjYmUxZWViMmNjOCIsIl9hdXRoX3VzZXJfaWQiOiIxIiwiX2F1dGhfdXNlcl9iYWNrZW5kIjoiZGphbmdvLmNvbnRyaWIuYXV0aC5iYWNrZW5kcy5Nb2RlbEJhY2tlbmQifQ==','2016-02-06 16:21:58'),('idn5ltnhwr2vm39l2o1u7rmk9k3khm2v','NzkyZWIwN2MxOTYwZWI0Nzg2NjEyYmViNWYxM2E2YzBiYzQ4MDhhODp7Il9zZXNzaW9uX2V4cGlyeSI6NjB9','2016-01-31 14:01:56'),('if3vxvv70hvcu77g6iu2x7lt6o9tv52o','YmQzYzFlN2M1OTJhMTMzMGQ0OTkxZjFlNmMxMTUxM2JjZDhmZTI5Yjp7Il9zZXNzaW9uX2V4cGlyeSI6NDAwMCwiX2F1dGhfdXNlcl9oYXNoIjoiY2YyNDBiOWFlODk1NjI1MzU2Mzk5NWU2OGY0NDNjYmUxZWViMmNjOCIsIl9hdXRoX3VzZXJfaWQiOiIxIiwiX2F1dGhfdXNlcl9iYWNrZW5kIjoiZGphbmdvLmNvbnRyaWIuYXV0aC5iYWNrZW5kcy5Nb2RlbEJhY2tlbmQifQ==','2016-02-07 14:03:37'),('iiopctmyrf1s4afkqmg7lbn4ln2n4e0h','YmQzYzFlN2M1OTJhMTMzMGQ0OTkxZjFlNmMxMTUxM2JjZDhmZTI5Yjp7Il9zZXNzaW9uX2V4cGlyeSI6NDAwMCwiX2F1dGhfdXNlcl9oYXNoIjoiY2YyNDBiOWFlODk1NjI1MzU2Mzk5NWU2OGY0NDNjYmUxZWViMmNjOCIsIl9hdXRoX3VzZXJfaWQiOiIxIiwiX2F1dGhfdXNlcl9iYWNrZW5kIjoiZGphbmdvLmNvbnRyaWIuYXV0aC5iYWNrZW5kcy5Nb2RlbEJhY2tlbmQifQ==','2016-02-05 06:10:59'),('ip8g6bseeghdheu7i3o9x672rl7uaxzb','YmQzYzFlN2M1OTJhMTMzMGQ0OTkxZjFlNmMxMTUxM2JjZDhmZTI5Yjp7Il9zZXNzaW9uX2V4cGlyeSI6NDAwMCwiX2F1dGhfdXNlcl9oYXNoIjoiY2YyNDBiOWFlODk1NjI1MzU2Mzk5NWU2OGY0NDNjYmUxZWViMmNjOCIsIl9hdXRoX3VzZXJfaWQiOiIxIiwiX2F1dGhfdXNlcl9iYWNrZW5kIjoiZGphbmdvLmNvbnRyaWIuYXV0aC5iYWNrZW5kcy5Nb2RlbEJhY2tlbmQifQ==','2016-02-10 16:30:14'),('jat7vvspq9j52e8t0i0djg84y4w5qy8l','YWQ2YjVkMTgyNzE4NjA4MzUwMzNkZTYyYmU4OGQwNzdjYmY5OTNlMzp7Il9zZXNzaW9uX2V4cGlyeSI6NjAsIl9hdXRoX3VzZXJfaGFzaCI6ImNmMjQwYjlhZTg5NTYyNTM1NjM5OTVlNjhmNDQzY2JlMWVlYjJjYzgiLCJfYXV0aF91c2VyX2lkIjoiMSIsIl9hdXRoX3VzZXJfYmFja2VuZCI6ImRqYW5nby5jb250cmliLmF1dGguYmFja2VuZHMuTW9kZWxCYWNrZW5kIn0=','2016-01-31 15:12:35'),('jbfa8janfjkhfmmrm6mpbusz1frj7o5l','NjA0MzJkY2MwNmNlNTY0MmNkYjViY2Y0MTk4ZTYwMzJlMmI3NmM4Njp7Il9hdXRoX3VzZXJfaGFzaCI6ImNmMjQwYjlhZTg5NTYyNTM1NjM5OTVlNjhmNDQzY2JlMWVlYjJjYzgiLCJfYXV0aF91c2VyX2JhY2tlbmQiOiJkamFuZ28uY29udHJpYi5hdXRoLmJhY2tlbmRzLk1vZGVsQmFja2VuZCIsIl9hdXRoX3VzZXJfaWQiOiIxIn0=','2016-04-25 13:30:39'),('jbrxxytn9wvefessf42nqnhgz8uwkwp9','NzkyZWIwN2MxOTYwZWI0Nzg2NjEyYmViNWYxM2E2YzBiYzQ4MDhhODp7Il9zZXNzaW9uX2V4cGlyeSI6NjB9','2016-01-31 14:10:23'),('jqntsal1l03o3500lfpzexgontbfh3c4','NjA0MzJkY2MwNmNlNTY0MmNkYjViY2Y0MTk4ZTYwMzJlMmI3NmM4Njp7Il9hdXRoX3VzZXJfaGFzaCI6ImNmMjQwYjlhZTg5NTYyNTM1NjM5OTVlNjhmNDQzY2JlMWVlYjJjYzgiLCJfYXV0aF91c2VyX2JhY2tlbmQiOiJkamFuZ28uY29udHJpYi5hdXRoLmJhY2tlbmRzLk1vZGVsQmFja2VuZCIsIl9hdXRoX3VzZXJfaWQiOiIxIn0=','2016-03-24 17:18:33'),('jrdiv56qj3iwugd9wx6tmeb9vtya6ix5','NjA0MzJkY2MwNmNlNTY0MmNkYjViY2Y0MTk4ZTYwMzJlMmI3NmM4Njp7Il9hdXRoX3VzZXJfaGFzaCI6ImNmMjQwYjlhZTg5NTYyNTM1NjM5OTVlNjhmNDQzY2JlMWVlYjJjYzgiLCJfYXV0aF91c2VyX2JhY2tlbmQiOiJkamFuZ28uY29udHJpYi5hdXRoLmJhY2tlbmRzLk1vZGVsQmFja2VuZCIsIl9hdXRoX3VzZXJfaWQiOiIxIn0=','2016-04-10 15:56:38'),('jtx3376z6bls1chv3k7gabpee7awvhwy','NzEyOWM0ZmIzN2EwOTBjMTU5YjcyMDVlNjRmYzE5ZTQxN2M3MmVjMTp7Il9hdXRoX3VzZXJfaGFzaCI6ImU3NzA5ODZmMTIyY2M0MzM4YmUyYjQwYzUxNTUzZGVmMGMzMDllOWQiLCJfYXV0aF91c2VyX2JhY2tlbmQiOiJkamFuZ28uY29udHJpYi5hdXRoLmJhY2tlbmRzLk1vZGVsQmFja2VuZCIsIl9hdXRoX3VzZXJfaWQiOiIyIn0=','2016-04-07 13:55:34'),('jykv673e674kwrs2k75aubuzyhsjenm1','YmQzYzFlN2M1OTJhMTMzMGQ0OTkxZjFlNmMxMTUxM2JjZDhmZTI5Yjp7Il9zZXNzaW9uX2V4cGlyeSI6NDAwMCwiX2F1dGhfdXNlcl9oYXNoIjoiY2YyNDBiOWFlODk1NjI1MzU2Mzk5NWU2OGY0NDNjYmUxZWViMmNjOCIsIl9hdXRoX3VzZXJfaWQiOiIxIiwiX2F1dGhfdXNlcl9iYWNrZW5kIjoiZGphbmdvLmNvbnRyaWIuYXV0aC5iYWNrZW5kcy5Nb2RlbEJhY2tlbmQifQ==','2016-02-08 12:43:07'),('jylj5sjj80ombb5arn32i2duygldi2gc','NjA0MzJkY2MwNmNlNTY0MmNkYjViY2Y0MTk4ZTYwMzJlMmI3NmM4Njp7Il9hdXRoX3VzZXJfaGFzaCI6ImNmMjQwYjlhZTg5NTYyNTM1NjM5OTVlNjhmNDQzY2JlMWVlYjJjYzgiLCJfYXV0aF91c2VyX2JhY2tlbmQiOiJkamFuZ28uY29udHJpYi5hdXRoLmJhY2tlbmRzLk1vZGVsQmFja2VuZCIsIl9hdXRoX3VzZXJfaWQiOiIxIn0=','2016-04-10 14:21:24'),('k3y8p6918o279d2mxkdyx0ywg0n4yjxx','Mjg0ZjFmOTIzY2JmNmQzYjQwNTc2MDYzY2M0Nzg4NDA0ZDhiMTdhNzp7Il9zZXNzaW9uX2V4cGlyeSI6NjAwMDB9','2016-02-01 09:31:22'),('k767vo3qgvs8babfcxs5r2sgrlzioh1w','YmQzYzFlN2M1OTJhMTMzMGQ0OTkxZjFlNmMxMTUxM2JjZDhmZTI5Yjp7Il9zZXNzaW9uX2V4cGlyeSI6NDAwMCwiX2F1dGhfdXNlcl9oYXNoIjoiY2YyNDBiOWFlODk1NjI1MzU2Mzk5NWU2OGY0NDNjYmUxZWViMmNjOCIsIl9hdXRoX3VzZXJfaWQiOiIxIiwiX2F1dGhfdXNlcl9iYWNrZW5kIjoiZGphbmdvLmNvbnRyaWIuYXV0aC5iYWNrZW5kcy5Nb2RlbEJhY2tlbmQifQ==','2016-02-11 08:19:23'),('kaz6zbs0qac1o3jbx12vy7a4xxscyz0j','YmQzYzFlN2M1OTJhMTMzMGQ0OTkxZjFlNmMxMTUxM2JjZDhmZTI5Yjp7Il9zZXNzaW9uX2V4cGlyeSI6NDAwMCwiX2F1dGhfdXNlcl9oYXNoIjoiY2YyNDBiOWFlODk1NjI1MzU2Mzk5NWU2OGY0NDNjYmUxZWViMmNjOCIsIl9hdXRoX3VzZXJfaWQiOiIxIiwiX2F1dGhfdXNlcl9iYWNrZW5kIjoiZGphbmdvLmNvbnRyaWIuYXV0aC5iYWNrZW5kcy5Nb2RlbEJhY2tlbmQifQ==','2016-02-04 09:14:02'),('kdhzvj5fsxh3t0ralc69ec0jyo47fdvx','YmQzYzFlN2M1OTJhMTMzMGQ0OTkxZjFlNmMxMTUxM2JjZDhmZTI5Yjp7Il9zZXNzaW9uX2V4cGlyeSI6NDAwMCwiX2F1dGhfdXNlcl9oYXNoIjoiY2YyNDBiOWFlODk1NjI1MzU2Mzk5NWU2OGY0NDNjYmUxZWViMmNjOCIsIl9hdXRoX3VzZXJfaWQiOiIxIiwiX2F1dGhfdXNlcl9iYWNrZW5kIjoiZGphbmdvLmNvbnRyaWIuYXV0aC5iYWNrZW5kcy5Nb2RlbEJhY2tlbmQifQ==','2016-02-06 10:05:56'),('ke2wsantrpquq1xwi4ejevwwytiobqqh','YTQ0ZDJmYTc1OWYxODg2ZjljZDMyMmMwMzA3NDY5ZTE2MjljMjVlMDp7Il9hdXRoX3VzZXJfYmFja2VuZCI6ImRqYW5nby5jb250cmliLmF1dGguYmFja2VuZHMuTW9kZWxCYWNrZW5kIiwiX2F1dGhfdXNlcl9oYXNoIjoiY2YyNDBiOWFlODk1NjI1MzU2Mzk5NWU2OGY0NDNjYmUxZWViMmNjOCIsIl9hdXRoX3VzZXJfaWQiOiIxIiwiX3Nlc3Npb25fZXhwaXJ5Ijo0MDAwfQ==','2016-02-01 08:38:51'),('ken3po4gs9hx75vmfu0o39xemdn573bc','YmQzYzFlN2M1OTJhMTMzMGQ0OTkxZjFlNmMxMTUxM2JjZDhmZTI5Yjp7Il9zZXNzaW9uX2V4cGlyeSI6NDAwMCwiX2F1dGhfdXNlcl9oYXNoIjoiY2YyNDBiOWFlODk1NjI1MzU2Mzk5NWU2OGY0NDNjYmUxZWViMmNjOCIsIl9hdXRoX3VzZXJfaWQiOiIxIiwiX2F1dGhfdXNlcl9iYWNrZW5kIjoiZGphbmdvLmNvbnRyaWIuYXV0aC5iYWNrZW5kcy5Nb2RlbEJhY2tlbmQifQ==','2016-02-03 07:06:35'),('kfkiqsvqcrelws8fkuw3bgf76kfr5qp9','YmQzYzFlN2M1OTJhMTMzMGQ0OTkxZjFlNmMxMTUxM2JjZDhmZTI5Yjp7Il9zZXNzaW9uX2V4cGlyeSI6NDAwMCwiX2F1dGhfdXNlcl9oYXNoIjoiY2YyNDBiOWFlODk1NjI1MzU2Mzk5NWU2OGY0NDNjYmUxZWViMmNjOCIsIl9hdXRoX3VzZXJfaWQiOiIxIiwiX2F1dGhfdXNlcl9iYWNrZW5kIjoiZGphbmdvLmNvbnRyaWIuYXV0aC5iYWNrZW5kcy5Nb2RlbEJhY2tlbmQifQ==','2016-02-07 12:55:44'),('kgr4is5s89ya9az5qeuhgnegz75rfiqg','YmQzYzFlN2M1OTJhMTMzMGQ0OTkxZjFlNmMxMTUxM2JjZDhmZTI5Yjp7Il9zZXNzaW9uX2V4cGlyeSI6NDAwMCwiX2F1dGhfdXNlcl9oYXNoIjoiY2YyNDBiOWFlODk1NjI1MzU2Mzk5NWU2OGY0NDNjYmUxZWViMmNjOCIsIl9hdXRoX3VzZXJfaWQiOiIxIiwiX2F1dGhfdXNlcl9iYWNrZW5kIjoiZGphbmdvLmNvbnRyaWIuYXV0aC5iYWNrZW5kcy5Nb2RlbEJhY2tlbmQifQ==','2016-02-10 06:35:50'),('ko4lmtcq5asj6ycqjpe2jjg6t6z0i8sd','NzEyOWM0ZmIzN2EwOTBjMTU5YjcyMDVlNjRmYzE5ZTQxN2M3MmVjMTp7Il9hdXRoX3VzZXJfaGFzaCI6ImU3NzA5ODZmMTIyY2M0MzM4YmUyYjQwYzUxNTUzZGVmMGMzMDllOWQiLCJfYXV0aF91c2VyX2JhY2tlbmQiOiJkamFuZ28uY29udHJpYi5hdXRoLmJhY2tlbmRzLk1vZGVsQmFja2VuZCIsIl9hdXRoX3VzZXJfaWQiOiIyIn0=','2016-05-10 09:49:55'),('kod0xiy0c8xh262303oe9csm8uup73mp','YmQzYzFlN2M1OTJhMTMzMGQ0OTkxZjFlNmMxMTUxM2JjZDhmZTI5Yjp7Il9zZXNzaW9uX2V4cGlyeSI6NDAwMCwiX2F1dGhfdXNlcl9oYXNoIjoiY2YyNDBiOWFlODk1NjI1MzU2Mzk5NWU2OGY0NDNjYmUxZWViMmNjOCIsIl9hdXRoX3VzZXJfaWQiOiIxIiwiX2F1dGhfdXNlcl9iYWNrZW5kIjoiZGphbmdvLmNvbnRyaWIuYXV0aC5iYWNrZW5kcy5Nb2RlbEJhY2tlbmQifQ==','2016-02-05 05:04:03'),('lb2bkigrtl171ii9u8jgpscgxl173gtu','YmQzYzFlN2M1OTJhMTMzMGQ0OTkxZjFlNmMxMTUxM2JjZDhmZTI5Yjp7Il9zZXNzaW9uX2V4cGlyeSI6NDAwMCwiX2F1dGhfdXNlcl9oYXNoIjoiY2YyNDBiOWFlODk1NjI1MzU2Mzk5NWU2OGY0NDNjYmUxZWViMmNjOCIsIl9hdXRoX3VzZXJfaWQiOiIxIiwiX2F1dGhfdXNlcl9iYWNrZW5kIjoiZGphbmdvLmNvbnRyaWIuYXV0aC5iYWNrZW5kcy5Nb2RlbEJhY2tlbmQifQ==','2016-02-08 10:08:39'),('lbbuq3p13t4wt0xfi0tzyvgij9nmxk9h','YmQzYzFlN2M1OTJhMTMzMGQ0OTkxZjFlNmMxMTUxM2JjZDhmZTI5Yjp7Il9zZXNzaW9uX2V4cGlyeSI6NDAwMCwiX2F1dGhfdXNlcl9oYXNoIjoiY2YyNDBiOWFlODk1NjI1MzU2Mzk5NWU2OGY0NDNjYmUxZWViMmNjOCIsIl9hdXRoX3VzZXJfaWQiOiIxIiwiX2F1dGhfdXNlcl9iYWNrZW5kIjoiZGphbmdvLmNvbnRyaWIuYXV0aC5iYWNrZW5kcy5Nb2RlbEJhY2tlbmQifQ==','2016-02-05 10:10:53'),('loxt0ycvtbrweri519xpo3tkuhkgn17s','YmQzYzFlN2M1OTJhMTMzMGQ0OTkxZjFlNmMxMTUxM2JjZDhmZTI5Yjp7Il9zZXNzaW9uX2V4cGlyeSI6NDAwMCwiX2F1dGhfdXNlcl9oYXNoIjoiY2YyNDBiOWFlODk1NjI1MzU2Mzk5NWU2OGY0NDNjYmUxZWViMmNjOCIsIl9hdXRoX3VzZXJfaWQiOiIxIiwiX2F1dGhfdXNlcl9iYWNrZW5kIjoiZGphbmdvLmNvbnRyaWIuYXV0aC5iYWNrZW5kcy5Nb2RlbEJhY2tlbmQifQ==','2016-02-08 06:18:37'),('lqiar0uk1p6uixnp7135zq36p6npv4uv','NzEyOWM0ZmIzN2EwOTBjMTU5YjcyMDVlNjRmYzE5ZTQxN2M3MmVjMTp7Il9hdXRoX3VzZXJfaGFzaCI6ImU3NzA5ODZmMTIyY2M0MzM4YmUyYjQwYzUxNTUzZGVmMGMzMDllOWQiLCJfYXV0aF91c2VyX2JhY2tlbmQiOiJkamFuZ28uY29udHJpYi5hdXRoLmJhY2tlbmRzLk1vZGVsQmFja2VuZCIsIl9hdXRoX3VzZXJfaWQiOiIyIn0=','2016-03-22 11:48:18'),('m1x7hliezx1msbe92jeu42w6vdwlnq1t','MzA3MTdmMjZjZWFjODkzZWRhZDJkYzJmMTc2ZGFmMmJjNzBlMTM5Yjp7Il9zZXNzaW9uX2V4cGlyeSI6NDAwMCwiX2F1dGhfdXNlcl9oYXNoIjoiZTc3MDk4NmYxMjJjYzQzMzhiZTJiNDBjNTE1NTNkZWYwYzMwOWU5ZCIsIl9hdXRoX3VzZXJfaWQiOiIyIiwiX2F1dGhfdXNlcl9iYWNrZW5kIjoiZGphbmdvLmNvbnRyaWIuYXV0aC5iYWNrZW5kcy5Nb2RlbEJhY2tlbmQifQ==','2016-02-03 09:09:51'),('ml0b62dina8h27c8st37s3t6ljjtqaqy','YmQzYzFlN2M1OTJhMTMzMGQ0OTkxZjFlNmMxMTUxM2JjZDhmZTI5Yjp7Il9zZXNzaW9uX2V4cGlyeSI6NDAwMCwiX2F1dGhfdXNlcl9oYXNoIjoiY2YyNDBiOWFlODk1NjI1MzU2Mzk5NWU2OGY0NDNjYmUxZWViMmNjOCIsIl9hdXRoX3VzZXJfaWQiOiIxIiwiX2F1dGhfdXNlcl9iYWNrZW5kIjoiZGphbmdvLmNvbnRyaWIuYXV0aC5iYWNrZW5kcy5Nb2RlbEJhY2tlbmQifQ==','2016-02-09 09:55:27'),('mx1rgq76xf2jzupdbhup1e89llo66z2m','YmQzYzFlN2M1OTJhMTMzMGQ0OTkxZjFlNmMxMTUxM2JjZDhmZTI5Yjp7Il9zZXNzaW9uX2V4cGlyeSI6NDAwMCwiX2F1dGhfdXNlcl9oYXNoIjoiY2YyNDBiOWFlODk1NjI1MzU2Mzk5NWU2OGY0NDNjYmUxZWViMmNjOCIsIl9hdXRoX3VzZXJfaWQiOiIxIiwiX2F1dGhfdXNlcl9iYWNrZW5kIjoiZGphbmdvLmNvbnRyaWIuYXV0aC5iYWNrZW5kcy5Nb2RlbEJhY2tlbmQifQ==','2016-02-06 15:13:23'),('naefx8dgkgotd4fjcrs0bb5ahn3agrnm','YmQzYzFlN2M1OTJhMTMzMGQ0OTkxZjFlNmMxMTUxM2JjZDhmZTI5Yjp7Il9zZXNzaW9uX2V4cGlyeSI6NDAwMCwiX2F1dGhfdXNlcl9oYXNoIjoiY2YyNDBiOWFlODk1NjI1MzU2Mzk5NWU2OGY0NDNjYmUxZWViMmNjOCIsIl9hdXRoX3VzZXJfaWQiOiIxIiwiX2F1dGhfdXNlcl9iYWNrZW5kIjoiZGphbmdvLmNvbnRyaWIuYXV0aC5iYWNrZW5kcy5Nb2RlbEJhY2tlbmQifQ==','2016-02-06 11:13:21'),('ncr4m4bjza76pswatqk8phaczklawowz','MzA3MTdmMjZjZWFjODkzZWRhZDJkYzJmMTc2ZGFmMmJjNzBlMTM5Yjp7Il9zZXNzaW9uX2V4cGlyeSI6NDAwMCwiX2F1dGhfdXNlcl9oYXNoIjoiZTc3MDk4NmYxMjJjYzQzMzhiZTJiNDBjNTE1NTNkZWYwYzMwOWU5ZCIsIl9hdXRoX3VzZXJfaWQiOiIyIiwiX2F1dGhfdXNlcl9iYWNrZW5kIjoiZGphbmdvLmNvbnRyaWIuYXV0aC5iYWNrZW5kcy5Nb2RlbEJhY2tlbmQifQ==','2016-02-03 10:44:31'),('ndqi181k4l3qxuivsz0y3h22r33clibz','YmQzYzFlN2M1OTJhMTMzMGQ0OTkxZjFlNmMxMTUxM2JjZDhmZTI5Yjp7Il9zZXNzaW9uX2V4cGlyeSI6NDAwMCwiX2F1dGhfdXNlcl9oYXNoIjoiY2YyNDBiOWFlODk1NjI1MzU2Mzk5NWU2OGY0NDNjYmUxZWViMmNjOCIsIl9hdXRoX3VzZXJfaWQiOiIxIiwiX2F1dGhfdXNlcl9iYWNrZW5kIjoiZGphbmdvLmNvbnRyaWIuYXV0aC5iYWNrZW5kcy5Nb2RlbEJhY2tlbmQifQ==','2016-02-05 12:50:10'),('nkr1ykkxr30vu2r4lvxg581temoewyd6','YmQzYzFlN2M1OTJhMTMzMGQ0OTkxZjFlNmMxMTUxM2JjZDhmZTI5Yjp7Il9zZXNzaW9uX2V4cGlyeSI6NDAwMCwiX2F1dGhfdXNlcl9oYXNoIjoiY2YyNDBiOWFlODk1NjI1MzU2Mzk5NWU2OGY0NDNjYmUxZWViMmNjOCIsIl9hdXRoX3VzZXJfaWQiOiIxIiwiX2F1dGhfdXNlcl9iYWNrZW5kIjoiZGphbmdvLmNvbnRyaWIuYXV0aC5iYWNrZW5kcy5Nb2RlbEJhY2tlbmQifQ==','2016-02-01 13:16:49'),('nq1dungt28l3ezbvv60e92te14zeihit','MzA3MTdmMjZjZWFjODkzZWRhZDJkYzJmMTc2ZGFmMmJjNzBlMTM5Yjp7Il9zZXNzaW9uX2V4cGlyeSI6NDAwMCwiX2F1dGhfdXNlcl9oYXNoIjoiZTc3MDk4NmYxMjJjYzQzMzhiZTJiNDBjNTE1NTNkZWYwYzMwOWU5ZCIsIl9hdXRoX3VzZXJfaWQiOiIyIiwiX2F1dGhfdXNlcl9iYWNrZW5kIjoiZGphbmdvLmNvbnRyaWIuYXV0aC5iYWNrZW5kcy5Nb2RlbEJhY2tlbmQifQ==','2016-02-01 10:00:53'),('oifmu1k1wv5emyh4y2dvjgadbhfdmre3','NzEyOWM0ZmIzN2EwOTBjMTU5YjcyMDVlNjRmYzE5ZTQxN2M3MmVjMTp7Il9hdXRoX3VzZXJfaGFzaCI6ImU3NzA5ODZmMTIyY2M0MzM4YmUyYjQwYzUxNTUzZGVmMGMzMDllOWQiLCJfYXV0aF91c2VyX2JhY2tlbmQiOiJkamFuZ28uY29udHJpYi5hdXRoLmJhY2tlbmRzLk1vZGVsQmFja2VuZCIsIl9hdXRoX3VzZXJfaWQiOiIyIn0=','2016-04-13 09:07:56'),('ojtv2yqz677krp7xwtnikarhvmxxnivx','YmQzYzFlN2M1OTJhMTMzMGQ0OTkxZjFlNmMxMTUxM2JjZDhmZTI5Yjp7Il9zZXNzaW9uX2V4cGlyeSI6NDAwMCwiX2F1dGhfdXNlcl9oYXNoIjoiY2YyNDBiOWFlODk1NjI1MzU2Mzk5NWU2OGY0NDNjYmUxZWViMmNjOCIsIl9hdXRoX3VzZXJfaWQiOiIxIiwiX2F1dGhfdXNlcl9iYWNrZW5kIjoiZGphbmdvLmNvbnRyaWIuYXV0aC5iYWNrZW5kcy5Nb2RlbEJhY2tlbmQifQ==','2016-02-04 12:38:42'),('owd9rpbu2c7y0mf3oos9e3g044bkhyxo','YmQzYzFlN2M1OTJhMTMzMGQ0OTkxZjFlNmMxMTUxM2JjZDhmZTI5Yjp7Il9zZXNzaW9uX2V4cGlyeSI6NDAwMCwiX2F1dGhfdXNlcl9oYXNoIjoiY2YyNDBiOWFlODk1NjI1MzU2Mzk5NWU2OGY0NDNjYmUxZWViMmNjOCIsIl9hdXRoX3VzZXJfaWQiOiIxIiwiX2F1dGhfdXNlcl9iYWNrZW5kIjoiZGphbmdvLmNvbnRyaWIuYXV0aC5iYWNrZW5kcy5Nb2RlbEJhY2tlbmQifQ==','2016-02-03 14:19:28'),('pcwhby006sg3pifrfhypddscye431iuz','NzkyZWIwN2MxOTYwZWI0Nzg2NjEyYmViNWYxM2E2YzBiYzQ4MDhhODp7Il9zZXNzaW9uX2V4cGlyeSI6NjB9','2016-01-31 13:58:01'),('pi54vxjzcc3jkpy34qc6vd4o6k232iyk','YmQzYzFlN2M1OTJhMTMzMGQ0OTkxZjFlNmMxMTUxM2JjZDhmZTI5Yjp7Il9zZXNzaW9uX2V4cGlyeSI6NDAwMCwiX2F1dGhfdXNlcl9oYXNoIjoiY2YyNDBiOWFlODk1NjI1MzU2Mzk5NWU2OGY0NDNjYmUxZWViMmNjOCIsIl9hdXRoX3VzZXJfaWQiOiIxIiwiX2F1dGhfdXNlcl9iYWNrZW5kIjoiZGphbmdvLmNvbnRyaWIuYXV0aC5iYWNrZW5kcy5Nb2RlbEJhY2tlbmQifQ==','2016-02-07 11:38:40'),('psis3l0re18mbskfgvdv005i09mnt6zk','YmQzYzFlN2M1OTJhMTMzMGQ0OTkxZjFlNmMxMTUxM2JjZDhmZTI5Yjp7Il9zZXNzaW9uX2V4cGlyeSI6NDAwMCwiX2F1dGhfdXNlcl9oYXNoIjoiY2YyNDBiOWFlODk1NjI1MzU2Mzk5NWU2OGY0NDNjYmUxZWViMmNjOCIsIl9hdXRoX3VzZXJfaWQiOiIxIiwiX2F1dGhfdXNlcl9iYWNrZW5kIjoiZGphbmdvLmNvbnRyaWIuYXV0aC5iYWNrZW5kcy5Nb2RlbEJhY2tlbmQifQ==','2016-02-05 13:59:23'),('pwbff5pb5nho4wr4fpc19e2q8ryt2cut','YWQ2YjVkMTgyNzE4NjA4MzUwMzNkZTYyYmU4OGQwNzdjYmY5OTNlMzp7Il9zZXNzaW9uX2V4cGlyeSI6NjAsIl9hdXRoX3VzZXJfaGFzaCI6ImNmMjQwYjlhZTg5NTYyNTM1NjM5OTVlNjhmNDQzY2JlMWVlYjJjYzgiLCJfYXV0aF91c2VyX2lkIjoiMSIsIl9hdXRoX3VzZXJfYmFja2VuZCI6ImRqYW5nby5jb250cmliLmF1dGguYmFja2VuZHMuTW9kZWxCYWNrZW5kIn0=','2016-01-31 15:16:45'),('q73fdfkdzru2lmio4nrw54r5innhzuo8','YWQ2YjVkMTgyNzE4NjA4MzUwMzNkZTYyYmU4OGQwNzdjYmY5OTNlMzp7Il9zZXNzaW9uX2V4cGlyeSI6NjAsIl9hdXRoX3VzZXJfaGFzaCI6ImNmMjQwYjlhZTg5NTYyNTM1NjM5OTVlNjhmNDQzY2JlMWVlYjJjYzgiLCJfYXV0aF91c2VyX2lkIjoiMSIsIl9hdXRoX3VzZXJfYmFja2VuZCI6ImRqYW5nby5jb250cmliLmF1dGguYmFja2VuZHMuTW9kZWxCYWNrZW5kIn0=','2016-01-31 15:49:58'),('qdy6nh7gxpzipq6jyc47o0cqnezu90x8','YmQzYzFlN2M1OTJhMTMzMGQ0OTkxZjFlNmMxMTUxM2JjZDhmZTI5Yjp7Il9zZXNzaW9uX2V4cGlyeSI6NDAwMCwiX2F1dGhfdXNlcl9oYXNoIjoiY2YyNDBiOWFlODk1NjI1MzU2Mzk5NWU2OGY0NDNjYmUxZWViMmNjOCIsIl9hdXRoX3VzZXJfaWQiOiIxIiwiX2F1dGhfdXNlcl9iYWNrZW5kIjoiZGphbmdvLmNvbnRyaWIuYXV0aC5iYWNrZW5kcy5Nb2RlbEJhY2tlbmQifQ==','2016-02-03 17:00:21'),('qm9wfx2rjdedlk4n8jlw4tq6rwa8xu2b','YmQzYzFlN2M1OTJhMTMzMGQ0OTkxZjFlNmMxMTUxM2JjZDhmZTI5Yjp7Il9zZXNzaW9uX2V4cGlyeSI6NDAwMCwiX2F1dGhfdXNlcl9oYXNoIjoiY2YyNDBiOWFlODk1NjI1MzU2Mzk5NWU2OGY0NDNjYmUxZWViMmNjOCIsIl9hdXRoX3VzZXJfaWQiOiIxIiwiX2F1dGhfdXNlcl9iYWNrZW5kIjoiZGphbmdvLmNvbnRyaWIuYXV0aC5iYWNrZW5kcy5Nb2RlbEJhY2tlbmQifQ==','2016-02-11 05:33:41'),('qqjnxl43mxydgp1uscnztrkpoi14smtb','NjA0MzJkY2MwNmNlNTY0MmNkYjViY2Y0MTk4ZTYwMzJlMmI3NmM4Njp7Il9hdXRoX3VzZXJfaGFzaCI6ImNmMjQwYjlhZTg5NTYyNTM1NjM5OTVlNjhmNDQzY2JlMWVlYjJjYzgiLCJfYXV0aF91c2VyX2JhY2tlbmQiOiJkamFuZ28uY29udHJpYi5hdXRoLmJhY2tlbmRzLk1vZGVsQmFja2VuZCIsIl9hdXRoX3VzZXJfaWQiOiIxIn0=','2016-05-21 12:43:00'),('r4nvre5cq4rpbxnka691kur49cumdkqa','YmQzYzFlN2M1OTJhMTMzMGQ0OTkxZjFlNmMxMTUxM2JjZDhmZTI5Yjp7Il9zZXNzaW9uX2V4cGlyeSI6NDAwMCwiX2F1dGhfdXNlcl9oYXNoIjoiY2YyNDBiOWFlODk1NjI1MzU2Mzk5NWU2OGY0NDNjYmUxZWViMmNjOCIsIl9hdXRoX3VzZXJfaWQiOiIxIiwiX2F1dGhfdXNlcl9iYWNrZW5kIjoiZGphbmdvLmNvbnRyaWIuYXV0aC5iYWNrZW5kcy5Nb2RlbEJhY2tlbmQifQ==','2016-02-04 06:20:49'),('re6e9sawzujxf07wptbzhvikokz9jnga','YmQzYzFlN2M1OTJhMTMzMGQ0OTkxZjFlNmMxMTUxM2JjZDhmZTI5Yjp7Il9zZXNzaW9uX2V4cGlyeSI6NDAwMCwiX2F1dGhfdXNlcl9oYXNoIjoiY2YyNDBiOWFlODk1NjI1MzU2Mzk5NWU2OGY0NDNjYmUxZWViMmNjOCIsIl9hdXRoX3VzZXJfaWQiOiIxIiwiX2F1dGhfdXNlcl9iYWNrZW5kIjoiZGphbmdvLmNvbnRyaWIuYXV0aC5iYWNrZW5kcy5Nb2RlbEJhY2tlbmQifQ==','2016-02-05 11:18:53'),('rfk79jmmq3j8nwbeoeq0p7mrmukjmxtw','YTQ0ZDJmYTc1OWYxODg2ZjljZDMyMmMwMzA3NDY5ZTE2MjljMjVlMDp7Il9hdXRoX3VzZXJfYmFja2VuZCI6ImRqYW5nby5jb250cmliLmF1dGguYmFja2VuZHMuTW9kZWxCYWNrZW5kIiwiX2F1dGhfdXNlcl9oYXNoIjoiY2YyNDBiOWFlODk1NjI1MzU2Mzk5NWU2OGY0NDNjYmUxZWViMmNjOCIsIl9hdXRoX3VzZXJfaWQiOiIxIiwiX3Nlc3Npb25fZXhwaXJ5Ijo0MDAwfQ==','2016-03-06 14:09:01'),('rkzmp5qg0dik0t4tcjw86pe3r7tacef0','MzA3MTdmMjZjZWFjODkzZWRhZDJkYzJmMTc2ZGFmMmJjNzBlMTM5Yjp7Il9zZXNzaW9uX2V4cGlyeSI6NDAwMCwiX2F1dGhfdXNlcl9oYXNoIjoiZTc3MDk4NmYxMjJjYzQzMzhiZTJiNDBjNTE1NTNkZWYwYzMwOWU5ZCIsIl9hdXRoX3VzZXJfaWQiOiIyIiwiX2F1dGhfdXNlcl9iYWNrZW5kIjoiZGphbmdvLmNvbnRyaWIuYXV0aC5iYWNrZW5kcy5Nb2RlbEJhY2tlbmQifQ==','2016-02-03 09:11:03'),('rpuh6fuas51gl94nwczd7z3gel93fj1w','NzkyZWIwN2MxOTYwZWI0Nzg2NjEyYmViNWYxM2E2YzBiYzQ4MDhhODp7Il9zZXNzaW9uX2V4cGlyeSI6NjB9','2016-01-31 14:40:16'),('rqtskgy7zdcl9do25zz2dqqcebsgq3yp','YmQzYzFlN2M1OTJhMTMzMGQ0OTkxZjFlNmMxMTUxM2JjZDhmZTI5Yjp7Il9zZXNzaW9uX2V4cGlyeSI6NDAwMCwiX2F1dGhfdXNlcl9oYXNoIjoiY2YyNDBiOWFlODk1NjI1MzU2Mzk5NWU2OGY0NDNjYmUxZWViMmNjOCIsIl9hdXRoX3VzZXJfaWQiOiIxIiwiX2F1dGhfdXNlcl9iYWNrZW5kIjoiZGphbmdvLmNvbnRyaWIuYXV0aC5iYWNrZW5kcy5Nb2RlbEJhY2tlbmQifQ==','2016-02-08 07:26:01'),('rujd7uqphu4zm124v71v1a30ayl2xk8c','NjA0MzJkY2MwNmNlNTY0MmNkYjViY2Y0MTk4ZTYwMzJlMmI3NmM4Njp7Il9hdXRoX3VzZXJfaGFzaCI6ImNmMjQwYjlhZTg5NTYyNTM1NjM5OTVlNjhmNDQzY2JlMWVlYjJjYzgiLCJfYXV0aF91c2VyX2JhY2tlbmQiOiJkamFuZ28uY29udHJpYi5hdXRoLmJhY2tlbmRzLk1vZGVsQmFja2VuZCIsIl9hdXRoX3VzZXJfaWQiOiIxIn0=','2016-03-18 13:48:03'),('sn88q13kjrntfq862c9m2beugl4gw38k','YmQzYzFlN2M1OTJhMTMzMGQ0OTkxZjFlNmMxMTUxM2JjZDhmZTI5Yjp7Il9zZXNzaW9uX2V4cGlyeSI6NDAwMCwiX2F1dGhfdXNlcl9oYXNoIjoiY2YyNDBiOWFlODk1NjI1MzU2Mzk5NWU2OGY0NDNjYmUxZWViMmNjOCIsIl9hdXRoX3VzZXJfaWQiOiIxIiwiX2F1dGhfdXNlcl9iYWNrZW5kIjoiZGphbmdvLmNvbnRyaWIuYXV0aC5iYWNrZW5kcy5Nb2RlbEJhY2tlbmQifQ==','2016-02-03 04:59:57'),('sszrx7gw4ip29k9f2k1e3izgee0sj7dw','YmQzYzFlN2M1OTJhMTMzMGQ0OTkxZjFlNmMxMTUxM2JjZDhmZTI5Yjp7Il9zZXNzaW9uX2V4cGlyeSI6NDAwMCwiX2F1dGhfdXNlcl9oYXNoIjoiY2YyNDBiOWFlODk1NjI1MzU2Mzk5NWU2OGY0NDNjYmUxZWViMmNjOCIsIl9hdXRoX3VzZXJfaWQiOiIxIiwiX2F1dGhfdXNlcl9iYWNrZW5kIjoiZGphbmdvLmNvbnRyaWIuYXV0aC5iYWNrZW5kcy5Nb2RlbEJhY2tlbmQifQ==','2016-02-09 12:09:55'),('sv604bkh1iu1f6128spbsd6izucp3par','ZThhNzNiMWQ1YjE5NTVlOGFjNzM4NmEzMGI3ODZiOGI5YTExNzA2NTp7Il9zZXNzaW9uX2V4cGlyeSI6NjAwMDAsIl9hdXRoX3VzZXJfaGFzaCI6ImNmMjQwYjlhZTg5NTYyNTM1NjM5OTVlNjhmNDQzY2JlMWVlYjJjYzgiLCJfYXV0aF91c2VyX2lkIjoiMSIsIl9hdXRoX3VzZXJfYmFja2VuZCI6ImRqYW5nby5jb250cmliLmF1dGguYmFja2VuZHMuTW9kZWxCYWNrZW5kIn0=','2016-02-01 08:42:02'),('sxwnl93w97pcsddaz34xseuqjgi55yqs','ZjYzNjFiODRhNTBlOTYyNzJmMDA2MzRkZWVhMzAzNDIwNDIxMTRkZDp7Il9hdXRoX3VzZXJfaGFzaCI6ImNmMjQwYjlhZTg5NTYyNTM1NjM5OTVlNjhmNDQzY2JlMWVlYjJjYzgiLCJfYXV0aF91c2VyX2lkIjoiMSIsIl9hdXRoX3VzZXJfYmFja2VuZCI6ImRqYW5nby5jb250cmliLmF1dGguYmFja2VuZHMuTW9kZWxCYWNrZW5kIn0=','2016-05-27 15:20:15'),('t8oisfeszbyixb6f90fte73tycge8bi3','ZjYzNjFiODRhNTBlOTYyNzJmMDA2MzRkZWVhMzAzNDIwNDIxMTRkZDp7Il9hdXRoX3VzZXJfaGFzaCI6ImNmMjQwYjlhZTg5NTYyNTM1NjM5OTVlNjhmNDQzY2JlMWVlYjJjYzgiLCJfYXV0aF91c2VyX2lkIjoiMSIsIl9hdXRoX3VzZXJfYmFja2VuZCI6ImRqYW5nby5jb250cmliLmF1dGguYmFja2VuZHMuTW9kZWxCYWNrZW5kIn0=','2016-03-02 15:46:07'),('tdf8pib15fg5ycc7kjam50guzbq8xt4g','YmQzYzFlN2M1OTJhMTMzMGQ0OTkxZjFlNmMxMTUxM2JjZDhmZTI5Yjp7Il9zZXNzaW9uX2V4cGlyeSI6NDAwMCwiX2F1dGhfdXNlcl9oYXNoIjoiY2YyNDBiOWFlODk1NjI1MzU2Mzk5NWU2OGY0NDNjYmUxZWViMmNjOCIsIl9hdXRoX3VzZXJfaWQiOiIxIiwiX2F1dGhfdXNlcl9iYWNrZW5kIjoiZGphbmdvLmNvbnRyaWIuYXV0aC5iYWNrZW5kcy5Nb2RlbEJhY2tlbmQifQ==','2016-02-08 05:12:41'),('tw9qsemceb1a5kh5spheorscawirujja','YmQzYzFlN2M1OTJhMTMzMGQ0OTkxZjFlNmMxMTUxM2JjZDhmZTI5Yjp7Il9zZXNzaW9uX2V4cGlyeSI6NDAwMCwiX2F1dGhfdXNlcl9oYXNoIjoiY2YyNDBiOWFlODk1NjI1MzU2Mzk5NWU2OGY0NDNjYmUxZWViMmNjOCIsIl9hdXRoX3VzZXJfaWQiOiIxIiwiX2F1dGhfdXNlcl9iYWNrZW5kIjoiZGphbmdvLmNvbnRyaWIuYXV0aC5iYWNrZW5kcy5Nb2RlbEJhY2tlbmQifQ==','2016-02-10 12:33:17'),('u2op5dqckibzpakb78xnuvk25401xsl5','YmQzYzFlN2M1OTJhMTMzMGQ0OTkxZjFlNmMxMTUxM2JjZDhmZTI5Yjp7Il9zZXNzaW9uX2V4cGlyeSI6NDAwMCwiX2F1dGhfdXNlcl9oYXNoIjoiY2YyNDBiOWFlODk1NjI1MzU2Mzk5NWU2OGY0NDNjYmUxZWViMmNjOCIsIl9hdXRoX3VzZXJfaWQiOiIxIiwiX2F1dGhfdXNlcl9iYWNrZW5kIjoiZGphbmdvLmNvbnRyaWIuYXV0aC5iYWNrZW5kcy5Nb2RlbEJhY2tlbmQifQ==','2016-02-07 10:26:21'),('ufc49bnbpb2wrnbvihwkvixw7wiaoxq6','YWQ2YjVkMTgyNzE4NjA4MzUwMzNkZTYyYmU4OGQwNzdjYmY5OTNlMzp7Il9zZXNzaW9uX2V4cGlyeSI6NjAsIl9hdXRoX3VzZXJfaGFzaCI6ImNmMjQwYjlhZTg5NTYyNTM1NjM5OTVlNjhmNDQzY2JlMWVlYjJjYzgiLCJfYXV0aF91c2VyX2lkIjoiMSIsIl9hdXRoX3VzZXJfYmFja2VuZCI6ImRqYW5nby5jb250cmliLmF1dGguYmFja2VuZHMuTW9kZWxCYWNrZW5kIn0=','2016-01-31 13:54:25'),('uptsh753tcxmdnwsqx532dwom0mja16j','YmQzYzFlN2M1OTJhMTMzMGQ0OTkxZjFlNmMxMTUxM2JjZDhmZTI5Yjp7Il9zZXNzaW9uX2V4cGlyeSI6NDAwMCwiX2F1dGhfdXNlcl9oYXNoIjoiY2YyNDBiOWFlODk1NjI1MzU2Mzk5NWU2OGY0NDNjYmUxZWViMmNjOCIsIl9hdXRoX3VzZXJfaWQiOiIxIiwiX2F1dGhfdXNlcl9iYWNrZW5kIjoiZGphbmdvLmNvbnRyaWIuYXV0aC5iYWNrZW5kcy5Nb2RlbEJhY2tlbmQifQ==','2016-02-11 07:11:29'),('uxyr58wtntc5yaoor6n3oap5fvwh1gwq','YmQzYzFlN2M1OTJhMTMzMGQ0OTkxZjFlNmMxMTUxM2JjZDhmZTI5Yjp7Il9zZXNzaW9uX2V4cGlyeSI6NDAwMCwiX2F1dGhfdXNlcl9oYXNoIjoiY2YyNDBiOWFlODk1NjI1MzU2Mzk5NWU2OGY0NDNjYmUxZWViMmNjOCIsIl9hdXRoX3VzZXJfaWQiOiIxIiwiX2F1dGhfdXNlcl9iYWNrZW5kIjoiZGphbmdvLmNvbnRyaWIuYXV0aC5iYWNrZW5kcy5Nb2RlbEJhY2tlbmQifQ==','2016-02-11 12:22:02'),('v7y6zby6801pw7d8qzcsx9b738zg20fg','NjA0MzJkY2MwNmNlNTY0MmNkYjViY2Y0MTk4ZTYwMzJlMmI3NmM4Njp7Il9hdXRoX3VzZXJfaGFzaCI6ImNmMjQwYjlhZTg5NTYyNTM1NjM5OTVlNjhmNDQzY2JlMWVlYjJjYzgiLCJfYXV0aF91c2VyX2JhY2tlbmQiOiJkamFuZ28uY29udHJpYi5hdXRoLmJhY2tlbmRzLk1vZGVsQmFja2VuZCIsIl9hdXRoX3VzZXJfaWQiOiIxIn0=','2016-03-12 19:40:16'),('vb3qzi60gtw1n0kibwiyh6yxsihthhit','YmQzYzFlN2M1OTJhMTMzMGQ0OTkxZjFlNmMxMTUxM2JjZDhmZTI5Yjp7Il9zZXNzaW9uX2V4cGlyeSI6NDAwMCwiX2F1dGhfdXNlcl9oYXNoIjoiY2YyNDBiOWFlODk1NjI1MzU2Mzk5NWU2OGY0NDNjYmUxZWViMmNjOCIsIl9hdXRoX3VzZXJfaWQiOiIxIiwiX2F1dGhfdXNlcl9iYWNrZW5kIjoiZGphbmdvLmNvbnRyaWIuYXV0aC5iYWNrZW5kcy5Nb2RlbEJhY2tlbmQifQ==','2016-02-10 13:43:35'),('w14g0k7h0n8pfsmf3cxraxww2zm7xhce','YTQ0ZDJmYTc1OWYxODg2ZjljZDMyMmMwMzA3NDY5ZTE2MjljMjVlMDp7Il9hdXRoX3VzZXJfYmFja2VuZCI6ImRqYW5nby5jb250cmliLmF1dGguYmFja2VuZHMuTW9kZWxCYWNrZW5kIiwiX2F1dGhfdXNlcl9oYXNoIjoiY2YyNDBiOWFlODk1NjI1MzU2Mzk5NWU2OGY0NDNjYmUxZWViMmNjOCIsIl9hdXRoX3VzZXJfaWQiOiIxIiwiX3Nlc3Npb25fZXhwaXJ5Ijo0MDAwfQ==','2016-02-06 11:05:36'),('whwgkjear9eb891nusfrd9u8hsivdi1n','YmQzYzFlN2M1OTJhMTMzMGQ0OTkxZjFlNmMxMTUxM2JjZDhmZTI5Yjp7Il9zZXNzaW9uX2V4cGlyeSI6NDAwMCwiX2F1dGhfdXNlcl9oYXNoIjoiY2YyNDBiOWFlODk1NjI1MzU2Mzk5NWU2OGY0NDNjYmUxZWViMmNjOCIsIl9hdXRoX3VzZXJfaWQiOiIxIiwiX2F1dGhfdXNlcl9iYWNrZW5kIjoiZGphbmdvLmNvbnRyaWIuYXV0aC5iYWNrZW5kcy5Nb2RlbEJhY2tlbmQifQ==','2016-02-08 12:00:27'),('wrswcztdws1ftbmizlgog03kfhk1tmam','NzkyZWIwN2MxOTYwZWI0Nzg2NjEyYmViNWYxM2E2YzBiYzQ4MDhhODp7Il9zZXNzaW9uX2V4cGlyeSI6NjB9','2016-01-31 14:08:53'),('x2ng3l24x0ffjghtb0tac558jl8xdbhn','NjA0MzJkY2MwNmNlNTY0MmNkYjViY2Y0MTk4ZTYwMzJlMmI3NmM4Njp7Il9hdXRoX3VzZXJfaGFzaCI6ImNmMjQwYjlhZTg5NTYyNTM1NjM5OTVlNjhmNDQzY2JlMWVlYjJjYzgiLCJfYXV0aF91c2VyX2JhY2tlbmQiOiJkamFuZ28uY29udHJpYi5hdXRoLmJhY2tlbmRzLk1vZGVsQmFja2VuZCIsIl9hdXRoX3VzZXJfaWQiOiIxIn0=','2016-03-16 16:16:08'),('x6miquvqoax8hjpps5o70tcty3p053rw','YmQzYzFlN2M1OTJhMTMzMGQ0OTkxZjFlNmMxMTUxM2JjZDhmZTI5Yjp7Il9zZXNzaW9uX2V4cGlyeSI6NDAwMCwiX2F1dGhfdXNlcl9oYXNoIjoiY2YyNDBiOWFlODk1NjI1MzU2Mzk5NWU2OGY0NDNjYmUxZWViMmNjOCIsIl9hdXRoX3VzZXJfaWQiOiIxIiwiX2F1dGhfdXNlcl9iYWNrZW5kIjoiZGphbmdvLmNvbnRyaWIuYXV0aC5iYWNrZW5kcy5Nb2RlbEJhY2tlbmQifQ==','2016-02-08 13:51:21'),('xdmygclkgr307jx5espik9kmstyjjhqn','NzEyOWM0ZmIzN2EwOTBjMTU5YjcyMDVlNjRmYzE5ZTQxN2M3MmVjMTp7Il9hdXRoX3VzZXJfaGFzaCI6ImU3NzA5ODZmMTIyY2M0MzM4YmUyYjQwYzUxNTUzZGVmMGMzMDllOWQiLCJfYXV0aF91c2VyX2JhY2tlbmQiOiJkamFuZ28uY29udHJpYi5hdXRoLmJhY2tlbmRzLk1vZGVsQmFja2VuZCIsIl9hdXRoX3VzZXJfaWQiOiIyIn0=','2016-04-13 13:42:21'),('xsx3oyuvzyz7obcb58yp59jkmpo76tfb','NjA0MzJkY2MwNmNlNTY0MmNkYjViY2Y0MTk4ZTYwMzJlMmI3NmM4Njp7Il9hdXRoX3VzZXJfaGFzaCI6ImNmMjQwYjlhZTg5NTYyNTM1NjM5OTVlNjhmNDQzY2JlMWVlYjJjYzgiLCJfYXV0aF91c2VyX2JhY2tlbmQiOiJkamFuZ28uY29udHJpYi5hdXRoLmJhY2tlbmRzLk1vZGVsQmFja2VuZCIsIl9hdXRoX3VzZXJfaWQiOiIxIn0=','2016-03-31 11:51:00'),('y62xbvqew2g63kvd0anqfrxrpp3iheg0','ZThhNzNiMWQ1YjE5NTVlOGFjNzM4NmEzMGI3ODZiOGI5YTExNzA2NTp7Il9zZXNzaW9uX2V4cGlyeSI6NjAwMDAsIl9hdXRoX3VzZXJfaGFzaCI6ImNmMjQwYjlhZTg5NTYyNTM1NjM5OTVlNjhmNDQzY2JlMWVlYjJjYzgiLCJfYXV0aF91c2VyX2lkIjoiMSIsIl9hdXRoX3VzZXJfYmFja2VuZCI6ImRqYW5nby5jb250cmliLmF1dGguYmFja2VuZHMuTW9kZWxCYWNrZW5kIn0=','2016-02-01 09:31:20'),('ymoh42j8wi2n86qv0f1nh7cearrqfk7e','YmQzYzFlN2M1OTJhMTMzMGQ0OTkxZjFlNmMxMTUxM2JjZDhmZTI5Yjp7Il9zZXNzaW9uX2V4cGlyeSI6NDAwMCwiX2F1dGhfdXNlcl9oYXNoIjoiY2YyNDBiOWFlODk1NjI1MzU2Mzk5NWU2OGY0NDNjYmUxZWViMmNjOCIsIl9hdXRoX3VzZXJfaWQiOiIxIiwiX2F1dGhfdXNlcl9iYWNrZW5kIjoiZGphbmdvLmNvbnRyaWIuYXV0aC5iYWNrZW5kcy5Nb2RlbEJhY2tlbmQifQ==','2016-02-11 06:13:30'),('ys99uh9ke08y3qppu7i8rh69rm573avy','YmQzYzFlN2M1OTJhMTMzMGQ0OTkxZjFlNmMxMTUxM2JjZDhmZTI5Yjp7Il9zZXNzaW9uX2V4cGlyeSI6NDAwMCwiX2F1dGhfdXNlcl9oYXNoIjoiY2YyNDBiOWFlODk1NjI1MzU2Mzk5NWU2OGY0NDNjYmUxZWViMmNjOCIsIl9hdXRoX3VzZXJfaWQiOiIxIiwiX2F1dGhfdXNlcl9iYWNrZW5kIjoiZGphbmdvLmNvbnRyaWIuYXV0aC5iYWNrZW5kcy5Nb2RlbEJhY2tlbmQifQ==','2016-02-05 08:25:22'),('z44lxqft4s4kigkmugaxepxodsig41ep','YmQzYzFlN2M1OTJhMTMzMGQ0OTkxZjFlNmMxMTUxM2JjZDhmZTI5Yjp7Il9zZXNzaW9uX2V4cGlyeSI6NDAwMCwiX2F1dGhfdXNlcl9oYXNoIjoiY2YyNDBiOWFlODk1NjI1MzU2Mzk5NWU2OGY0NDNjYmUxZWViMmNjOCIsIl9hdXRoX3VzZXJfaWQiOiIxIiwiX2F1dGhfdXNlcl9iYWNrZW5kIjoiZGphbmdvLmNvbnRyaWIuYXV0aC5iYWNrZW5kcy5Nb2RlbEJhY2tlbmQifQ==','2016-02-02 10:19:39'),('zrmhhoy2njgwj0z85917201j5wj9esnn','NjA0MzJkY2MwNmNlNTY0MmNkYjViY2Y0MTk4ZTYwMzJlMmI3NmM4Njp7Il9hdXRoX3VzZXJfaGFzaCI6ImNmMjQwYjlhZTg5NTYyNTM1NjM5OTVlNjhmNDQzY2JlMWVlYjJjYzgiLCJfYXV0aF91c2VyX2JhY2tlbmQiOiJkamFuZ28uY29udHJpYi5hdXRoLmJhY2tlbmRzLk1vZGVsQmFja2VuZCIsIl9hdXRoX3VzZXJfaWQiOiIxIn0=','2016-01-08 11:08:28'),('zs38fp1dds036fy2leuu2kv0lplyl95s','YmQzYzFlN2M1OTJhMTMzMGQ0OTkxZjFlNmMxMTUxM2JjZDhmZTI5Yjp7Il9zZXNzaW9uX2V4cGlyeSI6NDAwMCwiX2F1dGhfdXNlcl9oYXNoIjoiY2YyNDBiOWFlODk1NjI1MzU2Mzk5NWU2OGY0NDNjYmUxZWViMmNjOCIsIl9hdXRoX3VzZXJfaWQiOiIxIiwiX2F1dGhfdXNlcl9iYWNrZW5kIjoiZGphbmdvLmNvbnRyaWIuYXV0aC5iYWNrZW5kcy5Nb2RlbEJhY2tlbmQifQ==','2016-02-11 06:33:54');
/*!40000 ALTER TABLE `django_session` ENABLE KEYS */;
UNLOCK TABLES;
/*!40103 SET TIME_ZONE=@OLD_TIME_ZONE */;

/*!40101 SET SQL_MODE=@OLD_SQL_MODE */;
/*!40014 SET FOREIGN_KEY_CHECKS=@OLD_FOREIGN_KEY_CHECKS */;
/*!40014 SET UNIQUE_CHECKS=@OLD_UNIQUE_CHECKS */;
/*!40101 SET CHARACTER_SET_CLIENT=@OLD_CHARACTER_SET_CLIENT */;
/*!40101 SET CHARACTER_SET_RESULTS=@OLD_CHARACTER_SET_RESULTS */;
/*!40101 SET COLLATION_CONNECTION=@OLD_COLLATION_CONNECTION */;
/*!40111 SET SQL_NOTES=@OLD_SQL_NOTES */;

-- Dump completed on 2016-05-14 11:01:02
