USE `gls`;
-- MySQL dump 10.13  Distrib 5.5.46, for debian-linux-gnu (i686)
--
-- Host: 127.0.0.1    Database: gls
-- ------------------------------------------------------
-- Server version	5.5.46-0ubuntu0.14.04.2

/*!40101 SET @OLD_CHARACTER_SET_CLIENT=@@CHARACTER_SET_CLIENT */;
/*!40101 SET @OLD_CHARACTER_SET_RESULTS=@@CHARACTER_SET_RESULTS */;
/*!40101 SET @OLD_COLLATION_CONNECTION=@@COLLATION_CONNECTION */;
/*!40101 SET NAMES utf8 */;
/*!40103 SET @OLD_TIME_ZONE=@@TIME_ZONE */;
/*!40103 SET TIME_ZONE='+00:00' */;
/*!40014 SET @OLD_UNIQUE_CHECKS=@@UNIQUE_CHECKS, UNIQUE_CHECKS=0 */;
/*!40014 SET @OLD_FOREIGN_KEY_CHECKS=@@FOREIGN_KEY_CHECKS, FOREIGN_KEY_CHECKS=0 */;
/*!40101 SET @OLD_SQL_MODE=@@SQL_MODE, SQL_MODE='NO_AUTO_VALUE_ON_ZERO' */;
/*!40111 SET @OLD_SQL_NOTES=@@SQL_NOTES, SQL_NOTES=0 */;

--
-- Table structure for table `BldChange`
--

DROP TABLE IF EXISTS `BldChange`;
/*!40101 SET @saved_cs_client     = @@character_set_client */;
/*!40101 SET character_set_client = utf8 */;
CREATE TABLE `BldChange` (
  `id` int(11) NOT NULL AUTO_INCREMENT,
  `ChangeTime` datetime DEFAULT NULL,
  `BldNew_id` int(11) NOT NULL,
  `Tag_id` varchar(20) COLLATE utf8_unicode_ci NOT NULL,
  PRIMARY KEY (`id`),
  KEY `BldChange_BldNew_id_c0121e42_fk_Building_id` (`BldNew_id`),
  KEY `BldChange_Tag_id_8673e350_fk_Tag_TagId` (`Tag_id`),
  CONSTRAINT `BldChange_BldNew_id_c0121e42_fk_Building_id` FOREIGN KEY (`BldNew_id`) REFERENCES `Building` (`id`),
  CONSTRAINT `BldChange_Tag_id_8673e350_fk_Tag_TagId` FOREIGN KEY (`Tag_id`) REFERENCES `Tag` (`TagId`)
) ENGINE=InnoDB AUTO_INCREMENT=29 DEFAULT CHARSET=utf8 COLLATE=utf8_unicode_ci;
/*!40101 SET character_set_client = @saved_cs_client */;

--
-- Dumping data for table `BldChange`
--

LOCK TABLES `BldChange` WRITE;
/*!40000 ALTER TABLE `BldChange` DISABLE KEYS */;
/*!40000 ALTER TABLE `BldChange` ENABLE KEYS */;
UNLOCK TABLES;

--
-- Table structure for table `Building`
--

DROP TABLE IF EXISTS `Building`;
/*!40101 SET @saved_cs_client     = @@character_set_client */;
/*!40101 SET character_set_client = utf8 */;
CREATE TABLE `Building` (
  `id` int(11) NOT NULL AUTO_INCREMENT,
  `BuildingName` varchar(200) COLLATE utf8_unicode_ci DEFAULT NULL,
  `dae_BuildingName` varchar(200) COLLATE utf8_unicode_ci NOT NULL,
  `LoadLandscape_id` varchar(20) COLLATE utf8_unicode_ci NOT NULL,
  `maxx` double,
  `maxy` double,
  `maxz` double,
  `minx` double,
  `miny` double,
  `minz` double,
  PRIMARY KEY (`id`),
  KEY `Building_5813e371` (`LoadLandscape_id`),
  CONSTRAINT `Building_LoadLandscape_id_aa6ef871_fk_LoadLandscape_landscape_id` FOREIGN KEY (`LoadLandscape_id`) REFERENCES `LoadLandscape` (`landscape_id`)
) ENGINE=InnoDB AUTO_INCREMENT=232 DEFAULT CHARSET=utf8 COLLATE=utf8_unicode_ci;
/*!40101 SET character_set_client = @saved_cs_client */;

--
-- Dumping data for table `Building`
--

LOCK TABLES `Building` WRITE;
/*!40000 ALTER TABLE `Building` DISABLE KEYS */;
INSERT INTO `Building` VALUES (187,NULL,'building_001','0003',80.6492271920776,50.4396579757324,9.18000030570923,31.2370394393811,-2.48821339962332,0.0100002298131319),(188,NULL,'building_000','0003',28.9388365559471,24.3191203638505,9.18000030517604,-7.17042352661202,-26.6934983634283,0.010000229812984),(222,'Киров','building_001','0001',82.5761748166353,77.5596201776309,8.40143313436565,-25.1665100266247,40.6651115372033,6.01000022888183),(230,NULL,'building_001','0002',90.1150162072754,40.9600160719607,9.18000030517578,42.0920912593098,11.1001695125332,0.010000229813152),(231,NULL,'building_001','0000',90.1150162072754,40.9600160719607,9.18000030517578,42.0920912593098,11.1001695125332,0.010000229813152);
/*!40000 ALTER TABLE `Building` ENABLE KEYS */;
UNLOCK TABLES;

--
-- Table structure for table `BuildingColor`
--

DROP TABLE IF EXISTS `BuildingColor`;
/*!40101 SET @saved_cs_client     = @@character_set_client */;
/*!40101 SET character_set_client = utf8 */;
CREATE TABLE `BuildingColor` (
  `id` int(11) NOT NULL AUTO_INCREMENT,
  `bcolor` varchar(50) COLLATE utf8_unicode_ci DEFAULT NULL,
  `Building_id` int(11) NOT NULL,
  `User_id` int(11) NOT NULL,
  PRIMARY KEY (`id`),
  KEY `BuildingColor_Building_id_e5b85583_fk_Building_id` (`Building_id`),
  KEY `BuildingColor_User_id_75f27709_fk_auth_user_id` (`User_id`),
  CONSTRAINT `BuildingColor_User_id_75f27709_fk_auth_user_id` FOREIGN KEY (`User_id`) REFERENCES `auth_user` (`id`),
  CONSTRAINT `BuildingColor_Building_id_e5b85583_fk_Building_id` FOREIGN KEY (`Building_id`) REFERENCES `Building` (`id`)
) ENGINE=InnoDB AUTO_INCREMENT=2 DEFAULT CHARSET=utf8 COLLATE=utf8_unicode_ci;
/*!40101 SET character_set_client = @saved_cs_client */;

--
-- Dumping data for table `BuildingColor`
--

LOCK TABLES `BuildingColor` WRITE;
/*!40000 ALTER TABLE `BuildingColor` DISABLE KEYS */;
INSERT INTO `BuildingColor` VALUES (1,'88A892',231,2);
/*!40000 ALTER TABLE `BuildingColor` ENABLE KEYS */;
UNLOCK TABLES;

--
-- Table structure for table `BuildingExcludeZone`
--

DROP TABLE IF EXISTS `BuildingExcludeZone`;
/*!40101 SET @saved_cs_client     = @@character_set_client */;
/*!40101 SET character_set_client = utf8 */;
CREATE TABLE `BuildingExcludeZone` (
  `id` int(11) NOT NULL AUTO_INCREMENT,
  `Building_id` int(11) NOT NULL,
  `ExcludeZone_id` int(11) NOT NULL,
  PRIMARY KEY (`id`),
  KEY `BuildingExcludeZone_Building_id_2d28645b_fk_Building_id` (`Building_id`),
  KEY `BuildingExcludeZone_d0fbb491` (`ExcludeZone_id`),
  CONSTRAINT `BuildingExcludeZone_ExcludeZone_id_088d4248_fk_ExcludeZone_id` FOREIGN KEY (`ExcludeZone_id`) REFERENCES `ExcludeZone` (`id`),
  CONSTRAINT `BuildingExcludeZone_Building_id_2d28645b_fk_Building_id` FOREIGN KEY (`Building_id`) REFERENCES `Building` (`id`)
) ENGINE=InnoDB AUTO_INCREMENT=2 DEFAULT CHARSET=utf8 COLLATE=utf8_unicode_ci;
/*!40101 SET character_set_client = @saved_cs_client */;

--
-- Dumping data for table `BuildingExcludeZone`
--

LOCK TABLES `BuildingExcludeZone` WRITE;
/*!40000 ALTER TABLE `BuildingExcludeZone` DISABLE KEYS */;
/*!40000 ALTER TABLE `BuildingExcludeZone` ENABLE KEYS */;
UNLOCK TABLES;

--
-- Table structure for table `BuildingIncomeZone`
--

DROP TABLE IF EXISTS `BuildingIncomeZone`;
/*!40101 SET @saved_cs_client     = @@character_set_client */;
/*!40101 SET character_set_client = utf8 */;
CREATE TABLE `BuildingIncomeZone` (
  `id` int(11) NOT NULL AUTO_INCREMENT,
  `Building_id` int(11) NOT NULL,
  `IncomeZone_id` int(11) NOT NULL,
  PRIMARY KEY (`id`),
  KEY `BuildingIncomeZone_Building_id_089e8b71_fk_Building_id` (`Building_id`),
  KEY `BuildingIncomeZone_7a2c7c3f` (`IncomeZone_id`),
  CONSTRAINT `BuildingIncomeZone_IncomeZone_id_d100bfa0_fk_IncomeZone_id` FOREIGN KEY (`IncomeZone_id`) REFERENCES `IncomeZone` (`id`),
  CONSTRAINT `BuildingIncomeZone_Building_id_089e8b71_fk_Building_id` FOREIGN KEY (`Building_id`) REFERENCES `Building` (`id`)
) ENGINE=InnoDB AUTO_INCREMENT=18 DEFAULT CHARSET=utf8 COLLATE=utf8_unicode_ci;
/*!40101 SET character_set_client = @saved_cs_client */;

--
-- Dumping data for table `BuildingIncomeZone`
--

LOCK TABLES `BuildingIncomeZone` WRITE;
/*!40000 ALTER TABLE `BuildingIncomeZone` DISABLE KEYS */;
INSERT INTO `BuildingIncomeZone` VALUES (11,231,42),(12,231,43),(14,231,45);
/*!40000 ALTER TABLE `BuildingIncomeZone` ENABLE KEYS */;
UNLOCK TABLES;

--
-- Table structure for table `ExcludeZone`
--

DROP TABLE IF EXISTS `ExcludeZone`;
/*!40101 SET @saved_cs_client     = @@character_set_client */;
/*!40101 SET character_set_client = utf8 */;
CREATE TABLE `ExcludeZone` (
  `id` int(11) NOT NULL AUTO_INCREMENT,
  `LoadLandscape_id` varchar(20) COLLATE utf8_unicode_ci NOT NULL,
  PRIMARY KEY (`id`),
  KEY `ExcludeZ_LoadLandscape_id_295e248a_fk_LoadLandscape_landscape_id` (`LoadLandscape_id`),
  CONSTRAINT `ExcludeZ_LoadLandscape_id_295e248a_fk_LoadLandscape_landscape_id` FOREIGN KEY (`LoadLandscape_id`) REFERENCES `LoadLandscape` (`landscape_id`)
) ENGINE=InnoDB AUTO_INCREMENT=20 DEFAULT CHARSET=utf8 COLLATE=utf8_unicode_ci;
/*!40101 SET character_set_client = @saved_cs_client */;

--
-- Dumping data for table `ExcludeZone`
--

LOCK TABLES `ExcludeZone` WRITE;
/*!40000 ALTER TABLE `ExcludeZone` DISABLE KEYS */;
INSERT INTO `ExcludeZone` VALUES (11,'0000'),(13,'0000'),(15,'0000'),(16,'0000'),(18,'0000');
/*!40000 ALTER TABLE `ExcludeZone` ENABLE KEYS */;
UNLOCK TABLES;

--
-- Table structure for table `Floor`
--

DROP TABLE IF EXISTS `Floor`;
/*!40101 SET @saved_cs_client     = @@character_set_client */;
/*!40101 SET character_set_client = utf8 */;
CREATE TABLE `Floor` (
  `id` int(11) NOT NULL AUTO_INCREMENT,
  `FloorName` varchar(200) COLLATE utf8_unicode_ci DEFAULT NULL,
  `dae_FloorName` varchar(200) COLLATE utf8_unicode_ci NOT NULL,
  `Building_id` int(11) NOT NULL,
  `LoadLandscape_id` varchar(20) COLLATE utf8_unicode_ci NOT NULL,
  `maxx` double,
  `maxy` double,
  `maxz` double,
  `minx` double,
  `miny` double,
  `minz` double,
  PRIMARY KEY (`id`),
  KEY `Floor_Building_id_4b3bc6f6_fk_Building_id` (`Building_id`),
  KEY `Floor_5813e371` (`LoadLandscape_id`),
  CONSTRAINT `Floor_Building_id_4b3bc6f6_fk_Building_id` FOREIGN KEY (`Building_id`) REFERENCES `Building` (`id`),
  CONSTRAINT `Floor_LoadLandscape_id_38f225f0_fk_LoadLandscape_landscape_id` FOREIGN KEY (`LoadLandscape_id`) REFERENCES `LoadLandscape` (`landscape_id`)
) ENGINE=InnoDB AUTO_INCREMENT=638 DEFAULT CHARSET=utf8 COLLATE=utf8_unicode_ci;
/*!40101 SET character_set_client = @saved_cs_client */;

--
-- Dumping data for table `Floor`
--

LOCK TABLES `Floor` WRITE;
/*!40000 ALTER TABLE `Floor` DISABLE KEYS */;
INSERT INTO `Floor` VALUES (513,NULL,'floor_003',187,'0003',80.6492271920776,50.4396579757324,9.18000030570923,31.2426535344367,-2.48821339962332,6.05000019073484),(514,NULL,'floor_002',187,'0003',80.6488895082578,50.4396579757324,6.07000005245215,31.2370394625734,-2.48651290737304,3.03000020980832),(515,NULL,'floor_001',187,'0003',80.6488895082578,50.4396579757324,3.02000045962638,31.2370394393811,-2.48651290737304,0.0100002298131319),(516,NULL,'floor_003_001',188,'0003',28.9388365559471,24.3191203638505,9.18000030517604,-7.16421125012134,-26.6741631548418,6.05000019073441),(517,NULL,'floor_002_001',188,'0003',28.9320447920207,24.3175994927305,6.07000005245273,-7.17040636047425,-26.6934974097544,3.0300002098079),(518,NULL,'floor_001_001',188,'0003',28.9320277423696,24.3176011616606,3.02000045962667,-7.17042352661202,-26.6934983634283,0.010000229812984),(610,'Этаж 1','floor_001',222,'0001',82.5761748166353,77.5596201776309,8.40143313436565,-25.1665100266247,40.6651115372033,6.02000045776366),(632,NULL,'floor_003',230,'0002',90.1150162072754,40.9508270015986,9.18000030517578,42.1099951905966,11.1001695125332,6),(633,NULL,'floor_002',230,'0002',90.1136521723125,40.9600160719607,6.07000005245211,42.0920912593098,11.101213098499,2.9800007343292),(634,NULL,'floor_001',230,'0002',90.1136521723125,40.9600160719607,3.02000045962633,42.0920915212443,11.101213098499,0.010000229813152),(635,'Этаж 3','floor_003',231,'0000',90.1150162072754,40.9508270015986,9.18000030517578,42.1099951905966,11.1001695125332,6),(636,'Этаж2','floor_002',231,'0000',90.1136521723125,40.9600160719607,6.07000005245211,42.0920912593098,11.101213098499,2.9800007343292),(637,'Этаж 1','floor_001',231,'0000',90.1136521723125,40.9600160719607,3.02000045962633,42.0920915212443,11.101213098499,0.010000229813152);
/*!40000 ALTER TABLE `Floor` ENABLE KEYS */;
UNLOCK TABLES;

--
-- Table structure for table `FloorColor`
--

DROP TABLE IF EXISTS `FloorColor`;
/*!40101 SET @saved_cs_client     = @@character_set_client */;
/*!40101 SET character_set_client = utf8 */;
CREATE TABLE `FloorColor` (
  `id` int(11) NOT NULL AUTO_INCREMENT,
  `fcolor` varchar(50) COLLATE utf8_unicode_ci DEFAULT NULL,
  `Floor_id` int(11) NOT NULL,
  `User_id` int(11) NOT NULL,
  PRIMARY KEY (`id`),
  KEY `FloorColor_Floor_id_fb1d3fd8_fk_Floor_id` (`Floor_id`),
  KEY `FloorColor_User_id_807a28a9_fk_auth_user_id` (`User_id`),
  CONSTRAINT `FloorColor_User_id_807a28a9_fk_auth_user_id` FOREIGN KEY (`User_id`) REFERENCES `auth_user` (`id`),
  CONSTRAINT `FloorColor_Floor_id_fb1d3fd8_fk_Floor_id` FOREIGN KEY (`Floor_id`) REFERENCES `Floor` (`id`)
) ENGINE=InnoDB AUTO_INCREMENT=4 DEFAULT CHARSET=utf8 COLLATE=utf8_unicode_ci;
/*!40101 SET character_set_client = @saved_cs_client */;

--
-- Dumping data for table `FloorColor`
--

LOCK TABLES `FloorColor` WRITE;
/*!40000 ALTER TABLE `FloorColor` DISABLE KEYS */;
INSERT INTO `FloorColor` VALUES (1,'3E665D',635,2),(2,'101366',636,2),(3,'777715',637,2);
/*!40000 ALTER TABLE `FloorColor` ENABLE KEYS */;
UNLOCK TABLES;

--
-- Table structure for table `FloorExcludeZone`
--

DROP TABLE IF EXISTS `FloorExcludeZone`;
/*!40101 SET @saved_cs_client     = @@character_set_client */;
/*!40101 SET character_set_client = utf8 */;
CREATE TABLE `FloorExcludeZone` (
  `id` int(11) NOT NULL AUTO_INCREMENT,
  `ExcludeZone_id` int(11) NOT NULL,
  `Floor_id` int(11) NOT NULL,
  PRIMARY KEY (`id`),
  KEY `FloorExcludeZone_ExcludeZone_id_3a2118f4_fk_ExcludeZone_id` (`ExcludeZone_id`),
  KEY `FloorExcludeZone_Floor_id_b01ba8e7_fk_Floor_id` (`Floor_id`),
  CONSTRAINT `FloorExcludeZone_Floor_id_b01ba8e7_fk_Floor_id` FOREIGN KEY (`Floor_id`) REFERENCES `Floor` (`id`),
  CONSTRAINT `FloorExcludeZone_ExcludeZone_id_3a2118f4_fk_ExcludeZone_id` FOREIGN KEY (`ExcludeZone_id`) REFERENCES `ExcludeZone` (`id`)
) ENGINE=InnoDB AUTO_INCREMENT=6 DEFAULT CHARSET=utf8 COLLATE=utf8_unicode_ci;
/*!40101 SET character_set_client = @saved_cs_client */;

--
-- Dumping data for table `FloorExcludeZone`
--

LOCK TABLES `FloorExcludeZone` WRITE;
/*!40000 ALTER TABLE `FloorExcludeZone` DISABLE KEYS */;
INSERT INTO `FloorExcludeZone` VALUES (2,16,635),(4,18,635);
/*!40000 ALTER TABLE `FloorExcludeZone` ENABLE KEYS */;
UNLOCK TABLES;

--
-- Table structure for table `FloorIncomeZone`
--

DROP TABLE IF EXISTS `FloorIncomeZone`;
/*!40101 SET @saved_cs_client     = @@character_set_client */;
/*!40101 SET character_set_client = utf8 */;
CREATE TABLE `FloorIncomeZone` (
  `id` int(11) NOT NULL AUTO_INCREMENT,
  `Floor_id` int(11) NOT NULL,
  `IncomeZone_id` int(11) NOT NULL,
  PRIMARY KEY (`id`),
  KEY `FloorIncomeZone_Floor_id_c6184406_fk_Floor_id` (`Floor_id`),
  KEY `FloorIncomeZone_7a2c7c3f` (`IncomeZone_id`),
  CONSTRAINT `FloorIncomeZone_IncomeZone_id_596525ea_fk_IncomeZone_id` FOREIGN KEY (`IncomeZone_id`) REFERENCES `IncomeZone` (`id`),
  CONSTRAINT `FloorIncomeZone_Floor_id_c6184406_fk_Floor_id` FOREIGN KEY (`Floor_id`) REFERENCES `Floor` (`id`)
) ENGINE=InnoDB AUTO_INCREMENT=9 DEFAULT CHARSET=utf8 COLLATE=utf8_unicode_ci;
/*!40101 SET character_set_client = @saved_cs_client */;

--
-- Dumping data for table `FloorIncomeZone`
--

LOCK TABLES `FloorIncomeZone` WRITE;
/*!40000 ALTER TABLE `FloorIncomeZone` DISABLE KEYS */;
INSERT INTO `FloorIncomeZone` VALUES (5,635,49),(6,635,59);
/*!40000 ALTER TABLE `FloorIncomeZone` ENABLE KEYS */;
UNLOCK TABLES;

--
-- Table structure for table `FlrChange`
--

DROP TABLE IF EXISTS `FlrChange`;
/*!40101 SET @saved_cs_client     = @@character_set_client */;
/*!40101 SET character_set_client = utf8 */;
CREATE TABLE `FlrChange` (
  `id` int(11) NOT NULL AUTO_INCREMENT,
  `ChangeTime` datetime DEFAULT NULL,
  `FlrNew_id` int(11) NOT NULL,
  `Tag_id` varchar(20) COLLATE utf8_unicode_ci NOT NULL,
  PRIMARY KEY (`id`),
  KEY `FlrChange_FlrNew_id_f0c8c029_fk_Floor_id` (`FlrNew_id`),
  KEY `FlrChange_Tag_id_c2211ea2_fk_Tag_TagId` (`Tag_id`),
  CONSTRAINT `FlrChange_FlrNew_id_f0c8c029_fk_Floor_id` FOREIGN KEY (`FlrNew_id`) REFERENCES `Floor` (`id`),
  CONSTRAINT `FlrChange_Tag_id_c2211ea2_fk_Tag_TagId` FOREIGN KEY (`Tag_id`) REFERENCES `Tag` (`TagId`)
) ENGINE=InnoDB AUTO_INCREMENT=1189 DEFAULT CHARSET=utf8 COLLATE=utf8_unicode_ci;
/*!40101 SET character_set_client = @saved_cs_client */;

--
-- Dumping data for table `FlrChange`
--

LOCK TABLES `FlrChange` WRITE;
/*!40000 ALTER TABLE `FlrChange` DISABLE KEYS */;
INSERT INTO `FlrChange` VALUES (618,'2016-03-07 20:20:36',636,'00000a2'),(619,'2016-03-07 20:21:55',635,'00000a2'),(620,'2016-03-09 08:59:40',636,'00000075'),(621,'2016-03-09 08:59:44',635,'00000075'),(622,'2016-03-09 08:59:45',636,'00000075'),(623,'2016-03-09 08:59:49',635,'00000075'),(624,'2016-03-09 08:59:53',636,'00000075'),(625,'2016-03-09 09:00:02',635,'00000075'),(626,'2016-03-09 09:00:05',636,'00000075'),(627,'2016-03-09 09:00:07',635,'00000075'),(628,'2016-03-09 09:02:14',636,'00000074'),(629,'2016-03-09 09:02:18',635,'00000074'),(630,'2016-03-09 09:02:50',636,'00000074'),(631,'2016-03-09 09:02:51',635,'00000074'),(632,'2016-03-09 09:06:18',636,'00000075'),(633,'2016-03-09 09:06:19',635,'00000075'),(634,'2016-03-09 09:06:40',636,'00000074'),(635,'2016-03-09 09:06:41',635,'00000074'),(636,'2016-03-09 09:08:01',636,'00000074'),(637,'2016-03-09 09:08:03',635,'00000074'),(638,'2016-03-09 09:09:54',636,'00000074'),(639,'2016-03-09 09:09:56',635,'00000074'),(640,'2016-03-09 09:12:01',636,'00000074'),(641,'2016-03-09 09:12:02',635,'00000074'),(642,'2016-03-09 09:12:39',636,'00000074'),(643,'2016-03-09 09:12:41',635,'00000074'),(644,'2016-03-09 09:14:14',636,'00000074'),(645,'2016-03-09 09:14:16',635,'00000074'),(646,'2016-03-09 09:15:47',636,'00000074'),(647,'2016-03-09 09:15:48',635,'00000074'),(648,'2016-03-09 09:15:50',636,'00000074'),(649,'2016-03-09 09:15:51',635,'00000074'),(650,'2016-03-09 09:16:03',636,'00000074'),(651,'2016-03-09 09:16:04',635,'00000074'),(652,'2016-03-09 09:16:06',636,'00000074'),(653,'2016-03-09 09:16:07',635,'00000074'),(654,'2016-03-09 09:16:15',636,'00000074'),(655,'2016-03-09 09:16:16',635,'00000074'),(656,'2016-03-09 09:16:49',636,'00000074'),(657,'2016-03-09 09:16:50',635,'00000074'),(658,'2016-03-09 09:17:30',636,'00000074'),(659,'2016-03-09 09:17:31',635,'00000074'),(660,'2016-03-09 09:18:32',636,'00000075'),(661,'2016-03-09 09:18:34',635,'00000075'),(662,'2016-03-09 09:18:37',636,'00000075'),(663,'2016-03-09 09:18:39',635,'00000075'),(664,'2016-03-09 09:18:45',636,'00000075'),(665,'2016-03-09 09:18:47',635,'00000075'),(666,'2016-03-09 09:19:04',636,'00000075'),(667,'2016-03-09 09:19:10',635,'00000075'),(668,'2016-03-09 09:19:12',636,'00000075'),(669,'2016-03-09 09:19:14',635,'00000075'),(670,'2016-03-09 09:19:28',636,'00000075'),(671,'2016-03-09 09:19:33',636,'00000074'),(672,'2016-03-09 09:19:35',635,'00000074'),(673,'2016-03-09 09:19:38',635,'00000075'),(674,'2016-03-09 09:19:41',636,'00000075'),(675,'2016-03-09 09:19:42',636,'00000074'),(676,'2016-03-09 09:19:56',635,'00000074'),(677,'2016-03-09 09:19:57',636,'00000074'),(678,'2016-03-09 09:20:00',635,'00000074'),(679,'2016-03-09 09:20:01',636,'00000074'),(680,'2016-03-09 09:20:15',635,'00000075'),(681,'2016-03-09 09:20:17',635,'00000074'),(682,'2016-03-09 09:20:21',636,'00000075'),(683,'2016-03-09 09:20:24',636,'00000074'),(684,'2016-03-09 09:20:32',635,'00000074'),(685,'2016-03-09 09:20:38',635,'00000075'),(686,'2016-03-09 09:21:32',636,'00000074'),(687,'2016-03-09 09:21:34',635,'00000074'),(688,'2016-03-09 09:24:22',636,'00000074'),(689,'2016-03-09 09:24:23',635,'00000074'),(690,'2016-03-09 09:24:28',636,'00000075'),(691,'2016-03-09 09:24:29',636,'00000074'),(692,'2016-03-09 09:24:30',635,'00000074'),(693,'2016-03-09 09:24:31',636,'00000074'),(694,'2016-03-09 09:24:32',635,'00000074'),(695,'2016-03-09 09:24:34',636,'00000074'),(696,'2016-03-09 09:24:37',635,'00000074'),(697,'2016-03-09 09:24:40',636,'00000074'),(698,'2016-03-09 09:24:41',635,'00000074'),(699,'2016-03-09 09:24:46',635,'00000075'),(700,'2016-03-09 09:24:48',636,'00000074'),(701,'2016-03-09 09:24:50',636,'00000075'),(702,'2016-03-09 09:24:59',635,'00000075'),(703,'2016-03-09 09:25:00',636,'00000075'),(704,'2016-03-09 09:25:05',635,'00000074'),(705,'2016-03-09 09:25:06',636,'00000074'),(706,'2016-03-09 09:25:08',635,'00000074'),(707,'2016-03-09 09:25:13',635,'00000075'),(708,'2016-03-09 09:25:17',636,'00000074'),(709,'2016-03-09 09:25:19',635,'00000074'),(710,'2016-03-09 09:25:44',636,'00000075'),(711,'2016-03-09 09:25:48',635,'00000075'),(712,'2016-03-09 09:27:17',636,'00000074'),(713,'2016-03-09 09:27:21',635,'00000074'),(714,'2016-03-09 09:27:58',636,'00000075'),(715,'2016-03-09 09:27:59',635,'00000075'),(716,'2016-03-09 09:28:01',636,'00000075'),(717,'2016-03-09 09:28:03',635,'00000075'),(718,'2016-03-09 09:28:05',636,'00000074'),(719,'2016-03-09 09:28:11',636,'00000075'),(720,'2016-03-09 09:28:15',635,'00000074'),(721,'2016-03-09 09:28:16',636,'00000074'),(722,'2016-03-09 09:28:17',635,'00000074'),(723,'2016-03-09 09:28:19',635,'00000075'),(724,'2016-03-09 09:28:20',636,'00000075'),(725,'2016-03-09 09:28:27',636,'00000074'),(726,'2016-03-09 09:28:28',635,'00000074'),(727,'2016-03-09 09:28:29',636,'00000074'),(728,'2016-03-09 09:28:30',635,'00000074'),(729,'2016-03-09 09:28:40',635,'00000075'),(730,'2016-03-09 09:34:18',636,'00000074'),(731,'2016-03-09 09:34:19',635,'00000074'),(732,'2016-03-09 09:34:41',636,'00000074'),(733,'2016-03-09 09:34:42',635,'00000074'),(734,'2016-03-09 09:34:51',636,'00000074'),(735,'2016-03-09 09:34:52',635,'00000074'),(736,'2016-03-09 09:35:40',636,'00000074'),(737,'2016-03-09 09:35:42',635,'00000074'),(738,'2016-03-09 09:38:10',636,'00000074'),(739,'2016-03-09 09:38:12',635,'00000074'),(740,'2016-03-09 09:38:13',636,'00000074'),(741,'2016-03-09 09:38:15',635,'00000074'),(742,'2016-03-09 09:38:31',636,'00000074'),(743,'2016-03-09 09:38:33',635,'00000074'),(744,'2016-03-09 09:39:06',636,'00000074'),(745,'2016-03-09 09:39:08',635,'00000074'),(746,'2016-03-09 09:40:19',636,'00000074'),(747,'2016-03-09 09:40:21',635,'00000074'),(748,'2016-03-09 09:43:51',636,'00000074'),(749,'2016-03-09 09:43:53',635,'00000074'),(750,'2016-03-09 09:45:01',636,'00000075'),(751,'2016-03-09 09:45:03',635,'00000075'),(752,'2016-03-09 09:45:07',636,'00000075'),(753,'2016-03-09 09:45:15',635,'00000075'),(754,'2016-03-09 10:55:11',636,'00000074'),(755,'2016-03-09 10:55:24',635,'00000074'),(756,'2016-03-09 11:06:01',636,'00000074'),(757,'2016-03-09 11:06:03',635,'00000074'),(758,'2016-03-09 11:06:49',636,'00000074'),(759,'2016-03-09 11:06:51',635,'00000074'),(760,'2016-03-09 11:48:27',636,'00000074'),(761,'2016-03-09 11:48:29',635,'00000074'),(762,'2016-03-09 11:59:18',636,'00000074'),(763,'2016-03-09 11:59:19',635,'00000074'),(764,'2016-03-09 11:59:34',636,'00000074'),(765,'2016-03-09 11:59:35',635,'00000074'),(766,'2016-03-09 11:59:38',636,'00000074'),(767,'2016-03-09 11:59:53',635,'00000074'),(768,'2016-03-09 11:59:54',636,'00000074'),(769,'2016-03-09 12:00:03',635,'00000074'),(770,'2016-03-10 09:17:27',636,'00000a1'),(771,'2016-03-10 14:25:19',636,'00000074'),(772,'2016-03-10 14:35:21',636,'00000074'),(773,'2016-03-10 14:36:14',635,'00000074'),(774,'2016-03-10 14:49:35',636,'00000075'),(775,'2016-03-10 14:49:37',635,'00000075'),(776,'2016-03-10 14:49:39',636,'00000075'),(777,'2016-03-10 14:50:05',635,'00000075'),(778,'2016-03-10 14:50:07',636,'00000075'),(779,'2016-03-10 14:50:09',635,'00000075'),(780,'2016-03-10 14:50:10',636,'00000075'),(781,'2016-03-10 14:50:18',635,'00000075'),(782,'2016-03-10 14:50:20',636,'00000075'),(783,'2016-03-10 14:50:27',635,'00000075'),(784,'2016-03-10 14:50:30',636,'00000075'),(785,'2016-03-10 14:50:32',635,'00000075'),(786,'2016-03-10 14:51:30',636,'00000075'),(787,'2016-03-10 14:51:32',635,'00000075'),(788,'2016-03-10 14:51:34',636,'00000075'),(789,'2016-03-10 14:51:36',635,'00000075'),(790,'2016-03-10 14:51:46',636,'00000075'),(791,'2016-03-10 14:51:48',635,'00000075'),(792,'2016-03-11 08:56:29',636,'00000074'),(793,'2016-03-11 08:56:30',635,'00000074'),(794,'2016-03-11 08:58:46',636,'00000074'),(795,'2016-03-11 08:58:47',635,'00000074'),(796,'2016-03-11 08:59:01',636,'00000074'),(797,'2016-03-11 08:59:02',635,'00000074'),(798,'2016-03-11 10:08:21',636,'00000074'),(799,'2016-03-11 10:08:23',635,'00000074'),(800,'2016-03-11 10:35:46',636,'00000074'),(801,'2016-03-11 11:08:10',635,'00000074'),(802,'2016-03-11 11:08:26',636,'00000074'),(803,'2016-03-11 11:08:27',635,'00000074'),(804,'2016-03-11 11:18:28',635,'00000074'),(805,'2016-03-11 13:00:40',636,'00000074'),(806,'2016-03-11 13:00:43',635,'00000074'),(807,'2016-03-11 13:24:59',636,'00000074'),(808,'2016-03-11 13:25:00',635,'00000074'),(809,'2016-03-11 13:25:38',636,'00000074'),(810,'2016-03-11 13:25:40',635,'00000074'),(811,'2016-03-11 13:25:42',636,'00000074'),(812,'2016-03-11 13:25:44',635,'00000074'),(813,'2016-03-14 10:14:44',636,'00000074'),(814,'2016-03-14 10:21:11',635,'00000074'),(815,'2016-03-14 11:02:08',636,'00000074'),(816,'2016-03-14 11:03:31',635,'00000074'),(817,'2016-03-14 11:14:52',636,'00000074'),(818,'2016-03-14 11:16:30',635,'00000074'),(819,'2016-03-14 11:16:59',636,'00000074'),(820,'2016-03-14 11:17:01',635,'00000074'),(821,'2016-03-14 11:17:07',636,'00000074'),(822,'2016-03-14 11:17:32',635,'00000074'),(823,'2016-03-14 11:22:43',636,'00000074'),(824,'2016-03-14 11:22:45',635,'00000074'),(825,'2016-03-14 11:22:47',636,'00000074'),(826,'2016-03-14 11:22:49',635,'00000074'),(827,'2016-03-14 11:22:56',636,'00000074'),(828,'2016-03-14 11:23:12',635,'00000074'),(829,'2016-03-14 11:23:13',636,'00000074'),(830,'2016-03-14 11:23:38',636,'00000074'),(831,'2016-03-14 11:24:40',635,'00000074'),(832,'2016-03-14 14:19:38',636,'00000074'),(833,'2016-03-14 14:19:39',635,'00000074'),(834,'2016-03-14 14:19:43',636,'00000074'),(835,'2016-03-14 14:20:16',635,'00000074'),(836,'2016-03-14 14:20:27',636,'00000074'),(837,'2016-03-14 14:20:28',635,'00000074'),(838,'2016-03-14 14:21:58',635,'00000074'),(839,'2016-03-14 14:23:56',636,'00000074'),(840,'2016-03-14 14:24:48',635,'00000074'),(841,'2016-03-14 14:35:24',636,'00000074'),(842,'2016-03-14 14:35:27',635,'00000074'),(843,'2016-03-14 16:16:46',636,'00000074'),(844,'2016-03-14 16:16:47',635,'00000074'),(845,'2016-03-14 16:17:31',636,'00000074'),(846,'2016-03-14 16:19:13',635,'00000074'),(847,'2016-03-14 16:19:14',636,'00000074'),(848,'2016-03-14 16:19:16',635,'00000074'),(849,'2016-03-15 14:15:40',636,'00000074'),(850,'2016-03-15 14:15:43',635,'00000074'),(851,'2016-03-15 14:27:24',636,'00000074'),(852,'2016-03-15 14:27:32',635,'00000074'),(853,'2016-03-15 14:27:33',636,'00000074'),(854,'2016-03-15 14:28:39',635,'00000074'),(855,'2016-03-15 14:28:40',636,'00000074'),(856,'2016-03-15 14:28:43',635,'00000074'),(857,'2016-03-15 14:28:44',636,'00000074'),(858,'2016-03-15 14:28:56',635,'00000074'),(859,'2016-03-15 14:28:57',636,'00000074'),(860,'2016-03-15 14:29:00',635,'00000074'),(861,'2016-03-15 14:29:01',636,'00000074'),(862,'2016-03-15 14:29:12',636,'00000074'),(863,'2016-03-15 14:29:14',635,'00000074'),(864,'2016-03-15 14:29:15',636,'00000074'),(865,'2016-03-15 14:29:31',635,'00000074'),(866,'2016-03-15 14:29:36',636,'00000074'),(867,'2016-03-15 14:29:40',635,'00000074'),(868,'2016-03-15 14:29:46',636,'00000074'),(869,'2016-03-15 14:29:56',635,'00000074'),(870,'2016-03-15 14:29:57',636,'00000074'),(871,'2016-03-15 14:30:30',635,'00000074'),(872,'2016-03-15 14:30:45',636,'00000074'),(873,'2016-03-15 14:30:55',635,'00000074'),(874,'2016-03-15 14:30:58',636,'00000074'),(875,'2016-03-15 14:31:06',635,'00000074'),(876,'2016-03-15 14:31:15',636,'00000074'),(877,'2016-03-15 14:31:17',635,'00000074'),(878,'2016-03-15 14:31:26',636,'00000074'),(879,'2016-03-15 14:31:28',635,'00000074'),(880,'2016-03-15 14:31:30',636,'00000074'),(881,'2016-03-15 14:31:32',635,'00000074'),(882,'2016-03-15 14:31:38',636,'00000074'),(883,'2016-03-15 14:31:55',635,'00000074'),(884,'2016-03-15 14:31:59',636,'00000074'),(885,'2016-03-15 14:33:05',635,'00000074'),(886,'2016-03-15 14:33:07',636,'00000074'),(887,'2016-03-15 14:33:14',635,'00000074'),(888,'2016-03-15 14:33:16',636,'00000074'),(889,'2016-03-15 14:33:20',635,'00000074'),(890,'2016-03-15 14:33:21',636,'00000074'),(891,'2016-03-15 14:33:23',635,'00000074'),(892,'2016-03-15 14:33:27',636,'00000074'),(893,'2016-03-15 14:33:34',635,'00000074'),(894,'2016-03-15 14:33:35',636,'00000074'),(895,'2016-03-15 14:33:39',635,'00000074'),(896,'2016-03-15 14:33:41',636,'00000074'),(897,'2016-03-15 14:33:58',635,'00000074'),(898,'2016-03-15 14:34:03',636,'00000074'),(899,'2016-03-15 14:34:04',635,'00000074'),(900,'2016-03-15 14:34:06',636,'00000074'),(901,'2016-03-15 14:34:38',635,'00000074'),(902,'2016-03-15 14:34:39',636,'00000074'),(903,'2016-03-15 14:34:51',635,'00000074'),(904,'2016-03-15 14:35:02',636,'00000074'),(905,'2016-03-15 14:35:14',635,'00000074'),(906,'2016-03-15 14:35:15',636,'00000074'),(907,'2016-03-15 14:35:23',635,'00000074'),(908,'2016-03-15 14:37:07',636,'00000074'),(909,'2016-03-15 14:37:32',635,'00000074'),(910,'2016-03-15 14:38:03',636,'00000074'),(911,'2016-03-15 14:38:13',635,'00000074'),(912,'2016-03-15 14:38:18',636,'00000074'),(913,'2016-03-15 14:38:24',635,'00000074'),(914,'2016-03-15 14:38:26',636,'00000074'),(915,'2016-03-15 14:38:51',635,'00000074'),(916,'2016-03-15 14:39:20',636,'00000074'),(917,'2016-03-15 14:39:28',635,'00000074'),(918,'2016-03-15 14:39:29',636,'00000074'),(919,'2016-03-15 14:39:41',635,'00000074'),(920,'2016-03-15 14:39:44',636,'00000074'),(921,'2016-03-15 14:40:10',635,'00000074'),(922,'2016-03-15 14:40:17',636,'00000074'),(923,'2016-03-15 14:40:19',635,'00000074'),(924,'2016-03-15 14:40:20',636,'00000074'),(925,'2016-03-15 14:48:49',635,'00000074'),(926,'2016-03-15 14:48:51',636,'00000074'),(927,'2016-03-15 14:48:52',635,'00000074'),(928,'2016-03-15 14:48:53',636,'00000074'),(929,'2016-03-15 14:48:58',635,'00000074'),(930,'2016-03-15 14:48:59',636,'00000074'),(931,'2016-03-15 14:51:41',635,'00000074'),(932,'2016-03-15 14:51:42',636,'00000074'),(933,'2016-03-15 15:01:00',635,'00000074'),(934,'2016-03-15 15:02:49',636,'00000074'),(935,'2016-03-15 15:04:33',635,'00000074'),(936,'2016-03-15 15:04:39',636,'00000074'),(937,'2016-03-15 15:07:37',635,'00000074'),(938,'2016-03-15 15:07:38',636,'00000074'),(939,'2016-03-15 15:26:37',635,'00000074'),(940,'2016-03-15 15:28:40',636,'00000074'),(941,'2016-03-15 15:28:42',635,'00000074'),(942,'2016-03-15 15:28:45',636,'00000074'),(943,'2016-03-15 15:28:47',635,'00000074'),(944,'2016-03-15 15:29:41',636,'00000074'),(945,'2016-03-15 15:29:50',635,'00000074'),(946,'2016-03-15 15:29:51',636,'00000074'),(947,'2016-03-15 15:29:58',635,'00000074'),(948,'2016-03-15 15:30:03',636,'00000074'),(949,'2016-03-15 15:30:05',635,'00000074'),(950,'2016-03-15 15:30:14',636,'00000074'),(951,'2016-03-15 15:30:16',635,'00000074'),(952,'2016-03-15 15:30:21',636,'00000074'),(953,'2016-03-15 15:30:23',635,'00000074'),(954,'2016-03-15 15:30:26',636,'00000074'),(955,'2016-03-15 15:30:32',635,'00000074'),(956,'2016-03-15 15:30:42',636,'00000074'),(957,'2016-03-15 15:30:44',635,'00000074'),(958,'2016-03-15 15:30:45',636,'00000074'),(959,'2016-03-15 15:30:49',635,'00000074'),(960,'2016-03-15 15:30:50',636,'00000074'),(961,'2016-03-15 15:31:01',635,'00000074'),(962,'2016-03-15 15:31:07',636,'00000074'),(963,'2016-03-15 15:31:08',635,'00000074'),(964,'2016-03-15 15:31:11',636,'00000074'),(965,'2016-03-15 15:31:33',635,'00000074'),(966,'2016-03-15 15:31:34',636,'00000074'),(967,'2016-03-15 15:31:35',635,'00000074'),(968,'2016-03-15 15:32:27',636,'00000074'),(969,'2016-03-15 15:32:29',635,'00000074'),(970,'2016-03-15 15:32:54',636,'00000074'),(971,'2016-03-15 15:32:55',635,'00000074'),(972,'2016-03-15 15:33:05',636,'00000074'),(973,'2016-03-15 15:33:14',635,'00000074'),(974,'2016-03-15 15:33:30',636,'00000074'),(975,'2016-03-15 15:33:31',635,'00000074'),(976,'2016-03-15 15:33:58',635,'00000074'),(977,'2016-03-15 15:34:48',636,'00000074'),(978,'2016-03-15 15:34:50',635,'00000074'),(979,'2016-03-15 15:35:41',636,'00000074'),(980,'2016-03-15 15:35:43',635,'00000074'),(981,'2016-03-15 15:35:51',636,'00000074'),(982,'2016-03-15 15:35:54',635,'00000074'),(983,'2016-03-15 15:36:18',635,'00000074'),(984,'2016-03-15 15:36:22',636,'00000074'),(985,'2016-03-15 15:36:23',635,'00000074'),(986,'2016-03-15 15:37:47',636,'00000074'),(987,'2016-03-15 15:37:49',635,'00000074'),(988,'2016-03-15 15:39:20',635,'00000074'),(989,'2016-03-15 15:39:39',636,'00000074'),(990,'2016-03-15 15:39:48',635,'00000074'),(991,'2016-03-15 15:39:49',636,'00000074'),(992,'2016-03-15 15:39:51',635,'00000074'),(993,'2016-03-15 15:39:52',636,'00000074'),(994,'2016-03-15 15:39:54',635,'00000074'),(995,'2016-03-15 15:40:01',636,'00000074'),(996,'2016-03-15 15:40:03',635,'00000074'),(997,'2016-03-15 15:40:14',636,'00000074'),(998,'2016-03-15 15:40:18',635,'00000074'),(999,'2016-03-15 15:40:19',636,'00000074'),(1000,'2016-03-15 15:41:46',635,'00000074'),(1001,'2016-03-15 15:41:47',636,'00000074'),(1002,'2016-03-15 15:41:48',635,'00000074'),(1003,'2016-03-15 15:41:51',636,'00000074'),(1004,'2016-03-15 15:41:52',635,'00000074'),(1005,'2016-03-15 15:41:54',636,'00000074'),(1006,'2016-03-15 15:42:06',635,'00000074'),(1007,'2016-03-15 15:42:07',636,'00000074'),(1008,'2016-03-15 15:42:18',635,'00000074'),(1009,'2016-03-15 15:42:19',636,'00000074'),(1010,'2016-03-15 15:42:20',635,'00000074'),(1011,'2016-03-15 15:42:34',635,'00000074'),(1012,'2016-03-15 15:42:35',636,'00000074'),(1013,'2016-03-15 15:42:41',635,'00000074'),(1014,'2016-03-15 15:43:06',636,'00000074'),(1015,'2016-03-15 15:43:08',635,'00000074'),(1016,'2016-03-15 15:43:09',636,'00000074'),(1017,'2016-03-15 15:43:11',635,'00000074'),(1018,'2016-03-15 15:44:14',636,'00000074'),(1019,'2016-03-15 15:44:16',635,'00000074'),(1020,'2016-03-15 15:44:23',636,'00000074'),(1021,'2016-03-15 15:44:25',635,'00000074'),(1022,'2016-03-15 15:45:02',636,'00000074'),(1023,'2016-03-15 15:45:17',635,'00000074'),(1024,'2016-03-15 15:45:26',636,'00000074'),(1025,'2016-03-15 15:45:27',635,'00000074'),(1026,'2016-03-15 15:46:52',636,'00000074'),(1027,'2016-03-15 15:47:12',636,'00000074'),(1028,'2016-03-15 15:47:21',635,'00000074'),(1029,'2016-03-15 15:47:24',636,'00000074'),(1030,'2016-03-15 15:47:25',635,'00000074'),(1031,'2016-03-15 15:47:26',636,'00000074'),(1032,'2016-03-15 15:47:27',635,'00000074'),(1033,'2016-03-15 15:48:01',636,'00000074'),(1034,'2016-03-15 15:48:05',635,'00000074'),(1035,'2016-03-15 15:48:47',636,'00000074'),(1036,'2016-03-15 15:48:49',635,'00000074'),(1037,'2016-03-15 15:48:52',636,'00000074'),(1038,'2016-03-15 15:48:56',635,'00000074'),(1039,'2016-03-15 15:48:59',636,'00000074'),(1040,'2016-03-15 15:49:03',635,'00000074'),(1041,'2016-03-15 15:49:04',636,'00000074'),(1042,'2016-03-15 15:49:08',635,'00000074'),(1043,'2016-03-15 15:49:19',636,'00000074'),(1044,'2016-03-15 15:49:20',635,'00000074'),(1045,'2016-03-15 15:49:26',636,'00000074'),(1046,'2016-03-15 15:49:36',635,'00000074'),(1047,'2016-03-15 15:49:39',636,'00000074'),(1048,'2016-03-15 15:49:46',635,'00000074'),(1049,'2016-03-15 15:49:53',636,'00000074'),(1050,'2016-03-15 15:50:12',635,'00000074'),(1051,'2016-03-15 15:50:24',636,'00000074'),(1052,'2016-03-15 15:50:30',635,'00000074'),(1053,'2016-03-15 15:56:50',636,'00000074'),(1054,'2016-03-15 15:56:51',635,'00000074'),(1055,'2016-03-15 15:57:05',636,'00000074'),(1056,'2016-03-15 15:57:06',635,'00000074'),(1057,'2016-03-15 16:00:14',636,'00000074'),(1058,'2016-03-15 16:00:16',635,'00000074'),(1059,'2016-03-15 16:03:03',636,'00000074'),(1060,'2016-03-15 16:03:05',635,'00000074'),(1061,'2016-03-15 16:08:14',636,'00000074'),(1062,'2016-03-15 16:10:04',635,'00000074'),(1063,'2016-03-15 16:12:07',636,'00000074'),(1064,'2016-03-15 16:12:08',635,'00000074'),(1065,'2016-03-15 16:13:12',636,'00000074'),(1066,'2016-03-15 16:13:13',635,'00000074'),(1067,'2016-03-15 16:15:52',636,'00000074'),(1068,'2016-03-15 16:15:54',635,'00000074'),(1069,'2016-03-15 16:15:57',636,'00000074'),(1070,'2016-03-15 16:15:59',635,'00000074'),(1071,'2016-03-15 16:16:02',636,'00000074'),(1072,'2016-03-15 16:16:04',635,'00000074'),(1073,'2016-03-15 16:16:05',636,'00000074'),(1074,'2016-03-15 16:16:07',635,'00000074'),(1075,'2016-03-15 16:18:44',636,'00000074'),(1076,'2016-03-15 16:18:45',635,'00000074'),(1077,'2016-03-15 16:20:14',636,'00000074'),(1078,'2016-03-15 16:20:15',635,'00000074'),(1079,'2016-03-15 16:20:22',636,'00000074'),(1080,'2016-03-15 16:20:25',635,'00000074'),(1081,'2016-03-15 16:20:26',636,'00000074'),(1082,'2016-03-15 16:20:27',635,'00000074'),(1083,'2016-03-15 16:20:43',636,'00000074'),(1084,'2016-03-15 16:20:45',635,'00000074'),(1085,'2016-03-15 16:22:50',636,'00000074'),(1086,'2016-03-15 16:22:51',635,'00000074'),(1087,'2016-03-15 16:22:54',636,'00000074'),(1088,'2016-03-15 16:22:56',635,'00000074'),(1089,'2016-03-15 16:24:18',636,'00000074'),(1090,'2016-03-15 16:24:25',635,'00000074'),(1091,'2016-03-15 16:26:16',636,'00000074'),(1092,'2016-03-15 16:26:18',635,'00000074'),(1093,'2016-03-15 16:26:19',636,'00000074'),(1094,'2016-03-15 16:26:21',635,'00000074'),(1095,'2016-03-15 16:31:44',636,'00000074'),(1096,'2016-03-15 16:32:07',636,'00000074'),(1097,'2016-03-15 16:32:15',635,'00000074'),(1098,'2016-03-15 16:32:17',636,'00000074'),(1099,'2016-03-15 16:32:19',635,'00000074'),(1100,'2016-03-15 16:32:42',636,'00000074'),(1101,'2016-03-15 16:32:44',635,'00000074'),(1102,'2016-03-15 16:33:02',636,'00000074'),(1103,'2016-03-15 16:33:04',635,'00000074'),(1104,'2016-03-15 16:33:40',636,'00000074'),(1105,'2016-03-15 16:33:41',635,'00000074'),(1106,'2016-03-15 16:33:42',636,'00000074'),(1107,'2016-03-15 16:33:43',635,'00000074'),(1108,'2016-03-15 16:33:47',636,'00000074'),(1109,'2016-03-15 16:33:49',635,'00000074'),(1110,'2016-03-15 16:33:56',636,'00000074'),(1111,'2016-03-15 16:33:57',635,'00000074'),(1112,'2016-03-15 16:34:17',636,'00000074'),(1113,'2016-03-15 16:34:18',635,'00000074'),(1114,'2016-03-15 16:36:41',636,'00000074'),(1115,'2016-03-15 16:36:43',635,'00000074'),(1116,'2016-03-15 16:37:18',636,'00000074'),(1117,'2016-03-15 16:37:20',635,'00000074'),(1118,'2016-03-15 16:37:22',636,'00000074'),(1119,'2016-03-15 16:37:24',635,'00000074'),(1120,'2016-03-15 16:41:53',636,'00000074'),(1121,'2016-03-15 16:41:55',635,'00000074'),(1122,'2016-03-15 16:42:08',636,'00000074'),(1123,'2016-03-15 16:42:10',635,'00000074'),(1124,'2016-03-15 16:42:13',636,'00000074'),(1125,'2016-03-15 16:42:17',635,'00000074'),(1126,'2016-03-15 16:42:23',636,'00000074'),(1127,'2016-03-15 16:42:25',635,'00000074'),(1128,'2016-03-15 16:43:18',635,'00000074'),(1129,'2016-03-15 16:45:12',636,'00000074'),(1130,'2016-03-15 16:45:14',635,'00000074'),(1131,'2016-03-15 16:45:53',636,'00000074'),(1132,'2016-03-15 16:45:54',635,'00000074'),(1133,'2016-03-15 16:46:07',636,'00000074'),(1134,'2016-03-15 16:46:08',635,'00000074'),(1135,'2016-03-15 16:46:25',636,'00000074'),(1136,'2016-03-15 16:46:26',635,'00000074'),(1137,'2016-03-15 16:46:31',636,'00000074'),(1138,'2016-03-15 16:46:32',635,'00000074'),(1139,'2016-03-15 16:46:41',636,'00000074'),(1140,'2016-03-15 16:46:42',635,'00000074'),(1141,'2016-03-15 16:46:43',636,'00000074'),(1142,'2016-03-15 16:46:46',635,'00000074'),(1143,'2016-03-15 16:47:19',636,'00000074'),(1144,'2016-03-15 16:47:25',635,'00000074'),(1145,'2016-03-15 16:47:27',636,'00000074'),(1146,'2016-03-15 16:47:31',635,'00000074'),(1147,'2016-03-15 16:47:40',636,'00000074'),(1148,'2016-03-15 16:47:42',635,'00000074'),(1149,'2016-03-15 16:47:51',636,'00000074'),(1150,'2016-03-15 16:47:53',635,'00000074'),(1151,'2016-03-15 16:47:54',636,'00000074'),(1152,'2016-03-15 16:47:56',635,'00000074'),(1153,'2016-03-15 16:48:07',636,'00000074'),(1154,'2016-03-15 16:48:09',635,'00000074'),(1155,'2016-03-15 16:48:29',636,'00000074'),(1156,'2016-03-15 16:48:31',635,'00000074'),(1157,'2016-03-15 16:53:51',636,'00000074'),(1158,'2016-03-15 16:53:53',635,'00000074'),(1159,'2016-03-15 16:54:21',636,'00000074'),(1160,'2016-03-15 16:54:23',635,'00000074'),(1161,'2016-03-15 16:56:17',636,'00000074'),(1162,'2016-03-15 16:56:37',635,'00000074'),(1163,'2016-03-15 16:59:25',636,'00000074'),(1164,'2016-03-15 17:00:28',635,'00000074'),(1165,'2016-03-16 11:12:41',636,'00000074'),(1166,'2016-03-16 11:12:45',635,'00000074'),(1167,'2016-03-16 11:26:47',636,'00000074'),(1168,'2016-03-16 11:26:49',635,'00000074'),(1169,'2016-03-16 11:38:30',636,'00000074'),(1170,'2016-03-16 11:38:31',635,'00000074'),(1171,'2016-03-16 11:38:37',636,'00000074'),(1172,'2016-03-16 11:47:25',635,'00000074'),(1173,'2016-03-16 11:50:34',636,'00000074'),(1174,'2016-03-16 11:50:38',635,'00000074'),(1175,'2016-03-17 11:56:33',636,'00000074'),(1176,'2016-03-17 11:56:34',635,'00000074'),(1177,'2016-03-17 11:56:37',636,'00000074'),(1178,'2016-03-17 11:56:38',635,'00000074'),(1179,'2016-03-17 12:00:28',636,'00000074'),(1180,'2016-03-17 12:00:29',635,'00000074'),(1181,'2016-03-17 12:02:51',636,'00000074'),(1182,'2016-03-17 12:02:52',635,'00000074'),(1183,'2016-03-17 12:02:54',636,'00000074'),(1184,'2016-03-17 12:02:55',635,'00000074'),(1185,'2016-03-17 12:13:51',636,'00000074'),(1186,'2016-03-17 12:13:52',635,'00000074'),(1187,'2016-03-17 12:14:32',636,'00000074'),(1188,'2016-03-17 12:14:33',635,'00000074');
/*!40000 ALTER TABLE `FlrChange` ENABLE KEYS */;
UNLOCK TABLES;

--
-- Table structure for table `IncomeZone`
--

DROP TABLE IF EXISTS `IncomeZone`;
/*!40101 SET @saved_cs_client     = @@character_set_client */;
/*!40101 SET character_set_client = utf8 */;
CREATE TABLE `IncomeZone` (
  `id` int(11) NOT NULL AUTO_INCREMENT,
  `LoadLandscape_id` varchar(20) COLLATE utf8_unicode_ci NOT NULL,
  PRIMARY KEY (`id`),
  KEY `IncomeZone_5813e371` (`LoadLandscape_id`),
  CONSTRAINT `IncomeZo_LoadLandscape_id_63212a09_fk_LoadLandscape_landscape_id` FOREIGN KEY (`LoadLandscape_id`) REFERENCES `LoadLandscape` (`landscape_id`)
) ENGINE=InnoDB AUTO_INCREMENT=63 DEFAULT CHARSET=utf8 COLLATE=utf8_unicode_ci;
/*!40101 SET character_set_client = @saved_cs_client */;

--
-- Dumping data for table `IncomeZone`
--

LOCK TABLES `IncomeZone` WRITE;
/*!40000 ALTER TABLE `IncomeZone` DISABLE KEYS */;
INSERT INTO `IncomeZone` VALUES (42,'0000'),(43,'0000'),(45,'0000'),(49,'0000'),(51,'0000'),(57,'0000'),(58,'0000'),(59,'0000'),(62,'0000');
/*!40000 ALTER TABLE `IncomeZone` ENABLE KEYS */;
UNLOCK TABLES;

--
-- Table structure for table `KabinetColor`
--

DROP TABLE IF EXISTS `KabinetColor`;
/*!40101 SET @saved_cs_client     = @@character_set_client */;
/*!40101 SET character_set_client = utf8 */;
CREATE TABLE `KabinetColor` (
  `id` int(11) NOT NULL AUTO_INCREMENT,
  `kcolor` varchar(50) COLLATE utf8_unicode_ci DEFAULT NULL,
  `Kabinet_id` int(11) NOT NULL,
  `User_id` int(11) NOT NULL,
  PRIMARY KEY (`id`),
  KEY `KabinetColor_Kabinet_id_264a1bc7_fk_Kabinet_n_Outer_id` (`Kabinet_id`),
  KEY `KabinetColor_User_id_82026089_fk_auth_user_id` (`User_id`),
  CONSTRAINT `KabinetColor_User_id_82026089_fk_auth_user_id` FOREIGN KEY (`User_id`) REFERENCES `auth_user` (`id`),
  CONSTRAINT `KabinetColor_Kabinet_id_264a1bc7_fk_Kabinet_n_Outer_id` FOREIGN KEY (`Kabinet_id`) REFERENCES `Kabinet_n_Outer` (`id`)
) ENGINE=InnoDB AUTO_INCREMENT=4 DEFAULT CHARSET=utf8 COLLATE=utf8_unicode_ci;
/*!40101 SET character_set_client = @saved_cs_client */;

--
-- Dumping data for table `KabinetColor`
--

LOCK TABLES `KabinetColor` WRITE;
/*!40000 ALTER TABLE `KabinetColor` DISABLE KEYS */;
INSERT INTO `KabinetColor` VALUES (1,'9F5EFF',1109,2),(2,'FFFFFF',1111,2),(3,'FFFFFF',1113,2);
/*!40000 ALTER TABLE `KabinetColor` ENABLE KEYS */;
UNLOCK TABLES;

--
-- Table structure for table `KabinetExcludeZone`
--

DROP TABLE IF EXISTS `KabinetExcludeZone`;
/*!40101 SET @saved_cs_client     = @@character_set_client */;
/*!40101 SET character_set_client = utf8 */;
CREATE TABLE `KabinetExcludeZone` (
  `id` int(11) NOT NULL AUTO_INCREMENT,
  `ExcludeZone_id` int(11) NOT NULL,
  `Kabinet_id` int(11) NOT NULL,
  PRIMARY KEY (`id`),
  KEY `KabinetExcludeZone_ExcludeZone_id_f058165b_fk_ExcludeZone_id` (`ExcludeZone_id`),
  KEY `KabinetExcludeZone_Kabinet_id_0540c6e5_fk_Kabinet_n_Outer_id` (`Kabinet_id`),
  CONSTRAINT `KabinetExcludeZone_Kabinet_id_0540c6e5_fk_Kabinet_n_Outer_id` FOREIGN KEY (`Kabinet_id`) REFERENCES `Kabinet_n_Outer` (`id`),
  CONSTRAINT `KabinetExcludeZone_ExcludeZone_id_f058165b_fk_ExcludeZone_id` FOREIGN KEY (`ExcludeZone_id`) REFERENCES `ExcludeZone` (`id`)
) ENGINE=InnoDB AUTO_INCREMENT=11 DEFAULT CHARSET=utf8 COLLATE=utf8_unicode_ci;
/*!40101 SET character_set_client = @saved_cs_client */;

--
-- Dumping data for table `KabinetExcludeZone`
--

LOCK TABLES `KabinetExcludeZone` WRITE;
/*!40000 ALTER TABLE `KabinetExcludeZone` DISABLE KEYS */;
INSERT INTO `KabinetExcludeZone` VALUES (6,11,1111),(8,13,1111),(10,15,1111);
/*!40000 ALTER TABLE `KabinetExcludeZone` ENABLE KEYS */;
UNLOCK TABLES;

--
-- Table structure for table `KabinetIncomeZone`
--

DROP TABLE IF EXISTS `KabinetIncomeZone`;
/*!40101 SET @saved_cs_client     = @@character_set_client */;
/*!40101 SET character_set_client = utf8 */;
CREATE TABLE `KabinetIncomeZone` (
  `id` int(11) NOT NULL AUTO_INCREMENT,
  `Kabinet_id` int(11) NOT NULL,
  `IncomeZone_id` int(11) NOT NULL,
  PRIMARY KEY (`id`),
  KEY `KabinetIncomeZone_Kabinet_id_3f486768_fk_Kabinet_n_Outer_id` (`Kabinet_id`),
  KEY `KabinetIncomeZone_7a2c7c3f` (`IncomeZone_id`),
  CONSTRAINT `KabinetIncomeZone_IncomeZone_id_b69af831_fk_IncomeZone_id` FOREIGN KEY (`IncomeZone_id`) REFERENCES `IncomeZone` (`id`),
  CONSTRAINT `KabinetIncomeZone_Kabinet_id_3f486768_fk_Kabinet_n_Outer_id` FOREIGN KEY (`Kabinet_id`) REFERENCES `Kabinet_n_Outer` (`id`)
) ENGINE=InnoDB AUTO_INCREMENT=16 DEFAULT CHARSET=utf8 COLLATE=utf8_unicode_ci;
/*!40101 SET character_set_client = @saved_cs_client */;

--
-- Dumping data for table `KabinetIncomeZone`
--

LOCK TABLES `KabinetIncomeZone` WRITE;
/*!40000 ALTER TABLE `KabinetIncomeZone` DISABLE KEYS */;
INSERT INTO `KabinetIncomeZone` VALUES (6,1113,51),(12,1111,57),(13,1111,58),(15,1111,62);
/*!40000 ALTER TABLE `KabinetIncomeZone` ENABLE KEYS */;
UNLOCK TABLES;

--
-- Table structure for table `Kabinet_n_Outer`
--

DROP TABLE IF EXISTS `Kabinet_n_Outer`;
/*!40101 SET @saved_cs_client     = @@character_set_client */;
/*!40101 SET character_set_client = utf8 */;
CREATE TABLE `Kabinet_n_Outer` (
  `id` int(11) NOT NULL AUTO_INCREMENT,
  `Kabinet_n_OuterName` varchar(200) COLLATE utf8_unicode_ci DEFAULT NULL,
  `dae_Kabinet_n_OuterName` varchar(200) COLLATE utf8_unicode_ci NOT NULL,
  `Floor_id` int(11) NOT NULL,
  `LoadLandscape_id` varchar(20) COLLATE utf8_unicode_ci NOT NULL,
  `maxx` double,
  `maxy` double,
  `maxz` double,
  `minx` double,
  `miny` double,
  `minz` double,
  PRIMARY KEY (`id`),
  KEY `Kabinet_n_Outer_Floor_id_a3cef8e4_fk_Floor_id` (`Floor_id`),
  KEY `Kabinet_n_Outer_5813e371` (`LoadLandscape_id`),
  CONSTRAINT `Kabinet_n_Outer_Floor_id_a3cef8e4_fk_Floor_id` FOREIGN KEY (`Floor_id`) REFERENCES `Floor` (`id`),
  CONSTRAINT `Kabinet__LoadLandscape_id_59bbd128_fk_LoadLandscape_landscape_id` FOREIGN KEY (`LoadLandscape_id`) REFERENCES `LoadLandscape` (`landscape_id`)
) ENGINE=InnoDB AUTO_INCREMENT=1115 DEFAULT CHARSET=utf8 COLLATE=utf8_unicode_ci;
/*!40101 SET character_set_client = @saved_cs_client */;

--
-- Dumping data for table `Kabinet_n_Outer`
--

LOCK TABLES `Kabinet_n_Outer` WRITE;
/*!40000 ALTER TABLE `Kabinet_n_Outer` DISABLE KEYS */;
INSERT INTO `Kabinet_n_Outer` VALUES (863,NULL,'kabinet_001',513,'0003',80.6033735275269,31.3999967575073,9.18000030570923,59.3825120925903,10.1944894790649,6.11000013351439),(864,NULL,'outer_001',513,'0003',80.6033735275269,31.3999967575073,9.18000030570923,59.3825120925903,10.1944894790649,6.11000013351439),(865,NULL,'kabinet_002',513,'0003',72.4185702842629,41.5851557634189,9.18000030517579,36.3048810652822,2.90229430460984,6.07999992370605),(866,NULL,'outer',514,'0003',80.6488895082578,50.4396579757324,6.07000005245215,31.2370394625734,-2.48651290737304,3.03000020980832),(867,NULL,'outer_003',515,'0003',80.6488895082578,50.4396579757324,3.02000045962638,31.2370394393811,-2.48651290737304,0.0100002298131319),(868,NULL,'kabinet_000',516,'0003',21.4281583262981,23.0415841364211,9.18000030517604,4.30127694085474,-22.2475524150602,6.07999992370601),(869,NULL,'outer_005',516,'0003',21.4281583262981,23.0415841364211,9.18000030517604,4.30127694085474,-22.2475524150602,6.07999992370601),(870,NULL,'kabinet_003',516,'0003',7.64004376530647,21.3290464282036,9.18000030517582,-7.10363480448723,1.48976308107376,6.11000013351423),(871,NULL,'outer_004',517,'0003',28.9320447920207,24.3175994927305,6.07000005245273,-7.17040636047425,-26.6934974097544,3.0300002098079),(872,NULL,'outer_002',518,'0003',28.9320277423696,24.3176011616606,3.02000045962667,-7.17042352661202,-26.6934983634283,0.010000229812984),(1050,NULL,'outer',610,'0001',82.5761748166353,77.5596201776309,8.40143313436565,-25.1665100266247,40.6651115372033,6.02000045776366),(1051,'Балкон','kabinet_001',610,'0001',-13.0999947428703,77.5000031770766,7.05000073835398,-23.1999887228012,75.1000008195785,6.05000066739207),(1052,'Общая комната','kabinet_000',610,'0001',-17.299991673758,74.4000003463558,8.3901069304921,-22.8999816481585,63.9999982507542,6.05000058406522),(1053,'С/У','kabinet_003',610,'0001',-13.4495313810399,67.6903920918703,8.40143313436565,-16.2465596944094,64.1024851735725,6.0500006675239),(1054,'Кухня','kabinet_004',610,'0001',-13.4982773065567,74.5512999892235,6.05000066762175,-17.2618510632906,64.1253316106597,6.05000066755403),(1055,'Спальня','kabinet_005',610,'0001',-19.1829566508103,64.110872587862,8.37877382999843,-24.1906621456146,54.1329130967147,6.05000066752731),(1056,'С/У','kabinet_006',610,'0001',-13.1744368934135,60.2517219620547,8.36577388587613,-16.2794052065169,54.1083532545802,6.05000066754076),(1057,'Передняя','kabinet_007',610,'0001',-10.535719326643,64.1250532865524,6.05000066759859,-19.1490401029587,54.0965175672221,6.05000066744359),(1058,'Спальня','kabinet_008',610,'0001',-17.5585667639554,54.0949559211731,8.37333370366083,-22.8926921405487,43.2593716823478,6.05000066753005),(1059,'Спальня','kabinet_009',610,'0001',-13.1521034450365,54.0305937323005,8.37877687061674,-17.5165036916733,45.7949217208891,6.05000066753417),(1060,'Лоджия','kabinet_010',610,'0001',-13.1605422571133,45.1639311686158,6.99702471897817,-17.4664070606232,43.192820250988,6.05001592630636),(1103,NULL,'kabinet_001',632,'0002',77.3300118539482,40.8900084495544,9.18000030517578,59.2199926376343,28.9999864845323,6.1100001335144),(1104,NULL,'outer_001',632,'0002',77.3300118539482,40.8900084495544,9.18000030517578,59.2199926376343,28.9999864845323,6.1100001335144),(1105,NULL,'kabinet_002',632,'0002',90.0655009627502,29.2941486542094,9.13288902607323,45.6934001370315,19.124695337043,6),(1106,NULL,'outer',633,'0002',90.1136521723125,40.9600160719607,6.07000005245211,42.0920912593098,11.101213098499,2.9800007343292),(1107,NULL,'kabinet_000',633,'0002',90.015422367736,36.0665984812965,5.99000112874821,45.7969409961186,21.9649192407219,2.9800007343292),(1108,NULL,'outer_003',634,'0002',90.1136521723125,40.9600160719607,3.02000045962633,42.0920915212443,11.101213098499,0.010000229813152),(1109,NULL,'kabinet_001',635,'0000',77.3300118539482,40.8900084495544,9.18000030517578,59.2199926376343,28.9999864845323,6.1100001335144),(1110,NULL,'outer_001',635,'0000',77.3300118539482,40.8900084495544,9.18000030517578,59.2199926376343,28.9999864845323,6.1100001335144),(1111,NULL,'kabinet_002',635,'0000',90.0655009627502,29.2941486542094,9.13288902607323,45.6934001370315,19.124695337043,6),(1112,NULL,'outer',636,'0000',90.1136521723125,40.9600160719607,6.07000005245211,42.0920912593098,11.101213098499,2.9800007343292),(1113,NULL,'kabinet_000',636,'0000',90.015422367736,36.0665984812965,5.99000112874821,45.7969409961186,21.9649192407219,2.9800007343292),(1114,NULL,'outer_003',637,'0000',90.1136521723125,40.9600160719607,3.02000045962633,42.0920915212443,11.101213098499,0.010000229813152);
/*!40000 ALTER TABLE `Kabinet_n_Outer` ENABLE KEYS */;
UNLOCK TABLES;

--
-- Table structure for table `KbntChange`
--

DROP TABLE IF EXISTS `KbntChange`;
/*!40101 SET @saved_cs_client     = @@character_set_client */;
/*!40101 SET character_set_client = utf8 */;
CREATE TABLE `KbntChange` (
  `id` int(11) NOT NULL AUTO_INCREMENT,
  `ChangeTime` datetime DEFAULT NULL,
  `KbntNew_id` int(11) NOT NULL,
  `Tag_id` varchar(20) COLLATE utf8_unicode_ci NOT NULL,
  PRIMARY KEY (`id`),
  KEY `KbntChange_KbntNew_id_39d1c123_fk_Kabinet_n_Outer_id` (`KbntNew_id`),
  KEY `KbntChange_Tag_id_b5d41fa9_fk_Tag_TagId` (`Tag_id`),
  CONSTRAINT `KbntChange_KbntNew_id_39d1c123_fk_Kabinet_n_Outer_id` FOREIGN KEY (`KbntNew_id`) REFERENCES `Kabinet_n_Outer` (`id`),
  CONSTRAINT `KbntChange_Tag_id_b5d41fa9_fk_Tag_TagId` FOREIGN KEY (`Tag_id`) REFERENCES `Tag` (`TagId`)
) ENGINE=InnoDB AUTO_INCREMENT=1546 DEFAULT CHARSET=utf8 COLLATE=utf8_unicode_ci;
/*!40101 SET character_set_client = @saved_cs_client */;

--
-- Dumping data for table `KbntChange`
--

LOCK TABLES `KbntChange` WRITE;
/*!40000 ALTER TABLE `KbntChange` DISABLE KEYS */;
INSERT INTO `KbntChange` VALUES (731,'2016-03-09 08:59:20',1111,'00000075'),(732,'2016-03-09 08:59:21',1109,'00000075'),(733,'2016-03-09 08:59:26',1111,'00000074'),(734,'2016-03-09 08:59:28',1111,'00000075'),(735,'2016-03-09 08:59:41',1113,'00000075'),(736,'2016-03-09 08:59:50',1111,'00000075'),(737,'2016-03-09 09:02:15',1113,'00000074'),(738,'2016-03-09 09:02:19',1111,'00000074'),(739,'2016-03-09 09:08:02',1113,'00000074'),(740,'2016-03-09 09:08:04',1111,'00000074'),(741,'2016-03-09 09:09:55',1113,'00000074'),(742,'2016-03-09 09:09:57',1111,'00000074'),(743,'2016-03-09 09:12:40',1113,'00000074'),(744,'2016-03-09 09:12:42',1111,'00000074'),(745,'2016-03-09 09:14:15',1113,'00000074'),(746,'2016-03-09 09:14:17',1111,'00000074'),(747,'2016-03-09 09:19:34',1113,'00000074'),(748,'2016-03-09 09:19:36',1111,'00000074'),(749,'2016-03-09 09:19:43',1113,'00000074'),(750,'2016-03-09 09:20:18',1111,'00000074'),(751,'2016-03-09 09:20:25',1113,'00000074'),(752,'2016-03-09 09:20:33',1111,'00000074'),(753,'2016-03-09 09:21:33',1113,'00000074'),(754,'2016-03-09 09:21:35',1111,'00000074'),(755,'2016-03-09 09:24:35',1113,'00000074'),(756,'2016-03-09 09:24:38',1111,'00000074'),(757,'2016-03-09 09:24:49',1113,'00000074'),(758,'2016-03-09 09:25:09',1111,'00000074'),(759,'2016-03-09 09:25:18',1113,'00000074'),(760,'2016-03-09 09:25:20',1111,'00000074'),(761,'2016-03-09 09:27:18',1113,'00000074'),(762,'2016-03-09 09:27:22',1111,'00000074'),(763,'2016-03-09 09:28:06',1113,'00000074'),(764,'2016-03-09 09:28:18',1111,'00000074'),(765,'2016-03-09 09:35:41',1113,'00000074'),(766,'2016-03-09 09:35:43',1111,'00000074'),(767,'2016-03-09 09:38:11',1113,'00000074'),(768,'2016-03-09 09:38:16',1111,'00000074'),(769,'2016-03-09 09:38:32',1113,'00000074'),(770,'2016-03-09 09:38:34',1111,'00000074'),(771,'2016-03-09 09:39:07',1113,'00000074'),(772,'2016-03-09 09:39:09',1111,'00000074'),(773,'2016-03-09 09:40:20',1113,'00000074'),(774,'2016-03-09 09:40:22',1111,'00000074'),(775,'2016-03-09 09:43:52',1113,'00000074'),(776,'2016-03-09 09:43:54',1111,'00000074'),(777,'2016-03-09 10:42:18',1109,'00000075'),(778,'2016-03-09 10:54:56',1111,'00000074'),(779,'2016-03-09 10:55:12',1113,'00000074'),(780,'2016-03-09 10:55:25',1111,'00000074'),(781,'2016-03-09 11:08:50',1109,'00000074'),(782,'2016-03-09 11:09:33',1111,'00000074'),(783,'2016-03-09 11:09:34',1109,'00000074'),(784,'2016-03-09 11:09:38',1111,'00000074'),(785,'2016-03-09 11:09:39',1109,'00000074'),(786,'2016-03-09 11:09:41',1111,'00000074'),(787,'2016-03-09 11:09:43',1109,'00000074'),(788,'2016-03-09 11:09:55',1111,'00000074'),(789,'2016-03-09 11:15:52',1109,'00000074'),(790,'2016-03-09 11:41:44',1111,'00000074'),(791,'2016-03-09 11:57:38',1109,'00000074'),(792,'2016-03-09 11:58:24',1111,'00000074'),(793,'2016-03-09 12:10:57',1109,'00000074'),(794,'2016-03-09 13:28:21',1111,'00000074'),(795,'2016-03-09 13:29:04',1109,'00000074'),(796,'2016-03-09 14:16:47',1111,'00000074'),(797,'2016-03-09 14:21:13',1109,'00000074'),(798,'2016-03-09 14:23:05',1111,'00000074'),(799,'2016-03-09 14:24:21',1109,'00000074'),(800,'2016-03-09 16:19:52',1111,'00000074'),(801,'2016-03-09 16:20:58',1109,'00000074'),(802,'2016-03-10 09:18:32',1113,'00000a1'),(803,'2016-03-10 10:50:22',1111,'00000074'),(804,'2016-03-10 10:50:32',1109,'00000074'),(805,'2016-03-10 10:53:02',1109,'00000074'),(806,'2016-03-10 14:18:23',1111,'00000074'),(807,'2016-03-10 14:18:29',1109,'00000074'),(808,'2016-03-10 14:23:24',1109,'00000074'),(809,'2016-03-10 14:24:59',1111,'00000074'),(810,'2016-03-10 14:25:20',1113,'00000074'),(811,'2016-03-10 14:32:41',1109,'00000074'),(812,'2016-03-10 14:33:10',1111,'00000074'),(813,'2016-03-10 14:33:25',1109,'00000074'),(814,'2016-03-10 14:33:39',1111,'00000074'),(815,'2016-03-10 14:33:40',1109,'00000074'),(816,'2016-03-10 14:33:46',1111,'00000074'),(817,'2016-03-10 14:34:01',1109,'00000074'),(818,'2016-03-10 14:34:02',1111,'00000074'),(819,'2016-03-10 14:34:03',1109,'00000074'),(820,'2016-03-10 14:34:55',1111,'00000074'),(821,'2016-03-10 14:35:22',1113,'00000074'),(822,'2016-03-10 14:47:59',1109,'00000075'),(823,'2016-03-10 14:49:27',1111,'00000075'),(824,'2016-03-10 14:49:36',1113,'00000075'),(825,'2016-03-10 14:49:38',1111,'00000075'),(826,'2016-03-10 14:49:40',1113,'00000075'),(827,'2016-03-10 14:50:36',1109,'00000075'),(828,'2016-03-11 08:56:14',1111,'00000074'),(829,'2016-03-11 11:08:11',1111,'00000074'),(830,'2016-03-11 11:18:29',1111,'00000074'),(831,'2016-03-11 13:25:39',1113,'00000074'),(832,'2016-03-11 13:25:41',1111,'00000074'),(833,'2016-03-11 13:25:43',1113,'00000074'),(834,'2016-03-11 13:56:18',1111,'00000074'),(835,'2016-03-11 13:56:32',1109,'00000074'),(836,'2016-03-11 15:23:49',1111,'00000074'),(837,'2016-03-11 15:25:26',1109,'00000074'),(838,'2016-03-11 15:32:04',1111,'00000074'),(839,'2016-03-11 15:32:21',1109,'00000074'),(840,'2016-03-11 15:37:07',1111,'00000074'),(841,'2016-03-11 15:37:23',1109,'00000074'),(842,'2016-03-11 16:00:44',1111,'00000074'),(843,'2016-03-11 16:00:51',1109,'00000074'),(844,'2016-03-11 16:04:38',1109,'00000074'),(845,'2016-03-11 16:15:15',1111,'00000074'),(846,'2016-03-11 16:16:37',1109,'00000074'),(847,'2016-03-11 16:19:14',1111,'00000074'),(848,'2016-03-11 16:21:28',1109,'00000074'),(849,'2016-03-14 10:14:11',1111,'00000074'),(850,'2016-03-14 10:14:48',1113,'00000074'),(851,'2016-03-14 10:21:42',1109,'00000074'),(852,'2016-03-14 10:21:56',1111,'00000074'),(853,'2016-03-14 10:22:13',1109,'00000074'),(854,'2016-03-14 10:22:45',1111,'00000074'),(855,'2016-03-14 10:23:19',1109,'00000074'),(856,'2016-03-14 10:23:20',1111,'00000074'),(857,'2016-03-14 10:24:28',1109,'00000074'),(858,'2016-03-14 10:24:29',1111,'00000074'),(859,'2016-03-14 10:24:30',1109,'00000074'),(860,'2016-03-14 10:24:39',1111,'00000074'),(861,'2016-03-14 10:25:04',1109,'00000074'),(862,'2016-03-14 10:25:18',1111,'00000074'),(863,'2016-03-14 10:25:20',1109,'00000074'),(864,'2016-03-14 10:41:50',1111,'00000074'),(865,'2016-03-14 10:41:54',1109,'00000074'),(866,'2016-03-14 10:47:21',1111,'00000074'),(867,'2016-03-14 10:47:33',1109,'00000074'),(868,'2016-03-14 11:01:39',1111,'00000074'),(869,'2016-03-14 11:03:56',1109,'00000074'),(870,'2016-03-14 11:05:53',1111,'00000074'),(871,'2016-03-14 11:06:15',1109,'00000074'),(872,'2016-03-14 11:07:43',1109,'00000074'),(873,'2016-03-14 11:14:14',1111,'00000074'),(874,'2016-03-14 11:15:02',1113,'00000074'),(875,'2016-03-14 11:16:31',1111,'00000074'),(876,'2016-03-14 11:17:00',1113,'00000074'),(877,'2016-03-14 11:17:02',1111,'00000074'),(878,'2016-03-14 11:17:08',1113,'00000074'),(879,'2016-03-14 11:17:34',1111,'00000074'),(880,'2016-03-14 11:18:04',1109,'00000074'),(881,'2016-03-14 11:23:07',1113,'00000074'),(882,'2016-03-14 11:23:23',1111,'00000074'),(883,'2016-03-14 11:23:39',1113,'00000074'),(884,'2016-03-14 11:24:41',1111,'00000074'),(885,'2016-03-14 13:06:24',1111,'00000074'),(886,'2016-03-14 13:06:34',1109,'00000074'),(887,'2016-03-14 13:06:36',1111,'00000074'),(888,'2016-03-14 13:06:49',1109,'00000074'),(889,'2016-03-14 13:06:53',1111,'00000074'),(890,'2016-03-14 13:06:55',1109,'00000074'),(891,'2016-03-14 13:07:14',1111,'00000074'),(892,'2016-03-14 13:07:17',1109,'00000074'),(893,'2016-03-14 13:07:24',1111,'00000074'),(894,'2016-03-14 13:07:33',1109,'00000074'),(895,'2016-03-14 13:20:24',1111,'00000074'),(896,'2016-03-14 13:20:27',1109,'00000074'),(897,'2016-03-14 13:54:03',1111,'00000074'),(898,'2016-03-14 13:58:40',1109,'00000074'),(899,'2016-03-14 14:09:37',1109,'00000074'),(900,'2016-03-14 14:17:42',1111,'00000074'),(901,'2016-03-14 14:19:44',1113,'00000074'),(902,'2016-03-14 14:20:17',1111,'00000074'),(903,'2016-03-14 14:21:59',1111,'00000074'),(904,'2016-03-14 14:38:02',1109,'00000074'),(905,'2016-03-14 16:09:39',1111,'00000074'),(906,'2016-03-14 16:10:34',1109,'00000074'),(907,'2016-03-14 16:10:35',1111,'00000074'),(908,'2016-03-14 16:10:42',1109,'00000074'),(909,'2016-03-14 16:10:43',1111,'00000074'),(910,'2016-03-14 16:10:45',1109,'00000074'),(911,'2016-03-14 16:10:47',1111,'00000074'),(912,'2016-03-14 16:11:44',1109,'00000074'),(913,'2016-03-14 16:14:17',1111,'00000074'),(914,'2016-03-14 16:14:20',1109,'00000074'),(915,'2016-03-14 16:14:21',1111,'00000074'),(916,'2016-03-14 16:14:25',1109,'00000074'),(917,'2016-03-14 16:14:37',1111,'00000074'),(918,'2016-03-14 16:14:48',1109,'00000074'),(919,'2016-03-14 16:16:23',1111,'00000074'),(920,'2016-03-14 16:17:32',1113,'00000074'),(921,'2016-03-14 16:19:23',1111,'00000074'),(922,'2016-03-14 16:19:46',1109,'00000074'),(923,'2016-03-15 13:11:10',1111,'00000074'),(924,'2016-03-15 13:18:53',1109,'00000074'),(925,'2016-03-15 13:26:06',1111,'00000074'),(926,'2016-03-15 13:26:07',1109,'00000074'),(927,'2016-03-15 14:15:41',1113,'00000074'),(928,'2016-03-15 14:15:44',1109,'00000074'),(929,'2016-03-15 14:27:25',1113,'00000074'),(930,'2016-03-15 14:29:13',1113,'00000074'),(931,'2016-03-15 14:29:32',1109,'00000074'),(932,'2016-03-15 14:29:37',1113,'00000074'),(933,'2016-03-15 14:29:41',1109,'00000074'),(934,'2016-03-15 14:29:47',1113,'00000074'),(935,'2016-03-15 14:30:31',1109,'00000074'),(936,'2016-03-15 14:30:46',1113,'00000074'),(937,'2016-03-15 14:30:56',1109,'00000074'),(938,'2016-03-15 14:30:59',1113,'00000074'),(939,'2016-03-15 14:31:07',1109,'00000074'),(940,'2016-03-15 14:31:16',1113,'00000074'),(941,'2016-03-15 14:31:18',1109,'00000074'),(942,'2016-03-15 14:31:27',1113,'00000074'),(943,'2016-03-15 14:31:29',1109,'00000074'),(944,'2016-03-15 14:31:31',1113,'00000074'),(945,'2016-03-15 14:31:33',1109,'00000074'),(946,'2016-03-15 14:31:39',1113,'00000074'),(947,'2016-03-15 14:31:56',1109,'00000074'),(948,'2016-03-15 14:32:00',1113,'00000074'),(949,'2016-03-15 14:33:06',1109,'00000074'),(950,'2016-03-15 14:33:08',1113,'00000074'),(951,'2016-03-15 14:33:15',1109,'00000074'),(952,'2016-03-15 14:33:17',1113,'00000074'),(953,'2016-03-15 14:33:24',1109,'00000074'),(954,'2016-03-15 14:33:28',1113,'00000074'),(955,'2016-03-15 14:33:40',1109,'00000074'),(956,'2016-03-15 14:33:43',1113,'00000074'),(957,'2016-03-15 14:33:59',1109,'00000074'),(958,'2016-03-15 14:34:09',1113,'00000074'),(959,'2016-03-15 14:34:52',1109,'00000074'),(960,'2016-03-15 14:35:03',1113,'00000074'),(961,'2016-03-15 14:35:24',1109,'00000074'),(962,'2016-03-15 14:37:08',1113,'00000074'),(963,'2016-03-15 14:37:33',1109,'00000074'),(964,'2016-03-15 14:38:04',1113,'00000074'),(965,'2016-03-15 14:38:14',1109,'00000074'),(966,'2016-03-15 14:38:19',1113,'00000074'),(967,'2016-03-15 14:38:25',1109,'00000074'),(968,'2016-03-15 14:38:27',1113,'00000074'),(969,'2016-03-15 14:38:52',1109,'00000074'),(970,'2016-03-15 14:39:21',1113,'00000074'),(971,'2016-03-15 14:39:42',1109,'00000074'),(972,'2016-03-15 14:39:45',1113,'00000074'),(973,'2016-03-15 14:40:11',1109,'00000074'),(974,'2016-03-15 14:40:18',1113,'00000074'),(975,'2016-03-15 14:48:50',1109,'00000074'),(976,'2016-03-15 14:48:54',1113,'00000074'),(977,'2016-03-15 15:01:01',1109,'00000074'),(978,'2016-03-15 15:01:14',1111,'00000074'),(979,'2016-03-15 15:01:15',1109,'00000074'),(980,'2016-03-15 15:01:23',1111,'00000074'),(981,'2016-03-15 15:01:24',1109,'00000074'),(982,'2016-03-15 15:02:08',1111,'00000074'),(983,'2016-03-15 15:02:10',1109,'00000074'),(984,'2016-03-15 15:02:12',1111,'00000074'),(985,'2016-03-15 15:02:13',1109,'00000074'),(986,'2016-03-15 15:02:15',1111,'00000074'),(987,'2016-03-15 15:02:17',1109,'00000074'),(988,'2016-03-15 15:02:19',1111,'00000074'),(989,'2016-03-15 15:02:24',1109,'00000074'),(990,'2016-03-15 15:02:26',1111,'00000074'),(991,'2016-03-15 15:02:27',1109,'00000074'),(992,'2016-03-15 15:02:50',1113,'00000074'),(993,'2016-03-15 15:04:34',1109,'00000074'),(994,'2016-03-15 15:04:40',1113,'00000074'),(995,'2016-03-15 15:26:40',1109,'00000074'),(996,'2016-03-15 15:27:19',1111,'00000074'),(997,'2016-03-15 15:27:29',1109,'00000074'),(998,'2016-03-15 15:27:30',1111,'00000074'),(999,'2016-03-15 15:27:31',1109,'00000074'),(1000,'2016-03-15 15:27:38',1111,'00000074'),(1001,'2016-03-15 15:27:41',1109,'00000074'),(1002,'2016-03-15 15:27:43',1111,'00000074'),(1003,'2016-03-15 15:27:51',1109,'00000074'),(1004,'2016-03-15 15:27:52',1111,'00000074'),(1005,'2016-03-15 15:27:53',1109,'00000074'),(1006,'2016-03-15 15:27:57',1111,'00000074'),(1007,'2016-03-15 15:28:09',1109,'00000074'),(1008,'2016-03-15 15:28:10',1111,'00000074'),(1009,'2016-03-15 15:28:15',1109,'00000074'),(1010,'2016-03-15 15:28:16',1111,'00000074'),(1011,'2016-03-15 15:28:18',1109,'00000074'),(1012,'2016-03-15 15:28:19',1111,'00000074'),(1013,'2016-03-15 15:28:20',1109,'00000074'),(1014,'2016-03-15 15:28:27',1111,'00000074'),(1015,'2016-03-15 15:28:29',1109,'00000074'),(1016,'2016-03-15 15:28:38',1111,'00000074'),(1017,'2016-03-15 15:28:39',1109,'00000074'),(1018,'2016-03-15 15:28:41',1113,'00000074'),(1019,'2016-03-15 15:28:43',1111,'00000074'),(1020,'2016-03-15 15:28:44',1109,'00000074'),(1021,'2016-03-15 15:28:46',1113,'00000074'),(1022,'2016-03-15 15:28:48',1109,'00000074'),(1023,'2016-03-15 15:28:52',1111,'00000074'),(1024,'2016-03-15 15:28:53',1109,'00000074'),(1025,'2016-03-15 15:28:57',1111,'00000074'),(1026,'2016-03-15 15:28:58',1109,'00000074'),(1027,'2016-03-15 15:28:59',1111,'00000074'),(1028,'2016-03-15 15:29:01',1109,'00000074'),(1029,'2016-03-15 15:29:03',1111,'00000074'),(1030,'2016-03-15 15:29:04',1109,'00000074'),(1031,'2016-03-15 15:29:06',1111,'00000074'),(1032,'2016-03-15 15:29:07',1109,'00000074'),(1033,'2016-03-15 15:29:10',1111,'00000074'),(1034,'2016-03-15 15:29:11',1109,'00000074'),(1035,'2016-03-15 15:29:12',1111,'00000074'),(1036,'2016-03-15 15:29:14',1109,'00000074'),(1037,'2016-03-15 15:29:19',1111,'00000074'),(1038,'2016-03-15 15:29:20',1109,'00000074'),(1039,'2016-03-15 15:29:21',1111,'00000074'),(1040,'2016-03-15 15:29:22',1109,'00000074'),(1041,'2016-03-15 15:29:23',1111,'00000074'),(1042,'2016-03-15 15:29:27',1109,'00000074'),(1043,'2016-03-15 15:29:32',1111,'00000074'),(1044,'2016-03-15 15:29:33',1109,'00000074'),(1045,'2016-03-15 15:29:37',1111,'00000074'),(1046,'2016-03-15 15:29:42',1113,'00000074'),(1047,'2016-03-15 15:29:59',1109,'00000074'),(1048,'2016-03-15 15:30:04',1113,'00000074'),(1049,'2016-03-15 15:30:06',1109,'00000074'),(1050,'2016-03-15 15:30:09',1111,'00000074'),(1051,'2016-03-15 15:30:10',1109,'00000074'),(1052,'2016-03-15 15:30:11',1111,'00000074'),(1053,'2016-03-15 15:30:12',1109,'00000074'),(1054,'2016-03-15 15:30:15',1113,'00000074'),(1055,'2016-03-15 15:30:17',1109,'00000074'),(1056,'2016-03-15 15:30:18',1111,'00000074'),(1057,'2016-03-15 15:30:19',1109,'00000074'),(1058,'2016-03-15 15:30:22',1113,'00000074'),(1059,'2016-03-15 15:30:24',1109,'00000074'),(1060,'2016-03-15 15:30:27',1113,'00000074'),(1061,'2016-03-15 15:30:33',1111,'00000074'),(1062,'2016-03-15 15:30:40',1109,'00000074'),(1063,'2016-03-15 15:30:41',1111,'00000074'),(1064,'2016-03-15 15:30:43',1113,'00000074'),(1065,'2016-03-15 15:31:02',1111,'00000074'),(1066,'2016-03-15 15:31:03',1109,'00000074'),(1067,'2016-03-15 15:31:12',1113,'00000074'),(1068,'2016-03-15 15:31:36',1109,'00000074'),(1069,'2016-03-15 15:32:28',1113,'00000074'),(1070,'2016-03-15 15:32:30',1109,'00000074'),(1071,'2016-03-15 15:33:06',1113,'00000074'),(1072,'2016-03-15 15:33:15',1109,'00000074'),(1073,'2016-03-15 15:33:17',1111,'00000074'),(1074,'2016-03-15 15:33:19',1109,'00000074'),(1075,'2016-03-15 15:33:22',1111,'00000074'),(1076,'2016-03-15 15:33:24',1109,'00000074'),(1077,'2016-03-15 15:33:48',1111,'00000074'),(1078,'2016-03-15 15:33:52',1109,'00000074'),(1079,'2016-03-15 15:33:53',1111,'00000074'),(1080,'2016-03-15 15:34:07',1111,'00000074'),(1081,'2016-03-15 15:34:09',1109,'00000074'),(1082,'2016-03-15 15:34:49',1113,'00000074'),(1083,'2016-03-15 15:34:51',1109,'00000074'),(1084,'2016-03-15 15:35:30',1111,'00000074'),(1085,'2016-03-15 15:35:31',1109,'00000074'),(1086,'2016-03-15 15:35:42',1113,'00000074'),(1087,'2016-03-15 15:35:44',1109,'00000074'),(1088,'2016-03-15 15:35:52',1113,'00000074'),(1089,'2016-03-15 15:35:55',1111,'00000074'),(1090,'2016-03-15 15:35:56',1109,'00000074'),(1091,'2016-03-15 15:36:09',1111,'00000074'),(1092,'2016-03-15 15:36:11',1109,'00000074'),(1093,'2016-03-15 15:36:21',1109,'00000074'),(1094,'2016-03-15 15:36:43',1111,'00000074'),(1095,'2016-03-15 15:36:45',1109,'00000074'),(1096,'2016-03-15 15:37:48',1113,'00000074'),(1097,'2016-03-15 15:37:50',1109,'00000074'),(1098,'2016-03-15 15:38:00',1111,'00000074'),(1099,'2016-03-15 15:38:03',1109,'00000074'),(1100,'2016-03-15 15:38:07',1111,'00000074'),(1101,'2016-03-15 15:38:08',1109,'00000074'),(1102,'2016-03-15 15:38:12',1111,'00000074'),(1103,'2016-03-15 15:38:15',1109,'00000074'),(1104,'2016-03-15 15:38:21',1111,'00000074'),(1105,'2016-03-15 15:38:24',1109,'00000074'),(1106,'2016-03-15 15:38:26',1111,'00000074'),(1107,'2016-03-15 15:38:55',1109,'00000074'),(1108,'2016-03-15 15:38:56',1111,'00000074'),(1109,'2016-03-15 15:39:09',1109,'00000074'),(1110,'2016-03-15 15:39:13',1111,'00000074'),(1111,'2016-03-15 15:39:21',1109,'00000074'),(1112,'2016-03-15 15:39:40',1113,'00000074'),(1113,'2016-03-15 15:39:55',1109,'00000074'),(1114,'2016-03-15 15:40:02',1113,'00000074'),(1115,'2016-03-15 15:40:04',1109,'00000074'),(1116,'2016-03-15 15:40:15',1113,'00000074'),(1117,'2016-03-15 15:41:49',1109,'00000074'),(1118,'2016-03-15 15:41:55',1113,'00000074'),(1119,'2016-03-15 15:42:21',1109,'00000074'),(1120,'2016-03-15 15:42:22',1111,'00000074'),(1121,'2016-03-15 15:42:42',1109,'00000074'),(1122,'2016-03-15 15:43:07',1113,'00000074'),(1123,'2016-03-15 15:43:12',1109,'00000074'),(1124,'2016-03-15 15:43:39',1111,'00000074'),(1125,'2016-03-15 15:43:40',1109,'00000074'),(1126,'2016-03-15 15:44:15',1113,'00000074'),(1127,'2016-03-15 15:44:17',1109,'00000074'),(1128,'2016-03-15 15:44:24',1113,'00000074'),(1129,'2016-03-15 15:44:26',1109,'00000074'),(1130,'2016-03-15 15:44:45',1109,'00000074'),(1131,'2016-03-15 15:44:46',1111,'00000074'),(1132,'2016-03-15 15:44:47',1109,'00000074'),(1133,'2016-03-15 15:44:48',1111,'00000074'),(1134,'2016-03-15 15:44:49',1109,'00000074'),(1135,'2016-03-15 15:44:50',1111,'00000074'),(1136,'2016-03-15 15:44:51',1109,'00000074'),(1137,'2016-03-15 15:44:53',1111,'00000074'),(1138,'2016-03-15 15:45:03',1113,'00000074'),(1139,'2016-03-15 15:45:18',1111,'00000074'),(1140,'2016-03-15 15:45:19',1109,'00000074'),(1141,'2016-03-15 15:45:34',1111,'00000074'),(1142,'2016-03-15 15:45:37',1109,'00000074'),(1143,'2016-03-15 15:45:38',1111,'00000074'),(1144,'2016-03-15 15:45:39',1109,'00000074'),(1145,'2016-03-15 15:45:49',1111,'00000074'),(1146,'2016-03-15 15:45:50',1109,'00000074'),(1147,'2016-03-15 15:46:03',1111,'00000074'),(1148,'2016-03-15 15:46:04',1109,'00000074'),(1149,'2016-03-15 15:46:26',1111,'00000074'),(1150,'2016-03-15 15:46:30',1109,'00000074'),(1151,'2016-03-15 15:46:51',1111,'00000074'),(1152,'2016-03-15 15:46:59',1111,'00000074'),(1153,'2016-03-15 15:47:00',1109,'00000074'),(1154,'2016-03-15 15:47:04',1111,'00000074'),(1155,'2016-03-15 15:47:07',1109,'00000074'),(1156,'2016-03-15 15:47:13',1113,'00000074'),(1157,'2016-03-15 15:47:22',1111,'00000074'),(1158,'2016-03-15 15:47:23',1109,'00000074'),(1159,'2016-03-15 15:47:40',1111,'00000074'),(1160,'2016-03-15 15:47:41',1109,'00000074'),(1161,'2016-03-15 15:48:02',1113,'00000074'),(1162,'2016-03-15 15:48:06',1109,'00000074'),(1163,'2016-03-15 15:48:30',1111,'00000074'),(1164,'2016-03-15 15:48:48',1113,'00000074'),(1165,'2016-03-15 15:48:50',1109,'00000074'),(1166,'2016-03-15 15:48:53',1113,'00000074'),(1167,'2016-03-15 15:48:57',1109,'00000074'),(1168,'2016-03-15 15:49:00',1113,'00000074'),(1169,'2016-03-15 15:49:09',1109,'00000074'),(1170,'2016-03-15 15:49:27',1113,'00000074'),(1171,'2016-03-15 15:49:37',1109,'00000074'),(1172,'2016-03-15 15:49:40',1113,'00000074'),(1173,'2016-03-15 15:49:47',1109,'00000074'),(1174,'2016-03-15 15:49:54',1113,'00000074'),(1175,'2016-03-15 15:50:13',1109,'00000074'),(1176,'2016-03-15 15:50:25',1113,'00000074'),(1177,'2016-03-15 15:50:31',1109,'00000074'),(1178,'2016-03-15 15:51:03',1111,'00000074'),(1179,'2016-03-15 15:51:04',1109,'00000074'),(1180,'2016-03-15 15:51:09',1111,'00000074'),(1181,'2016-03-15 15:51:10',1109,'00000074'),(1182,'2016-03-15 15:51:12',1111,'00000074'),(1183,'2016-03-15 15:51:20',1109,'00000074'),(1184,'2016-03-15 15:51:21',1111,'00000074'),(1185,'2016-03-15 15:51:25',1109,'00000074'),(1186,'2016-03-15 15:51:32',1111,'00000074'),(1187,'2016-03-15 15:51:37',1109,'00000074'),(1188,'2016-03-15 15:51:44',1111,'00000074'),(1189,'2016-03-15 15:51:45',1109,'00000074'),(1190,'2016-03-15 15:51:46',1111,'00000074'),(1191,'2016-03-15 15:51:47',1109,'00000074'),(1192,'2016-03-15 15:51:56',1111,'00000074'),(1193,'2016-03-15 15:51:57',1109,'00000074'),(1194,'2016-03-15 15:52:03',1111,'00000074'),(1195,'2016-03-15 15:52:06',1109,'00000074'),(1196,'2016-03-15 15:52:09',1111,'00000074'),(1197,'2016-03-15 15:52:10',1109,'00000074'),(1198,'2016-03-15 15:55:58',1111,'00000074'),(1199,'2016-03-15 15:57:46',1109,'00000074'),(1200,'2016-03-15 15:57:48',1111,'00000074'),(1201,'2016-03-15 15:57:49',1109,'00000074'),(1202,'2016-03-15 15:57:50',1111,'00000074'),(1203,'2016-03-15 15:57:59',1109,'00000074'),(1204,'2016-03-15 15:58:39',1111,'00000074'),(1205,'2016-03-15 15:58:40',1109,'00000074'),(1206,'2016-03-15 15:58:44',1111,'00000074'),(1207,'2016-03-15 15:58:45',1109,'00000074'),(1208,'2016-03-15 15:58:53',1111,'00000074'),(1209,'2016-03-15 15:58:54',1109,'00000074'),(1210,'2016-03-15 15:58:59',1111,'00000074'),(1211,'2016-03-15 15:59:00',1109,'00000074'),(1212,'2016-03-15 16:00:15',1113,'00000074'),(1213,'2016-03-15 16:00:17',1109,'00000074'),(1214,'2016-03-15 16:00:30',1111,'00000074'),(1215,'2016-03-15 16:00:34',1109,'00000074'),(1216,'2016-03-15 16:00:35',1111,'00000074'),(1217,'2016-03-15 16:00:36',1109,'00000074'),(1218,'2016-03-15 16:00:40',1111,'00000074'),(1219,'2016-03-15 16:00:42',1109,'00000074'),(1220,'2016-03-15 16:00:44',1111,'00000074'),(1221,'2016-03-15 16:01:23',1109,'00000074'),(1222,'2016-03-15 16:01:26',1111,'00000074'),(1223,'2016-03-15 16:01:27',1109,'00000074'),(1224,'2016-03-15 16:01:31',1111,'00000074'),(1225,'2016-03-15 16:01:34',1109,'00000074'),(1226,'2016-03-15 16:01:35',1111,'00000074'),(1227,'2016-03-15 16:01:36',1109,'00000074'),(1228,'2016-03-15 16:01:37',1111,'00000074'),(1229,'2016-03-15 16:01:44',1109,'00000074'),(1230,'2016-03-15 16:01:45',1111,'00000074'),(1231,'2016-03-15 16:01:47',1109,'00000074'),(1232,'2016-03-15 16:01:48',1111,'00000074'),(1233,'2016-03-15 16:01:52',1109,'00000074'),(1234,'2016-03-15 16:01:54',1111,'00000074'),(1235,'2016-03-15 16:02:05',1109,'00000074'),(1236,'2016-03-15 16:02:08',1111,'00000074'),(1237,'2016-03-15 16:02:30',1109,'00000074'),(1238,'2016-03-15 16:02:33',1111,'00000074'),(1239,'2016-03-15 16:02:47',1109,'00000074'),(1240,'2016-03-15 16:02:53',1111,'00000074'),(1241,'2016-03-15 16:02:54',1109,'00000074'),(1242,'2016-03-15 16:02:56',1111,'00000074'),(1243,'2016-03-15 16:02:57',1109,'00000074'),(1244,'2016-03-15 16:02:58',1111,'00000074'),(1245,'2016-03-15 16:03:00',1109,'00000074'),(1246,'2016-03-15 16:03:02',1111,'00000074'),(1247,'2016-03-15 16:03:04',1113,'00000074'),(1248,'2016-03-15 16:03:06',1109,'00000074'),(1249,'2016-03-15 16:03:07',1111,'00000074'),(1250,'2016-03-15 16:03:08',1109,'00000074'),(1251,'2016-03-15 16:03:13',1111,'00000074'),(1252,'2016-03-15 16:03:14',1109,'00000074'),(1253,'2016-03-15 16:03:24',1111,'00000074'),(1254,'2016-03-15 16:03:26',1109,'00000074'),(1255,'2016-03-15 16:03:39',1111,'00000074'),(1256,'2016-03-15 16:03:40',1109,'00000074'),(1257,'2016-03-15 16:03:41',1111,'00000074'),(1258,'2016-03-15 16:03:42',1109,'00000074'),(1259,'2016-03-15 16:03:43',1111,'00000074'),(1260,'2016-03-15 16:03:47',1109,'00000074'),(1261,'2016-03-15 16:03:53',1111,'00000074'),(1262,'2016-03-15 16:03:54',1109,'00000074'),(1263,'2016-03-15 16:03:59',1111,'00000074'),(1264,'2016-03-15 16:04:00',1109,'00000074'),(1265,'2016-03-15 16:04:02',1111,'00000074'),(1266,'2016-03-15 16:04:03',1109,'00000074'),(1267,'2016-03-15 16:04:06',1111,'00000074'),(1268,'2016-03-15 16:04:09',1109,'00000074'),(1269,'2016-03-15 16:04:22',1111,'00000074'),(1270,'2016-03-15 16:04:23',1109,'00000074'),(1271,'2016-03-15 16:04:39',1111,'00000074'),(1272,'2016-03-15 16:04:40',1109,'00000074'),(1273,'2016-03-15 16:04:41',1111,'00000074'),(1274,'2016-03-15 16:04:42',1109,'00000074'),(1275,'2016-03-15 16:04:46',1111,'00000074'),(1276,'2016-03-15 16:04:47',1109,'00000074'),(1277,'2016-03-15 16:05:03',1111,'00000074'),(1278,'2016-03-15 16:05:04',1109,'00000074'),(1279,'2016-03-15 16:05:09',1111,'00000074'),(1280,'2016-03-15 16:05:10',1109,'00000074'),(1281,'2016-03-15 16:05:12',1111,'00000074'),(1282,'2016-03-15 16:05:13',1109,'00000074'),(1283,'2016-03-15 16:05:17',1111,'00000074'),(1284,'2016-03-15 16:05:19',1109,'00000074'),(1285,'2016-03-15 16:05:31',1111,'00000074'),(1286,'2016-03-15 16:05:33',1109,'00000074'),(1287,'2016-03-15 16:05:42',1111,'00000074'),(1288,'2016-03-15 16:05:43',1109,'00000074'),(1289,'2016-03-15 16:05:44',1111,'00000074'),(1290,'2016-03-15 16:05:45',1109,'00000074'),(1291,'2016-03-15 16:05:50',1111,'00000074'),(1292,'2016-03-15 16:05:51',1109,'00000074'),(1293,'2016-03-15 16:05:54',1111,'00000074'),(1294,'2016-03-15 16:05:55',1109,'00000074'),(1295,'2016-03-15 16:05:56',1111,'00000074'),(1296,'2016-03-15 16:05:57',1109,'00000074'),(1297,'2016-03-15 16:05:58',1111,'00000074'),(1298,'2016-03-15 16:05:59',1109,'00000074'),(1299,'2016-03-15 16:08:15',1113,'00000074'),(1300,'2016-03-15 16:10:05',1109,'00000074'),(1301,'2016-03-15 16:10:20',1111,'00000074'),(1302,'2016-03-15 16:10:21',1109,'00000074'),(1303,'2016-03-15 16:10:26',1111,'00000074'),(1304,'2016-03-15 16:10:27',1109,'00000074'),(1305,'2016-03-15 16:10:32',1111,'00000074'),(1306,'2016-03-15 16:10:34',1109,'00000074'),(1307,'2016-03-15 16:10:35',1111,'00000074'),(1308,'2016-03-15 16:10:38',1109,'00000074'),(1309,'2016-03-15 16:10:39',1111,'00000074'),(1310,'2016-03-15 16:10:42',1109,'00000074'),(1311,'2016-03-15 16:10:46',1111,'00000074'),(1312,'2016-03-15 16:10:47',1109,'00000074'),(1313,'2016-03-15 16:10:51',1111,'00000074'),(1314,'2016-03-15 16:10:53',1109,'00000074'),(1315,'2016-03-15 16:10:55',1111,'00000074'),(1316,'2016-03-15 16:10:56',1109,'00000074'),(1317,'2016-03-15 16:10:57',1111,'00000074'),(1318,'2016-03-15 16:10:59',1109,'00000074'),(1319,'2016-03-15 16:11:08',1111,'00000074'),(1320,'2016-03-15 16:11:09',1109,'00000074'),(1321,'2016-03-15 16:13:25',1111,'00000074'),(1322,'2016-03-15 16:13:26',1109,'00000074'),(1323,'2016-03-15 16:14:47',1111,'00000074'),(1324,'2016-03-15 16:14:48',1109,'00000074'),(1325,'2016-03-15 16:15:09',1111,'00000074'),(1326,'2016-03-15 16:15:10',1109,'00000074'),(1327,'2016-03-15 16:15:53',1113,'00000074'),(1328,'2016-03-15 16:15:55',1109,'00000074'),(1329,'2016-03-15 16:15:58',1113,'00000074'),(1330,'2016-03-15 16:16:00',1109,'00000074'),(1331,'2016-03-15 16:16:03',1113,'00000074'),(1332,'2016-03-15 16:16:08',1109,'00000074'),(1333,'2016-03-15 16:16:42',1111,'00000074'),(1334,'2016-03-15 16:16:44',1109,'00000074'),(1335,'2016-03-15 16:20:23',1113,'00000074'),(1336,'2016-03-15 16:20:28',1109,'00000074'),(1337,'2016-03-15 16:20:44',1113,'00000074'),(1338,'2016-03-15 16:20:46',1109,'00000074'),(1339,'2016-03-15 16:22:55',1113,'00000074'),(1340,'2016-03-15 16:22:57',1109,'00000074'),(1341,'2016-03-15 16:24:19',1113,'00000074'),(1342,'2016-03-15 16:24:26',1109,'00000074'),(1343,'2016-03-15 16:25:33',1111,'00000074'),(1344,'2016-03-15 16:25:34',1109,'00000074'),(1345,'2016-03-15 16:26:17',1113,'00000074'),(1346,'2016-03-15 16:26:22',1109,'00000074'),(1347,'2016-03-15 16:26:26',1111,'00000074'),(1348,'2016-03-15 16:26:27',1109,'00000074'),(1349,'2016-03-15 16:26:41',1111,'00000074'),(1350,'2016-03-15 16:26:42',1109,'00000074'),(1351,'2016-03-15 16:27:21',1111,'00000074'),(1352,'2016-03-15 16:27:22',1109,'00000074'),(1353,'2016-03-15 16:28:04',1111,'00000074'),(1354,'2016-03-15 16:28:08',1109,'00000074'),(1355,'2016-03-15 16:28:13',1111,'00000074'),(1356,'2016-03-15 16:28:15',1109,'00000074'),(1357,'2016-03-15 16:28:31',1111,'00000074'),(1358,'2016-03-15 16:28:32',1109,'00000074'),(1359,'2016-03-15 16:29:21',1111,'00000074'),(1360,'2016-03-15 16:29:22',1109,'00000074'),(1361,'2016-03-15 16:29:37',1111,'00000074'),(1362,'2016-03-15 16:30:09',1111,'00000074'),(1363,'2016-03-15 16:30:11',1109,'00000074'),(1364,'2016-03-15 16:30:24',1111,'00000074'),(1365,'2016-03-15 16:30:25',1109,'00000074'),(1366,'2016-03-15 16:30:32',1111,'00000074'),(1367,'2016-03-15 16:30:33',1109,'00000074'),(1368,'2016-03-15 16:32:08',1113,'00000074'),(1369,'2016-03-15 16:32:16',1109,'00000074'),(1370,'2016-03-15 16:32:18',1113,'00000074'),(1371,'2016-03-15 16:32:20',1109,'00000074'),(1372,'2016-03-15 16:32:43',1113,'00000074'),(1373,'2016-03-15 16:32:45',1109,'00000074'),(1374,'2016-03-15 16:33:03',1113,'00000074'),(1375,'2016-03-15 16:33:05',1109,'00000074'),(1376,'2016-03-15 16:33:48',1113,'00000074'),(1377,'2016-03-15 16:33:50',1109,'00000074'),(1378,'2016-03-15 16:34:51',1111,'00000074'),(1379,'2016-03-15 16:35:25',1109,'00000074'),(1380,'2016-03-15 16:35:28',1111,'00000074'),(1381,'2016-03-15 16:35:29',1109,'00000074'),(1382,'2016-03-15 16:35:32',1111,'00000074'),(1383,'2016-03-15 16:35:36',1109,'00000074'),(1384,'2016-03-15 16:35:45',1111,'00000074'),(1385,'2016-03-15 16:35:48',1109,'00000074'),(1386,'2016-03-15 16:35:49',1111,'00000074'),(1387,'2016-03-15 16:35:50',1109,'00000074'),(1388,'2016-03-15 16:35:52',1111,'00000074'),(1389,'2016-03-15 16:35:53',1109,'00000074'),(1390,'2016-03-15 16:35:54',1111,'00000074'),(1391,'2016-03-15 16:36:01',1109,'00000074'),(1392,'2016-03-15 16:36:42',1113,'00000074'),(1393,'2016-03-15 16:36:44',1109,'00000074'),(1394,'2016-03-15 16:37:19',1113,'00000074'),(1395,'2016-03-15 16:37:21',1109,'00000074'),(1396,'2016-03-15 16:37:23',1113,'00000074'),(1397,'2016-03-15 16:37:25',1109,'00000074'),(1398,'2016-03-15 16:41:10',1111,'00000074'),(1399,'2016-03-15 16:41:11',1109,'00000074'),(1400,'2016-03-15 16:41:54',1113,'00000074'),(1401,'2016-03-15 16:41:56',1109,'00000074'),(1402,'2016-03-15 16:42:09',1113,'00000074'),(1403,'2016-03-15 16:42:11',1109,'00000074'),(1404,'2016-03-15 16:42:14',1113,'00000074'),(1405,'2016-03-15 16:42:18',1109,'00000074'),(1406,'2016-03-15 16:42:24',1113,'00000074'),(1407,'2016-03-15 16:42:26',1109,'00000074'),(1408,'2016-03-15 16:43:19',1109,'00000074'),(1409,'2016-03-15 16:44:29',1111,'00000074'),(1410,'2016-03-15 16:44:30',1109,'00000074'),(1411,'2016-03-15 16:45:13',1113,'00000074'),(1412,'2016-03-15 16:45:15',1109,'00000074'),(1413,'2016-03-15 16:45:21',1111,'00000074'),(1414,'2016-03-15 16:45:22',1109,'00000074'),(1415,'2016-03-15 16:45:30',1111,'00000074'),(1416,'2016-03-15 16:45:34',1109,'00000074'),(1417,'2016-03-15 16:45:35',1111,'00000074'),(1418,'2016-03-15 16:45:36',1109,'00000074'),(1419,'2016-03-15 16:45:40',1111,'00000074'),(1420,'2016-03-15 16:45:41',1109,'00000074'),(1421,'2016-03-15 16:45:52',1111,'00000074'),(1422,'2016-03-15 16:45:55',1109,'00000074'),(1423,'2016-03-15 16:46:11',1111,'00000074'),(1424,'2016-03-15 16:46:12',1109,'00000074'),(1425,'2016-03-15 16:46:44',1113,'00000074'),(1426,'2016-03-15 16:46:47',1109,'00000074'),(1427,'2016-03-15 16:47:12',1111,'00000074'),(1428,'2016-03-15 16:47:20',1113,'00000074'),(1429,'2016-03-15 16:47:26',1111,'00000074'),(1430,'2016-03-15 16:47:28',1113,'00000074'),(1431,'2016-03-15 16:47:32',1111,'00000074'),(1432,'2016-03-15 16:47:41',1113,'00000074'),(1433,'2016-03-15 16:47:43',1111,'00000074'),(1434,'2016-03-15 16:47:52',1113,'00000074'),(1435,'2016-03-15 16:47:57',1111,'00000074'),(1436,'2016-03-15 16:48:08',1113,'00000074'),(1437,'2016-03-15 16:48:10',1111,'00000074'),(1438,'2016-03-15 16:48:30',1113,'00000074'),(1439,'2016-03-15 16:48:32',1111,'00000074'),(1440,'2016-03-15 16:48:34',1109,'00000074'),(1441,'2016-03-15 16:48:36',1111,'00000074'),(1442,'2016-03-15 16:48:38',1109,'00000074'),(1443,'2016-03-15 16:48:49',1111,'00000074'),(1444,'2016-03-15 16:48:51',1109,'00000074'),(1445,'2016-03-15 16:48:53',1111,'00000074'),(1446,'2016-03-15 16:48:59',1109,'00000074'),(1447,'2016-03-15 16:49:02',1111,'00000074'),(1448,'2016-03-15 16:49:04',1109,'00000074'),(1449,'2016-03-15 16:49:13',1111,'00000074'),(1450,'2016-03-15 16:49:14',1109,'00000074'),(1451,'2016-03-15 16:49:16',1111,'00000074'),(1452,'2016-03-15 16:49:17',1109,'00000074'),(1453,'2016-03-15 16:50:03',1111,'00000074'),(1454,'2016-03-15 16:50:04',1109,'00000074'),(1455,'2016-03-15 16:50:05',1111,'00000074'),(1456,'2016-03-15 16:50:06',1109,'00000074'),(1457,'2016-03-15 16:50:23',1111,'00000074'),(1458,'2016-03-15 16:50:24',1109,'00000074'),(1459,'2016-03-15 16:50:33',1111,'00000074'),(1460,'2016-03-15 16:50:34',1109,'00000074'),(1461,'2016-03-15 16:51:44',1111,'00000074'),(1462,'2016-03-15 16:51:45',1109,'00000074'),(1463,'2016-03-15 16:51:47',1111,'00000074'),(1464,'2016-03-15 16:51:48',1109,'00000074'),(1465,'2016-03-15 16:52:02',1111,'00000074'),(1466,'2016-03-15 16:52:03',1109,'00000074'),(1467,'2016-03-15 16:52:09',1111,'00000074'),(1468,'2016-03-15 16:52:10',1109,'00000074'),(1469,'2016-03-15 16:52:11',1111,'00000074'),(1470,'2016-03-15 16:52:12',1109,'00000074'),(1471,'2016-03-15 16:53:05',1111,'00000074'),(1472,'2016-03-15 16:53:06',1109,'00000074'),(1473,'2016-03-15 16:53:52',1113,'00000074'),(1474,'2016-03-15 16:53:54',1109,'00000074'),(1475,'2016-03-15 16:54:22',1113,'00000074'),(1476,'2016-03-15 16:54:24',1109,'00000074'),(1477,'2016-03-15 16:55:06',1111,'00000074'),(1478,'2016-03-15 16:55:08',1109,'00000074'),(1479,'2016-03-15 16:56:16',1111,'00000074'),(1480,'2016-03-15 16:56:18',1113,'00000074'),(1481,'2016-03-15 16:56:38',1109,'00000074'),(1482,'2016-03-15 16:57:04',1111,'00000074'),(1483,'2016-03-15 16:57:05',1109,'00000074'),(1484,'2016-03-15 16:57:09',1111,'00000074'),(1485,'2016-03-15 16:57:10',1109,'00000074'),(1486,'2016-03-15 16:57:42',1111,'00000074'),(1487,'2016-03-15 16:57:43',1109,'00000074'),(1488,'2016-03-15 16:58:15',1111,'00000074'),(1489,'2016-03-15 16:58:17',1109,'00000074'),(1490,'2016-03-15 16:58:30',1111,'00000074'),(1491,'2016-03-15 16:58:31',1109,'00000074'),(1492,'2016-03-15 16:58:46',1111,'00000074'),(1493,'2016-03-15 16:58:47',1109,'00000074'),(1494,'2016-03-15 16:59:26',1113,'00000074'),(1495,'2016-03-15 17:00:29',1109,'00000074'),(1496,'2016-03-16 10:29:06',1111,'00000074'),(1497,'2016-03-16 10:29:16',1109,'00000074'),(1498,'2016-03-16 10:29:17',1111,'00000074'),(1499,'2016-03-16 10:29:23',1109,'00000074'),(1500,'2016-03-16 10:29:27',1111,'00000074'),(1501,'2016-03-16 10:29:28',1109,'00000074'),(1502,'2016-03-16 10:30:10',1111,'00000074'),(1503,'2016-03-16 10:30:11',1109,'00000074'),(1504,'2016-03-16 10:30:12',1111,'00000074'),(1505,'2016-03-16 10:30:13',1109,'00000074'),(1506,'2016-03-16 10:30:57',1109,'00000074'),(1507,'2016-03-16 10:32:34',1111,'00000074'),(1508,'2016-03-16 10:32:39',1109,'00000074'),(1509,'2016-03-16 10:33:02',1111,'00000074'),(1510,'2016-03-16 10:33:03',1109,'00000074'),(1511,'2016-03-16 10:40:03',1109,'00000074'),(1512,'2016-03-16 10:43:42',1109,'00000074'),(1513,'2016-03-16 10:47:54',1109,'00000074'),(1514,'2016-03-16 11:12:09',1109,'00000074'),(1515,'2016-03-16 11:12:17',1111,'00000074'),(1516,'2016-03-16 11:12:23',1109,'00000074'),(1517,'2016-03-16 11:12:43',1113,'00000074'),(1518,'2016-03-16 11:12:46',1109,'00000074'),(1519,'2016-03-16 11:12:54',1111,'00000074'),(1520,'2016-03-16 11:26:45',1111,'00000074'),(1521,'2016-03-16 11:26:46',1109,'00000074'),(1522,'2016-03-16 11:26:48',1113,'00000074'),(1523,'2016-03-16 11:26:50',1111,'00000074'),(1524,'2016-03-16 11:31:23',1109,'00000074'),(1525,'2016-03-16 11:31:28',1111,'00000074'),(1526,'2016-03-16 11:31:33',1109,'00000074'),(1527,'2016-03-16 11:34:49',1111,'00000074'),(1528,'2016-03-16 11:36:36',1109,'00000074'),(1529,'2016-03-16 11:37:50',1111,'00000074'),(1530,'2016-03-16 11:37:54',1109,'00000074'),(1531,'2016-03-16 11:38:23',1111,'00000074'),(1532,'2016-03-16 11:38:44',1113,'00000074'),(1533,'2016-03-16 11:50:40',1111,'00000074'),(1534,'2016-03-16 11:50:58',1109,'00000074'),(1535,'2016-03-17 11:45:07',1109,'00000074'),(1536,'2016-03-17 12:01:48',1111,'00000074'),(1537,'2016-03-17 12:03:05',1109,'00000074'),(1538,'2016-03-17 12:03:07',1111,'00000074'),(1539,'2016-03-17 12:03:18',1109,'00000074'),(1540,'2016-03-17 12:05:10',1111,'00000074'),(1541,'2016-03-17 12:06:27',1109,'00000074'),(1542,'2016-03-17 12:09:22',1111,'00000074'),(1543,'2016-03-17 12:10:06',1109,'00000074'),(1544,'2016-03-17 12:13:19',1111,'00000074'),(1545,'2016-03-17 12:14:50',1109,'00000074');
/*!40000 ALTER TABLE `KbntChange` ENABLE KEYS */;
UNLOCK TABLES;

--
-- Table structure for table `LMDM_Format`
--

DROP TABLE IF EXISTS `LMDM_Format`;
/*!40101 SET @saved_cs_client     = @@character_set_client */;
/*!40101 SET character_set_client = utf8 */;
CREATE TABLE `LMDM_Format` (
  `id` int(11) NOT NULL AUTO_INCREMENT,
  `LMDMFormatName` varchar(200) COLLATE utf8_unicode_ci NOT NULL,
  PRIMARY KEY (`id`)
) ENGINE=InnoDB AUTO_INCREMENT=5 DEFAULT CHARSET=utf8 COLLATE=utf8_unicode_ci;
/*!40101 SET character_set_client = @saved_cs_client */;

--
-- Dumping data for table `LMDM_Format`
--

LOCK TABLES `LMDM_Format` WRITE;
/*!40000 ALTER TABLE `LMDM_Format` DISABLE KEYS */;
INSERT INTO `LMDM_Format` VALUES (1,'Std0'),(2,'Std1'),(3,'Std2'),(4,'NGLL');
/*!40000 ALTER TABLE `LMDM_Format` ENABLE KEYS */;
UNLOCK TABLES;

--
-- Table structure for table `LandscapeColor`
--

DROP TABLE IF EXISTS `LandscapeColor`;
/*!40101 SET @saved_cs_client     = @@character_set_client */;
/*!40101 SET character_set_client = utf8 */;
CREATE TABLE `LandscapeColor` (
  `id` int(11) NOT NULL AUTO_INCREMENT,
  `lcolor` varchar(50) COLLATE utf8_unicode_ci DEFAULT NULL,
  `LoadLandscape_id` varchar(20) COLLATE utf8_unicode_ci NOT NULL,
  `User_id` int(11) NOT NULL,
  PRIMARY KEY (`id`),
  KEY `Landscap_LoadLandscape_id_e8b23447_fk_LoadLandscape_landscape_id` (`LoadLandscape_id`),
  KEY `LandscapeColor_User_id_51ff935a_fk_auth_user_id` (`User_id`),
  CONSTRAINT `LandscapeColor_User_id_51ff935a_fk_auth_user_id` FOREIGN KEY (`User_id`) REFERENCES `auth_user` (`id`),
  CONSTRAINT `Landscap_LoadLandscape_id_e8b23447_fk_LoadLandscape_landscape_id` FOREIGN KEY (`LoadLandscape_id`) REFERENCES `LoadLandscape` (`landscape_id`)
) ENGINE=InnoDB AUTO_INCREMENT=2 DEFAULT CHARSET=utf8 COLLATE=utf8_unicode_ci;
/*!40101 SET character_set_client = @saved_cs_client */;

--
-- Dumping data for table `LandscapeColor`
--

LOCK TABLES `LandscapeColor` WRITE;
/*!40000 ALTER TABLE `LandscapeColor` DISABLE KEYS */;
INSERT INTO `LandscapeColor` VALUES (1,'CAD1C2','0000',2);
/*!40000 ALTER TABLE `LandscapeColor` ENABLE KEYS */;
UNLOCK TABLES;

--
-- Table structure for table `LoadLandscape`
--

DROP TABLE IF EXISTS `LoadLandscape`;
/*!40101 SET @saved_cs_client     = @@character_set_client */;
/*!40101 SET character_set_client = utf8 */;
CREATE TABLE `LoadLandscape` (
  `landscape_name` varchar(100) COLLATE utf8_unicode_ci NOT NULL,
  `landscape_id` varchar(20) COLLATE utf8_unicode_ci NOT NULL,
  `landscape_source` varchar(100) COLLATE utf8_unicode_ci,
  `camera_position_x` double,
  `camera_position_y` double,
  `camera_position_z` double,
  `camera_up_x` double,
  `camera_up_y` double,
  `camera_up_z` double,
  `circle_step_symbol` tinyint(1) NOT NULL,
  `dae_rotation_x` double,
  `dae_rotation_y` double,
  `dae_rotation_z` double,
  `get_wall_height_symbol` tinyint(1) NOT NULL,
  `light_target_symbol` tinyint(1) NOT NULL,
  `dae_position_x` double,
  `dae_position_y` double,
  `dae_position_z` double,
  `controls_target_x` double,
  `controls_target_y` double,
  `controls_target_z` double,
  PRIMARY KEY (`landscape_id`)
) ENGINE=InnoDB DEFAULT CHARSET=utf8 COLLATE=utf8_unicode_ci;
/*!40101 SET character_set_client = @saved_cs_client */;

--
-- Dumping data for table `LoadLandscape`
--

LOCK TABLES `LoadLandscape` WRITE;
/*!40000 ALTER TABLE `LoadLandscape` DISABLE KEYS */;
INSERT INTO `LoadLandscape` VALUES ('Сцена с одним зданием','0000','oneHouse.dae',70,-80,50,0,0,1,1,3.14159265358979,3.14159265358979,3.14159265358979,1,1,72,29,6,67,40,0),('Сложная сцена','0001','complex_building.dae',70,-80,50,0,0,1,1,3.14159265358979,3.14159265358979,3.14159265358979,1,1,28,59,6,67,40,0),('Сцена с одним зданием','0002','oneHouse.dae',70,-80,50,0,0,1,1,3.14159265358979,3.14159265358979,3.14159265358979,1,1,72,29,6,67,40,0),('тестовая сцена 3','0003','landscapeWithHouses6duplicate2.dae',70,-80,50,0,0,1,1,3.14159265358979,3.14159265358979,3.14159265358979,1,1,59,28,6,67,40,0);
/*!40000 ALTER TABLE `LoadLandscape` ENABLE KEYS */;
UNLOCK TABLES;

--
-- Table structure for table `Locate_Message_Definition_Message`
--

DROP TABLE IF EXISTS `Locate_Message_Definition_Message`;
/*!40101 SET @saved_cs_client     = @@character_set_client */;
/*!40101 SET character_set_client = utf8 */;
CREATE TABLE `Locate_Message_Definition_Message` (
  `id` int(11) NOT NULL AUTO_INCREMENT,
  `Source` varchar(200) COLLATE utf8_unicode_ci NOT NULL,
  `Format_id` int(11) NOT NULL,
  PRIMARY KEY (`id`),
  KEY `Locate_Message_Definition_M_Format_id_ae57b8ef_fk_LMDM_Format_id` (`Format_id`),
  CONSTRAINT `Locate_Message_Definition_M_Format_id_ae57b8ef_fk_LMDM_Format_id` FOREIGN KEY (`Format_id`) REFERENCES `LMDM_Format` (`id`)
) ENGINE=InnoDB AUTO_INCREMENT=3 DEFAULT CHARSET=utf8 COLLATE=utf8_unicode_ci;
/*!40101 SET character_set_client = @saved_cs_client */;

--
-- Dumping data for table `Locate_Message_Definition_Message`
--

LOCK TABLES `Locate_Message_Definition_Message` WRITE;
/*!40000 ALTER TABLE `Locate_Message_Definition_Message` DISABLE KEYS */;
INSERT INTO `Locate_Message_Definition_Message` VALUES (1,'LabD',1),(2,'LabD',2);
/*!40000 ALTER TABLE `Locate_Message_Definition_Message` ENABLE KEYS */;
UNLOCK TABLES;

--
-- Table structure for table `LogsJournal`
--

DROP TABLE IF EXISTS `LogsJournal`;
/*!40101 SET @saved_cs_client     = @@character_set_client */;
/*!40101 SET character_set_client = utf8 */;
CREATE TABLE `LogsJournal` (
  `id` int(11) NOT NULL AUTO_INCREMENT,
  `CommandName` varchar(200) COLLATE utf8_unicode_ci NOT NULL,
  `ResponseText` varchar(200) COLLATE utf8_unicode_ci NOT NULL,
  `DateImport` datetime DEFAULT NULL,
  PRIMARY KEY (`id`)
) ENGINE=InnoDB AUTO_INCREMENT=12 DEFAULT CHARSET=utf8 COLLATE=utf8_unicode_ci;
/*!40101 SET character_set_client = @saved_cs_client */;

--
-- Dumping data for table `LogsJournal`
--

LOCK TABLES `LogsJournal` WRITE;
/*!40000 ALTER TABLE `LogsJournal` DISABLE KEYS */;
INSERT INTO `LogsJournal` VALUES (1,'parse','success','2016-01-14 04:39:22'),(2,'clear_old_metka','Cleared 0 lines','2016-01-14 05:47:42'),(3,'clear_old_metka','Cleared 0 lines','2016-01-14 05:51:22'),(4,'clear_old_metka','Cleared 0 lines','2016-01-14 05:51:50'),(5,'clear_old_metka','Cleared 0 lines','2016-01-14 05:52:30'),(6,'clear_old_std0','Cleared 200 lines','2016-01-14 05:53:18'),(7,'parse','received 200 lines','2016-01-14 06:07:52'),(8,'parse','received 0 lines','2016-01-14 06:18:22'),(9,'parse','received 0 lines','2016-01-14 06:22:26'),(10,'parse','received 200 lines','2016-01-14 07:41:17'),(11,'parse','received 200 lines','2016-01-14 07:44:41');
/*!40000 ALTER TABLE `LogsJournal` ENABLE KEYS */;
UNLOCK TABLES;

--
-- Table structure for table `Metka`
--

DROP TABLE IF EXISTS `Metka`;
/*!40101 SET @saved_cs_client     = @@character_set_client */;
/*!40101 SET character_set_client = utf8 */;
CREATE TABLE `Metka` (
  `id` int(11) NOT NULL AUTO_INCREMENT,
  `text` longtext COLLATE utf8_unicode_ci NOT NULL,
  `DateImport` datetime,
  `readed` tinyint(1),
  PRIMARY KEY (`id`)
) ENGINE=InnoDB AUTO_INCREMENT=101 DEFAULT CHARSET=utf8 COLLATE=utf8_unicode_ci;
/*!40101 SET character_set_client = @saved_cs_client */;

--
-- Dumping data for table `Metka`
--

LOCK TABLES `Metka` WRITE;
/*!40000 ALTER TABLE `Metka` DISABLE KEYS */;
INSERT INTO `Metka` VALUES (97,'LabR,Std0,0000,000000a8,39.681625,76.457092,6.803710,7,2016-01-13T13:51:31:239+3,2,0038,0000\nLabR,Std0,0001,000000a9,39.691624,76.467094,6.803710,7,2016-01-13T13:51:31:239+3,2,0038,0000\nLabR,Std0,0002,000000aa,39.701626,76.477089,6.803710,7,2016-01-13T13:51:31:239+3,2,0038,0000\nLabR,Std0,0003,000000ab,39.711624,76.487091,6.803710,7,2016-01-13T13:51:31:239+3,2,0038,0000\nLabR,Std0,0004,000000ac,39.721626,76.497093,6.803710,7,2016-01-13T13:51:31:239+3,2,0038,0000\nLabR,Std0,0005,000000ad,39.731625,76.507095,6.803710,7,2016-01-13T13:51:31:239+3,2,0038,0000\nLabR,Std0,0006,000000ae,39.741627,76.517090,6.803710,7,2016-01-13T13:51:31:239+3,2,0038,0000\nLabR,Std0,0007,000000af,39.751625,76.527092,6.803710,7,2016-01-13T13:51:31:239+3,2,0038,0000\nLabR,Std0,0008,000000b0,39.761627,76.537094,6.803710,7,2016-01-13T13:51:31:239+3,2,0038,0000\nLabR,Std0,0009,000000b1,39.771626,76.547089,6.803710,7,2016-01-13T13:51:31:239+3,2,0038,0000\nLabR,Std0,000a,000000b2,39.781624,76.557091,6.803710,7,2016-01-13T13:51:31:239+3,2,0038,0000\nLabR,Std0,000b,000000b3,39.791626,76.567093,6.803710,7,2016-01-13T13:51:31:239+3,2,0038,0000\nLabR,Std0,000c,000000b4,39.801624,76.577095,6.803710,7,2016-01-13T13:51:31:239+3,2,0038,0000\nLabR,Std0,000d,000000b5,39.811626,76.587090,6.803710,7,2016-01-13T13:51:31:239+3,2,0038,0000\nLabR,Std0,000e,000000b6,39.821625,76.597092,6.803710,7,2016-01-13T13:51:31:239+3,2,0038,0000\nLabR,Std0,000f,000000b7,39.831627,76.607094,6.803710,7,2016-01-13T13:51:31:239+3,2,0038,0000\nLabR,Std0,0010,000000b8,39.841625,76.617096,6.803710,7,2016-01-13T13:51:31:239+3,2,0038,0000\nLabR,Std0,0011,000000b9,39.851624,76.627090,6.803710,7,2016-01-13T13:51:31:239+3,2,0038,0000\nLabR,Std0,0012,000000ba,39.861626,76.637093,6.803710,7,2016-01-13T13:51:31:239+3,2,0038,0000\nLabR,Std0,0013,000000bb,39.871624,76.647095,6.803710,7,2016-01-13T13:51:31:239+3,2,0038,0000\nLabR,Std0,0014,000000bc,39.881626,76.657089,6.803710,7,2016-01-13T13:51:31:239+3,2,0038,0000\nLabR,Std0,0015,000000bd,39.891624,76.667091,6.803710,7,2016-01-13T13:51:31:239+3,2,0038,0000\nLabR,Std0,0016,000000be,39.901627,76.677094,6.803710,7,2016-01-13T13:51:31:239+3,2,0038,0000\nLabR,Std0,0017,000000bf,39.911625,76.687096,6.803710,7,2016-01-13T13:51:31:239+3,2,0038,0000\nLabR,Std0,0018,000000c0,39.921627,76.697090,6.803710,7,2016-01-13T13:51:31:239+3,2,0038,0000\nLabR,Std0,0019,000000c1,39.931625,76.707092,6.803710,7,2016-01-13T13:51:31:239+3,2,0038,0000\nLabR,Std0,001a,000000c2,39.941624,76.717094,6.803710,7,2016-01-13T13:51:31:239+3,2,0038,0000\nLabR,Std0,001b,000000c3,39.951626,76.727089,6.803710,7,2016-01-13T13:51:31:239+3,2,0038,0000\nLabR,Std0,001c,000000c4,39.961624,76.737091,6.803710,7,2016-01-13T13:51:31:239+3,2,0038,0000\nLabR,Std0,001d,000000c5,39.971626,76.747093,6.803710,7,2016-01-13T13:51:31:239+3,2,0038,0000\nLabR,Std0,001e,000000c6,39.981625,76.757095,6.803710,7,2016-01-13T13:51:31:239+3,2,0038,0000\nLabR,Std0,001f,000000c7,39.991627,76.767090,6.803710,7,2016-01-13T13:51:31:239+3,2,0038,0000\nLabR,Std0,0020,000000c8,40.001625,76.777092,6.803710,7,2016-01-13T13:51:31:239+3,2,0038,0000\nLabR,Std0,0021,000000c9,40.011627,76.787094,6.803710,7,2016-01-13T13:51:31:239+3,2,0038,0000\nLabR,Std0,0022,000000ca,40.021626,76.797089,6.803710,7,2016-01-13T13:51:31:239+3,2,0038,0000\nLabR,Std0,0023,000000cb,40.031624,76.807091,6.803710,7,2016-01-13T13:51:31:239+3,2,0038,0000\nLabR,Std0,0024,000000cc,40.041626,76.817093,6.803710,7,2016-01-13T13:51:31:239+3,2,0038,0000\nLabR,Std0,0025,000000cd,40.051624,76.827095,6.803710,7,2016-01-13T13:51:31:239+3,2,0038,0000\nLabR,Std0,0026,000000ce,40.061626,76.837090,6.803710,7,2016-01-13T13:51:31:239+3,2,0038,0000\nLabR,Std0,0027,000000cf,40.071625,76.847092,6.803710,7,2016-01-13T13:51:31:239+3,2,0038,0000\nLabR,Std0,0028,000000d0,40.081627,76.857094,6.803710,7,2016-01-13T13:51:31:239+3,2,0038,0000\nLabR,Std0,0029,000000d1,40.091625,76.867096,6.803710,7,2016-01-13T13:51:31:239+3,2,0038,0000\nLabR,Std0,002a,000000d2,40.101624,76.877090,6.803710,7,2016-01-13T13:51:31:239+3,2,0038,0000\nLabR,Std0,002b,000000d3,40.111626,76.887093,6.803710,7,2016-01-13T13:51:31:239+3,2,0038,0000\nLabR,Std0,002c,000000d4,40.121624,76.897095,6.803710,7,2016-01-13T13:51:31:239+3,2,0038,0000\nLabR,Std0,002d,000000d5,40.131626,76.907089,6.803710,7,2016-01-13T13:51:31:239+3,2,0038,0000\nLabR,Std0,002e,000000d6,40.141624,76.917091,6.803710,7,2016-01-13T13:51:31:239+3,2,0038,0000\nLabR,Std0,002f,000000d7,40.151627,76.927094,6.803710,7,2016-01-13T13:51:31:239+3,2,0038,0000\nLabR,Std0,0030,000000d8,40.161625,76.937096,6.803710,7,2016-01-13T13:51:31:239+3,2,0038,0000\nLabR,Std0,0031,000000d9,40.171627,76.947090,6.803710,7,2016-01-13T13:51:31:239+3,2,0038,0000\nLabR,Std0,0032,000000da,40.181625,76.957092,6.803710,7,2016-01-13T13:51:31:239+3,2,0038,0000\nLabR,Std0,0033,000000db,40.191624,76.967094,6.803710,7,2016-01-13T13:51:31:239+3,2,0038,0000\nLabR,Std0,0034,000000dc,40.201626,76.977089,6.803710,7,2016-01-13T13:51:31:239+3,2,0038,0000\nLabR,Std0,0035,000000dd,40.211624,76.987091,6.803710,7,2016-01-13T13:51:31:239+3,2,0038,0000\nLabR,Std0,0036,000000de,40.221626,76.997093,6.803710,7,2016-01-13T13:51:31:239+3,2,0038,0000\nLabR,Std0,0037,000000df,40.231625,77.007095,6.803710,7,2016-01-13T13:51:31:239+3,2,0038,0000\nLabR,Std0,0038,000000e0,40.241627,77.017090,6.803710,7,2016-01-13T13:51:31:239+3,2,0038,0000\nLabR,Std0,0039,000000e1,40.251625,77.027092,6.803710,7,2016-01-13T13:51:31:239+3,2,0038,0000\nLabR,Std0,003a,000000e2,40.261627,77.037094,6.803710,7,2016-01-13T13:51:31:239+3,2,0038,0000\nLabR,Std0,003b,000000e3,40.271626,77.047089,6.803710,7,2016-01-13T13:51:31:239+3,2,0038,0000\nLabR,Std0,003c,000000e4,40.281624,77.057091,6.803710,7,2016-01-13T13:51:31:239+3,2,0038,0000\nLabR,Std0,003d,000000e5,40.291626,77.067093,6.803710,7,2016-01-13T13:51:31:239+3,2,0038,0000\nLabR,Std0,003e,000000e6,40.301624,77.077095,6.803710,7,2016-01-13T13:51:31:239+3,2,0038,0000\nLabR,Std0,003f,000000e7,40.311626,77.087090,6.803710,7,2016-01-13T13:51:31:239+3,2,0038,0000\nLabR,Std0,0040,000000e8,40.321625,77.097092,6.803710,7,2016-01-13T13:51:31:239+3,2,0038,0000\nLabR,Std0,0041,000000e9,40.331627,77.107094,6.803710,7,2016-01-13T13:51:31:239+3,2,0038,0000\nLabR,Std0,0042,000000ea,40.341625,77.117096,6.803710,7,2016-01-13T13:51:31:239+3,2,0038,0000\nLabR,Std0,0043,000000eb,40.351624,77.127090,6.803710,7,2016-01-13T13:51:31:239+3,2,0038,0000\nLabR,Std0,0044,000000ec,40.361626,77.137093,6.803710,7,2016-01-13T13:51:31:239+3,2,0038,0000\nLabR,Std0,0045,000000ed,40.371624,77.147095,6.803710,7,2016-01-13T13:51:31:239+3,2,0038,0000\nLabR,Std0,0046,000000ee,40.381626,77.157089,6.803710,7,2016-01-13T13:51:31:239+3,2,0038,0000\nLabR,Std0,0047,000000ef,40.391624,77.167091,6.803710,7,2016-01-13T13:51:31:239+3,2,0038,0000\nLabR,Std0,0048,000000f0,40.401627,77.177094,6.803710,7,2016-01-13T13:51:31:239+3,2,0038,0000\nLabR,Std0,0049,000000f1,40.411625,77.187096,6.803710,7,2016-01-13T13:51:31:239+3,2,0038,0000\nLabR,Std0,004a,000000f2,40.421627,77.197090,6.803710,7,2016-01-13T13:51:31:239+3,2,0038,0000\nLabR,Std0,004b,000000f3,40.431625,77.207092,6.803710,7,2016-01-13T13:51:31:239+3,2,0038,0000\nLabR,Std0,004c,000000f4,40.441624,77.217094,6.803710,7,2016-01-13T13:51:31:239+3,2,0038,0000\nLabR,Std0,004d,000000f5,40.451626,77.227089,6.803710,7,2016-01-13T13:51:31:239+3,2,0038,0000\nLabR,Std0,004e,000000f6,40.461624,77.237091,6.803710,7,2016-01-13T13:51:31:239+3,2,0038,0000\nLabR,Std0,004f,000000f7,40.471626,77.247093,6.803710,7,2016-01-13T13:51:31:239+3,2,0038,0000\nLabR,Std0,0050,000000f8,40.481625,77.257095,6.803710,7,2016-01-13T13:51:31:239+3,2,0038,0000\nLabR,Std0,0051,000000f9,40.491627,77.267090,6.803710,7,2016-01-13T13:51:31:239+3,2,0038,0000\nLabR,Std0,0052,000000fa,40.501625,77.277092,6.803710,7,2016-01-13T13:51:31:239+3,2,0038,0000\nLabR,Std0,0053,000000fb,40.511627,77.287094,6.803710,7,2016-01-13T13:51:31:239+3,2,0038,0000\nLabR,Std0,0054,000000fc,40.521626,77.297089,6.803710,7,2016-01-13T13:51:31:239+3,2,0038,0000\nLabR,Std0,0055,000000fd,40.531624,77.307091,6.803710,7,2016-01-13T13:51:31:239+3,2,0038,0000\nLabR,Std0,0056,000000fe,40.541626,77.317093,6.803710,7,2016-01-13T13:51:31:239+3,2,0038,0000\nLabR,Std0,0057,000000ff,40.551624,77.327095,6.803710,7,2016-01-13T13:51:31:239+3,2,0038,0000\nLabR,Std0,0058,00000100,40.561626,77.337090,6.803710,7,2016-01-13T13:51:31:239+3,2,0038,0000\nLabR,Std0,0059,00000101,40.571625,77.347092,6.803710,7,2016-01-13T13:51:31:239+3,2,0038,0000\nLabR,Std0,005a,00000102,40.581627,77.357094,6.803710,7,2016-01-13T13:51:31:239+3,2,0038,0000\nLabR,Std0,005b,00000103,40.591625,77.367096,6.803710,7,2016-01-13T13:51:31:239+3,2,0038,0000\nLabR,Std0,005c,00000104,40.601624,77.377090,6.803710,7,2016-01-13T13:51:31:239+3,2,0038,0000\nLabR,Std0,005d,00000105,40.611626,77.387093,6.803710,7,2016-01-13T13:51:31:239+3,2,0038,0000\nLabR,Std0,005e,00000106,40.621624,77.397095,6.803710,7,2016-01-13T13:51:31:239+3,2,0038,0000\nLabR,Std0,005f,00000107,40.631626,77.407089,6.803710,7,2016-01-13T13:51:31:239+3,2,0038,0000\nLabR,Std0,0060,00000108,40.641624,77.417091,6.803710,7,2016-01-13T13:51:31:239+3,2,0038,0000\nLabR,Std0,0061,00000109,40.651627,77.427094,6.803710,7,2016-01-13T13:51:31:239+3,2,0038,0000\nLabR,Std0,0062,0000010a,40.661625,77.437096,6.803710,7,2016-01-13T13:51:31:239+3,2,0038,0000\nLabR,Std0,0063,0000010b,40.671627,77.447090,6.803710,7,2016-01-13T13:51:31:239+3,2,0038,0000\nLabR,Std0,0064,000000a8,39.681625,76.457092,6.803710,7,2016-01-13T13:51:31:239+3,2,0038,0000\nLabR,Std0,0065,000000a9,39.691624,76.467094,6.803710,7,2016-01-13T13:51:31:239+3,2,0038,0000\nLabR,Std0,0066,000000aa,39.701626,76.477089,6.803710,7,2016-01-13T13:51:31:239+3,2,0038,0000\nLabR,Std0,0067,000000ab,39.711624,76.487091,6.803710,7,2016-01-13T13:51:31:239+3,2,0038,0000\nLabR,Std0,0068,000000ac,39.721626,76.497093,6.803710,7,2016-01-13T13:51:31:239+3,2,0038,0000\nLabR,Std0,0069,000000ad,39.731625,76.507095,6.803710,7,2016-01-13T13:51:31:239+3,2,0038,0000\nLabR,Std0,006a,000000ae,39.741627,76.517090,6.803710,7,2016-01-13T13:51:31:239+3,2,0038,0000\nLabR,Std0,006b,000000af,39.751625,76.527092,6.803710,7,2016-01-13T13:51:31:239+3,2,0038,0000\nLabR,Std0,006c,000000b0,39.761627,76.537094,6.803710,7,2016-01-13T13:51:31:239+3,2,0038,0000\nLabR,Std0,006d,000000b1,39.771626,76.547089,6.803710,7,2016-01-13T13:51:31:239+3,2,0038,0000\nLabR,Std0,006e,000000b2,39.781624,76.557091,6.803710,7,2016-01-13T13:51:31:239+3,2,0038,0000\nLabR,Std0,006f,000000b3,39.791626,76.567093,6.803710,7,2016-01-13T13:51:31:239+3,2,0038,0000\nLabR,Std0,0070,000000b4,39.801624,76.577095,6.803710,7,2016-01-13T13:51:31:239+3,2,0038,0000\nLabR,Std0,0071,000000b5,39.811626,76.587090,6.803710,7,2016-01-13T13:51:31:239+3,2,0038,0000\nLabR,Std0,0072,000000b6,39.821625,76.597092,6.803710,7,2016-01-13T13:51:31:239+3,2,0038,0000\nLabR,Std0,0073,000000b7,39.831627,76.607094,6.803710,7,2016-01-13T13:51:31:239+3,2,0038,0000\nLabR,Std0,0074,000000b8,39.841625,76.617096,6.803710,7,2016-01-13T13:51:31:239+3,2,0038,0000\nLabR,Std0,0075,000000b9,39.851624,76.627090,6.803710,7,2016-01-13T13:51:31:239+3,2,0038,0000\nLabR,Std0,0076,000000ba,39.861626,76.637093,6.803710,7,2016-01-13T13:51:31:239+3,2,0038,0000\nLabR,Std0,0077,000000bb,39.871624,76.647095,6.803710,7,2016-01-13T13:51:31:239+3,2,0038,0000\nLabR,Std0,0078,000000bc,39.881626,76.657089,6.803710,7,2016-01-13T13:51:31:239+3,2,0038,0000\nLabR,Std0,0079,000000bd,39.891624,76.667091,6.803710,7,2016-01-13T13:51:31:239+3,2,0038,0000\nLabR,Std0,007a,000000be,39.901627,76.677094,6.803710,7,2016-01-13T13:51:31:239+3,2,0038,0000\nLabR,Std0,007b,000000bf,39.911625,76.687096,6.803710,7,2016-01-13T13:51:31:239+3,2,0038,0000\nLabR,Std0,007c,000000c0,39.921627,76.697090,6.803710,7,2016-01-13T13:51:31:239+3,2,0038,0000\nLabR,Std0,007d,000000c1,39.931625,76.707092,6.803710,7,2016-01-13T13:51:31:239+3,2,0038,0000\nLabR,Std0,007e,000000c2,39.941624,76.717094,6.803710,7,2016-01-13T13:51:31:239+3,2,0038,0000\nLabR,Std0,007f,000000c3,39.951626,76.727089,6.803710,7,2016-01-13T13:51:31:239+3,2,0038,0000\nLabR,Std0,0080,000000c4,39.961624,76.737091,6.803710,7,2016-01-13T13:51:31:239+3,2,0038,0000\nLabR,Std0,0081,000000c5,39.971626,76.747093,6.803710,7,2016-01-13T13:51:31:239+3,2,0038,0000\nLabR,Std0,0082,000000c6,39.981625,76.757095,6.803710,7,2016-01-13T13:51:31:239+3,2,0038,0000\nLabR,Std0,0083,000000c7,39.991627,76.767090,6.803710,7,2016-01-13T13:51:31:239+3,2,0038,0000\nLabR,Std0,0084,000000c8,40.001625,76.777092,6.803710,7,2016-01-13T13:51:31:239+3,2,0038,0000\nLabR,Std0,0085,000000c9,40.011627,76.787094,6.803710,7,2016-01-13T13:51:31:239+3,2,0038,0000\nLabR,Std0,0086,000000ca,40.021626,76.797089,6.803710,7,2016-01-13T13:51:31:239+3,2,0038,0000\nLabR,Std0,0087,000000cb,40.031624,76.807091,6.803710,7,2016-01-13T13:51:31:239+3,2,0038,0000\nLabR,Std0,0088,000000cc,40.041626,76.817093,6.803710,7,2016-01-13T13:51:31:239+3,2,0038,0000\nLabR,Std0,0089,000000cd,40.051624,76.827095,6.803710,7,2016-01-13T13:51:31:239+3,2,0038,0000\nLabR,Std0,008a,000000ce,40.061626,76.837090,6.803710,7,2016-01-13T13:51:31:239+3,2,0038,0000\nLabR,Std0,008b,000000cf,40.071625,76.847092,6.803710,7,2016-01-13T13:51:31:239+3,2,0038,0000\nLabR,Std0,008c,000000d0,40.081627,76.857094,6.803710,7,2016-01-13T13:51:31:239+3,2,0038,0000\nLabR,Std0,008d,000000d1,40.091625,76.867096,6.803710,7,2016-01-13T13:51:31:239+3,2,0038,0000\nLabR,Std0,008e,000000d2,40.101624,76.877090,6.803710,7,2016-01-13T13:51:31:239+3,2,0038,0000\nLabR,Std0,008f,000000d3,40.111626,76.887093,6.803710,7,2016-01-13T13:51:31:239+3,2,0038,0000\nLabR,Std0,0090,000000d4,40.121624,76.897095,6.803710,7,2016-01-13T13:51:31:239+3,2,0038,0000\nLabR,Std0,0091,000000d5,40.131626,76.907089,6.803710,7,2016-01-13T13:51:31:239+3,2,0038,0000\nLabR,Std0,0092,000000d6,40.141624,76.917091,6.803710,7,2016-01-13T13:51:31:239+3,2,0038,0000\nLabR,Std0,0093,000000d7,40.151627,76.927094,6.803710,7,2016-01-13T13:51:31:239+3,2,0038,0000\nLabR,Std0,0094,000000d8,40.161625,76.937096,6.803710,7,2016-01-13T13:51:31:239+3,2,0038,0000\nLabR,Std0,0095,000000d9,40.171627,76.947090,6.803710,7,2016-01-13T13:51:31:239+3,2,0038,0000\nLabR,Std0,0096,000000da,40.181625,76.957092,6.803710,7,2016-01-13T13:51:31:239+3,2,0038,0000\nLabR,Std0,0097,000000db,40.191624,76.967094,6.803710,7,2016-01-13T13:51:31:239+3,2,0038,0000\nLabR,Std0,0098,000000dc,40.201626,76.977089,6.803710,7,2016-01-13T13:51:31:239+3,2,0038,0000\nLabR,Std0,0099,000000dd,40.211624,76.987091,6.803710,7,2016-01-13T13:51:31:239+3,2,0038,0000\nLabR,Std0,009a,000000de,40.221626,76.997093,6.803710,7,2016-01-13T13:51:31:239+3,2,0038,0000\nLabR,Std0,009b,000000df,40.231625,77.007095,6.803710,7,2016-01-13T13:51:31:239+3,2,0038,0000\nLabR,Std0,009c,000000e0,40.241627,77.017090,6.803710,7,2016-01-13T13:51:31:239+3,2,0038,0000\nLabR,Std0,009d,000000e1,40.251625,77.027092,6.803710,7,2016-01-13T13:51:31:239+3,2,0038,0000\nLabR,Std0,009e,000000e2,40.261627,77.037094,6.803710,7,2016-01-13T13:51:31:239+3,2,0038,0000\nLabR,Std0,009f,000000e3,40.271626,77.047089,6.803710,7,2016-01-13T13:51:31:239+3,2,0038,0000\nLabR,Std0,00a0,000000e4,40.281624,77.057091,6.803710,7,2016-01-13T13:51:31:239+3,2,0038,0000\nLabR,Std0,00a1,000000e5,40.291626,77.067093,6.803710,7,2016-01-13T13:51:31:239+3,2,0038,0000\nLabR,Std0,00a2,000000e6,40.301624,77.077095,6.803710,7,2016-01-13T13:51:31:239+3,2,0038,0000\nLabR,Std0,00a3,000000e7,40.311626,77.087090,6.803710,7,2016-01-13T13:51:31:239+3,2,0038,0000\nLabR,Std0,00a4,000000e8,40.321625,77.097092,6.803710,7,2016-01-13T13:51:31:239+3,2,0038,0000\nLabR,Std0,00a5,000000e9,40.331627,77.107094,6.803710,7,2016-01-13T13:51:31:239+3,2,0038,0000\nLabR,Std0,00a6,000000ea,40.341625,77.117096,6.803710,7,2016-01-13T13:51:31:239+3,2,0038,0000\nLabR,Std0,00a7,000000eb,40.351624,77.127090,6.803710,7,2016-01-13T13:51:31:239+3,2,0038,0000\nLabR,Std0,00a8,000000ec,40.361626,77.137093,6.803710,7,2016-01-13T13:51:31:239+3,2,0038,0000\nLabR,Std0,00a9,000000ed,40.371624,77.147095,6.803710,7,2016-01-13T13:51:31:239+3,2,0038,0000\nLabR,Std0,00aa,000000ee,40.381626,77.157089,6.803710,7,2016-01-13T13:51:31:239+3,2,0038,0000\nLabR,Std0,00ab,000000ef,40.391624,77.167091,6.803710,7,2016-01-13T13:51:31:239+3,2,0038,0000\nLabR,Std0,00ac,000000f0,40.401627,77.177094,6.803710,7,2016-01-13T13:51:31:239+3,2,0038,0000\nLabR,Std0,00ad,000000f1,40.411625,77.187096,6.803710,7,2016-01-13T13:51:31:239+3,2,0038,0000\nLabR,Std0,00ae,000000f2,40.421627,77.197090,6.803710,7,2016-01-13T13:51:31:239+3,2,0038,0000\nLabR,Std0,00af,000000f3,40.431625,77.207092,6.803710,7,2016-01-13T13:51:31:239+3,2,0038,0000\nLabR,Std0,00b0,000000f4,40.441624,77.217094,6.803710,7,2016-01-13T13:51:31:239+3,2,0038,0000\nLabR,Std0,00b1,000000f5,40.451626,77.227089,6.803710,7,2016-01-13T13:51:31:239+3,2,0038,0000\nLabR,Std0,00b2,000000f6,40.461624,77.237091,6.803710,7,2016-01-13T13:51:31:239+3,2,0038,0000\nLabR,Std0,00b3,000000f7,40.471626,77.247093,6.803710,7,2016-01-13T13:51:31:239+3,2,0038,0000\nLabR,Std0,00b4,000000f8,40.481625,77.257095,6.803710,7,2016-01-13T13:51:31:239+3,2,0038,0000\nLabR,Std0,00b5,000000f9,40.491627,77.267090,6.803710,7,2016-01-13T13:51:31:239+3,2,0038,0000\nLabR,Std0,00b6,000000fa,40.501625,77.277092,6.803710,7,2016-01-13T13:51:31:239+3,2,0038,0000\nLabR,Std0,00b7,000000fb,40.511627,77.287094,6.803710,7,2016-01-13T13:51:31:239+3,2,0038,0000\nLabR,Std0,00b8,000000fc,40.521626,77.297089,6.803710,7,2016-01-13T13:51:31:239+3,2,0038,0000\nLabR,Std0,00b9,000000fd,40.531624,77.307091,6.803710,7,2016-01-13T13:51:31:239+3,2,0038,0000\nLabR,Std0,00ba,000000fe,40.541626,77.317093,6.803710,7,2016-01-13T13:51:31:239+3,2,0038,0000\nLabR,Std0,00bb,000000ff,40.551624,77.327095,6.803710,7,2016-01-13T13:51:31:239+3,2,0038,0000\nLabR,Std0,00bc,00000100,40.561626,77.337090,6.803710,7,2016-01-13T13:51:31:239+3,2,0038,0000\nLabR,Std0,00bd,00000101,40.571625,77.347092,6.803710,7,2016-01-13T13:51:31:239+3,2,0038,0000\nLabR,Std0,00be,00000102,40.581627,77.357094,6.803710,7,2016-01-13T13:51:31:239+3,2,0038,0000\nLabR,Std0,00bf,00000103,40.591625,77.367096,6.803710,7,2016-01-13T13:51:31:239+3,2,0038,0000\nLabR,Std0,00c0,00000104,40.601624,77.377090,6.803710,7,2016-01-13T13:51:31:239+3,2,0038,0000\nLabR,Std0,00c1,00000105,40.611626,77.387093,6.803710,7,2016-01-13T13:51:31:239+3,2,0038,0000\nLabR,Std0,00c2,00000106,40.621624,77.397095,6.803710,7,2016-01-13T13:51:31:239+3,2,0038,0000\nLabR,Std0,00c3,00000107,40.631626,77.407089,6.803710,7,2016-01-13T13:51:31:239+3,2,0038,0000\nLabR,Std0,00c4,00000108,40.641624,77.417091,6.803710,7,2016-01-13T13:51:31:239+3,2,0038,0000\nLabR,Std0,00c5,00000109,40.651627,77.427094,6.803710,7,2016-01-13T13:51:31:239+3,2,0038,0000\nLabR,Std0,00c6,0000010a,40.661625,77.437096,6.803710,7,2016-01-13T13:51:31:239+3,2,0038,0000\nLabR,Std0,00c7,0000010b,40.671627,77.447090,6.803710,7,2016-01-13T13:51:31:239+3,2,0038,0000\n','2016-01-14 07:44:24',1),(98,'{u\'data\': [{u\'key1\': u\'val1\'}, {u\'key2\': u\'val2\'}]}','2016-01-16 11:11:00',NULL),(99,'{u\'data\': [{u\'key1\': u\'val1\'}, {u\'key2\': u\'val2\'}]}','2016-01-16 11:19:48',NULL),(100,'poll_id','2016-01-19 16:02:38',NULL);
/*!40000 ALTER TABLE `Metka` ENABLE KEYS */;
UNLOCK TABLES;

--
-- Table structure for table `Std0`
--

DROP TABLE IF EXISTS `Std0`;
/*!40101 SET @saved_cs_client     = @@character_set_client */;
/*!40101 SET character_set_client = utf8 */;
CREATE TABLE `Std0` (
  `id` int(11) NOT NULL AUTO_INCREMENT,
  `LocateMessageDefinition` varchar(200) COLLATE utf8_unicode_ci DEFAULT NULL,
  `LabD` varchar(200) COLLATE utf8_unicode_ci DEFAULT NULL,
  `Std0` varchar(200) COLLATE utf8_unicode_ci DEFAULT NULL,
  `Tag_ID_Format` varchar(200) COLLATE utf8_unicode_ci DEFAULT NULL,
  `Tag_ID` varchar(200) COLLATE utf8_unicode_ci DEFAULT NULL,
  `X` double DEFAULT NULL,
  `Y` double DEFAULT NULL,
  `Z` double DEFAULT NULL,
  `Battery` int(11) DEFAULT NULL,
  `Timestamp` varchar(25) COLLATE utf8_unicode_ci DEFAULT NULL,
  `Status` varchar(1) COLLATE utf8_unicode_ci DEFAULT NULL,
  `Session` varchar(8) COLLATE utf8_unicode_ci DEFAULT NULL,
  `Zone` varchar(200) COLLATE utf8_unicode_ci DEFAULT NULL,
  `DateImport` datetime DEFAULT NULL,
  `TimeDelta` int(11) NOT NULL,
  PRIMARY KEY (`id`)
) ENGINE=InnoDB AUTO_INCREMENT=3986 DEFAULT CHARSET=utf8 COLLATE=utf8_unicode_ci;
/*!40101 SET character_set_client = @saved_cs_client */;

--
-- Dumping data for table `Std0`
--

LOCK TABLES `Std0` WRITE;
/*!40000 ALTER TABLE `Std0` DISABLE KEYS */;
INSERT INTO `Std0` VALUES (3386,NULL,'LabR','Std0','0000','000000a8',39.681625,76.457092,6.80371,NULL,'2016-01-13T13:51:31:239+3',NULL,NULL,'7','2016-01-14 06:26:57',0),(3387,NULL,'LabR','Std0','0001','000000a9',39.691624,76.467094,6.80371,NULL,'2016-01-13T13:51:31:239+3',NULL,NULL,'7','2016-01-14 06:26:57',0),(3388,NULL,'LabR','Std0','0002','000000aa',39.701626,76.477089,6.80371,NULL,'2016-01-13T13:51:31:239+3',NULL,NULL,'7','2016-01-14 06:26:58',0),(3389,NULL,'LabR','Std0','0003','000000ab',39.711624,76.487091,6.80371,NULL,'2016-01-13T13:51:31:239+3',NULL,NULL,'7','2016-01-14 06:26:58',0),(3390,NULL,'LabR','Std0','0004','000000ac',39.721626,76.497093,6.80371,NULL,'2016-01-13T13:51:31:239+3',NULL,NULL,'7','2016-01-14 06:26:58',0),(3391,NULL,'LabR','Std0','0005','000000ad',39.731625,76.507095,6.80371,NULL,'2016-01-13T13:51:31:239+3',NULL,NULL,'7','2016-01-14 06:26:58',0),(3392,NULL,'LabR','Std0','0006','000000ae',39.741627,76.51709,6.80371,NULL,'2016-01-13T13:51:31:239+3',NULL,NULL,'7','2016-01-14 06:26:59',0),(3393,NULL,'LabR','Std0','0007','000000af',39.751625,76.527092,6.80371,NULL,'2016-01-13T13:51:31:239+3',NULL,NULL,'7','2016-01-14 06:26:59',0),(3394,NULL,'LabR','Std0','0008','000000b0',39.761627,76.537094,6.80371,NULL,'2016-01-13T13:51:31:239+3',NULL,NULL,'7','2016-01-14 06:26:59',0),(3395,NULL,'LabR','Std0','0009','000000b1',39.771626,76.547089,6.80371,NULL,'2016-01-13T13:51:31:239+3',NULL,NULL,'7','2016-01-14 06:26:59',0),(3396,NULL,'LabR','Std0','000a','000000b2',39.781624,76.557091,6.80371,NULL,'2016-01-13T13:51:31:239+3',NULL,NULL,'7','2016-01-14 06:27:00',0),(3397,NULL,'LabR','Std0','000b','000000b3',39.791626,76.567093,6.80371,NULL,'2016-01-13T13:51:31:239+3',NULL,NULL,'7','2016-01-14 06:27:00',0),(3398,NULL,'LabR','Std0','000c','000000b4',39.801624,76.577095,6.80371,NULL,'2016-01-13T13:51:31:239+3',NULL,NULL,'7','2016-01-14 06:27:00',0),(3399,NULL,'LabR','Std0','000d','000000b5',39.811626,76.58709,6.80371,NULL,'2016-01-13T13:51:31:239+3',NULL,NULL,'7','2016-01-14 06:27:00',0),(3400,NULL,'LabR','Std0','000e','000000b6',39.821625,76.597092,6.80371,NULL,'2016-01-13T13:51:31:239+3',NULL,NULL,'7','2016-01-14 06:27:01',0),(3401,NULL,'LabR','Std0','000f','000000b7',39.831627,76.607094,6.80371,NULL,'2016-01-13T13:51:31:239+3',NULL,NULL,'7','2016-01-14 06:27:01',0),(3402,NULL,'LabR','Std0','0010','000000b8',39.841625,76.617096,6.80371,NULL,'2016-01-13T13:51:31:239+3',NULL,NULL,'7','2016-01-14 06:27:01',0),(3403,NULL,'LabR','Std0','0011','000000b9',39.851624,76.62709,6.80371,NULL,'2016-01-13T13:51:31:239+3',NULL,NULL,'7','2016-01-14 06:27:01',0),(3404,NULL,'LabR','Std0','0012','000000ba',39.861626,76.637093,6.80371,NULL,'2016-01-13T13:51:31:239+3',NULL,NULL,'7','2016-01-14 06:27:01',0),(3405,NULL,'LabR','Std0','0013','000000bb',39.871624,76.647095,6.80371,NULL,'2016-01-13T13:51:31:239+3',NULL,NULL,'7','2016-01-14 06:27:02',0),(3406,NULL,'LabR','Std0','0014','000000bc',39.881626,76.657089,6.80371,NULL,'2016-01-13T13:51:31:239+3',NULL,NULL,'7','2016-01-14 06:27:02',0),(3407,NULL,'LabR','Std0','0015','000000bd',39.891624,76.667091,6.80371,NULL,'2016-01-13T13:51:31:239+3',NULL,NULL,'7','2016-01-14 06:27:02',0),(3408,NULL,'LabR','Std0','0016','000000be',39.901627,76.677094,6.80371,NULL,'2016-01-13T13:51:31:239+3',NULL,NULL,'7','2016-01-14 06:27:02',0),(3409,NULL,'LabR','Std0','0017','000000bf',39.911625,76.687096,6.80371,NULL,'2016-01-13T13:51:31:239+3',NULL,NULL,'7','2016-01-14 06:27:02',0),(3410,NULL,'LabR','Std0','0018','000000c0',39.921627,76.69709,6.80371,NULL,'2016-01-13T13:51:31:239+3',NULL,NULL,'7','2016-01-14 06:27:02',0),(3411,NULL,'LabR','Std0','0019','000000c1',39.931625,76.707092,6.80371,NULL,'2016-01-13T13:51:31:239+3',NULL,NULL,'7','2016-01-14 06:27:03',0),(3412,NULL,'LabR','Std0','001a','000000c2',39.941624,76.717094,6.80371,NULL,'2016-01-13T13:51:31:239+3',NULL,NULL,'7','2016-01-14 06:27:03',0),(3413,NULL,'LabR','Std0','001b','000000c3',39.951626,76.727089,6.80371,NULL,'2016-01-13T13:51:31:239+3',NULL,NULL,'7','2016-01-14 06:27:03',0),(3414,NULL,'LabR','Std0','001c','000000c4',39.961624,76.737091,6.80371,NULL,'2016-01-13T13:51:31:239+3',NULL,NULL,'7','2016-01-14 06:27:03',0),(3415,NULL,'LabR','Std0','001d','000000c5',39.971626,76.747093,6.80371,NULL,'2016-01-13T13:51:31:239+3',NULL,NULL,'7','2016-01-14 06:27:03',0),(3416,NULL,'LabR','Std0','001e','000000c6',39.981625,76.757095,6.80371,NULL,'2016-01-13T13:51:31:239+3',NULL,NULL,'7','2016-01-14 06:27:03',0),(3417,NULL,'LabR','Std0','001f','000000c7',39.991627,76.76709,6.80371,NULL,'2016-01-13T13:51:31:239+3',NULL,NULL,'7','2016-01-14 06:27:03',0),(3418,NULL,'LabR','Std0','0020','000000c8',40.001625,76.777092,6.80371,NULL,'2016-01-13T13:51:31:239+3',NULL,NULL,'7','2016-01-14 06:27:03',0),(3419,NULL,'LabR','Std0','0021','000000c9',40.011627,76.787094,6.80371,NULL,'2016-01-13T13:51:31:239+3',NULL,NULL,'7','2016-01-14 06:27:04',0),(3420,NULL,'LabR','Std0','0022','000000ca',40.021626,76.797089,6.80371,NULL,'2016-01-13T13:51:31:239+3',NULL,NULL,'7','2016-01-14 06:27:04',0),(3421,NULL,'LabR','Std0','0023','000000cb',40.031624,76.807091,6.80371,NULL,'2016-01-13T13:51:31:239+3',NULL,NULL,'7','2016-01-14 06:27:04',0),(3422,NULL,'LabR','Std0','0024','000000cc',40.041626,76.817093,6.80371,NULL,'2016-01-13T13:51:31:239+3',NULL,NULL,'7','2016-01-14 06:27:04',0),(3423,NULL,'LabR','Std0','0025','000000cd',40.051624,76.827095,6.80371,NULL,'2016-01-13T13:51:31:239+3',NULL,NULL,'7','2016-01-14 06:27:04',0),(3424,NULL,'LabR','Std0','0026','000000ce',40.061626,76.83709,6.80371,NULL,'2016-01-13T13:51:31:239+3',NULL,NULL,'7','2016-01-14 06:27:04',0),(3425,NULL,'LabR','Std0','0027','000000cf',40.071625,76.847092,6.80371,NULL,'2016-01-13T13:51:31:239+3',NULL,NULL,'7','2016-01-14 06:27:04',0),(3426,NULL,'LabR','Std0','0028','000000d0',40.081627,76.857094,6.80371,NULL,'2016-01-13T13:51:31:239+3',NULL,NULL,'7','2016-01-14 06:27:05',0),(3427,NULL,'LabR','Std0','0029','000000d1',40.091625,76.867096,6.80371,NULL,'2016-01-13T13:51:31:239+3',NULL,NULL,'7','2016-01-14 06:27:05',0),(3428,NULL,'LabR','Std0','002a','000000d2',40.101624,76.87709,6.80371,NULL,'2016-01-13T13:51:31:239+3',NULL,NULL,'7','2016-01-14 06:27:05',0),(3429,NULL,'LabR','Std0','002b','000000d3',40.111626,76.887093,6.80371,NULL,'2016-01-13T13:51:31:239+3',NULL,NULL,'7','2016-01-14 06:27:05',0),(3430,NULL,'LabR','Std0','002c','000000d4',40.121624,76.897095,6.80371,NULL,'2016-01-13T13:51:31:239+3',NULL,NULL,'7','2016-01-14 06:27:05',0),(3431,NULL,'LabR','Std0','002d','000000d5',40.131626,76.907089,6.80371,NULL,'2016-01-13T13:51:31:239+3',NULL,NULL,'7','2016-01-14 06:27:05',0),(3432,NULL,'LabR','Std0','002e','000000d6',40.141624,76.917091,6.80371,NULL,'2016-01-13T13:51:31:239+3',NULL,NULL,'7','2016-01-14 06:27:06',0),(3433,NULL,'LabR','Std0','002f','000000d7',40.151627,76.927094,6.80371,NULL,'2016-01-13T13:51:31:239+3',NULL,NULL,'7','2016-01-14 06:27:06',0),(3434,NULL,'LabR','Std0','0030','000000d8',40.161625,76.937096,6.80371,NULL,'2016-01-13T13:51:31:239+3',NULL,NULL,'7','2016-01-14 06:27:07',0),(3435,NULL,'LabR','Std0','0031','000000d9',40.171627,76.94709,6.80371,NULL,'2016-01-13T13:51:31:239+3',NULL,NULL,'7','2016-01-14 06:27:07',0),(3436,NULL,'LabR','Std0','0032','000000da',40.181625,76.957092,6.80371,NULL,'2016-01-13T13:51:31:239+3',NULL,NULL,'7','2016-01-14 06:27:08',0),(3437,NULL,'LabR','Std0','0033','000000db',40.191624,76.967094,6.80371,NULL,'2016-01-13T13:51:31:239+3',NULL,NULL,'7','2016-01-14 06:27:08',0),(3438,NULL,'LabR','Std0','0034','000000dc',40.201626,76.977089,6.80371,NULL,'2016-01-13T13:51:31:239+3',NULL,NULL,'7','2016-01-14 06:27:09',0),(3439,NULL,'LabR','Std0','0035','000000dd',40.211624,76.987091,6.80371,NULL,'2016-01-13T13:51:31:239+3',NULL,NULL,'7','2016-01-14 06:27:09',0),(3440,NULL,'LabR','Std0','0036','000000de',40.221626,76.997093,6.80371,NULL,'2016-01-13T13:51:31:239+3',NULL,NULL,'7','2016-01-14 06:27:09',0),(3441,NULL,'LabR','Std0','0037','000000df',40.231625,77.007095,6.80371,NULL,'2016-01-13T13:51:31:239+3',NULL,NULL,'7','2016-01-14 06:27:09',0),(3442,NULL,'LabR','Std0','0038','000000e0',40.241627,77.01709,6.80371,NULL,'2016-01-13T13:51:31:239+3',NULL,NULL,'7','2016-01-14 06:27:10',0),(3443,NULL,'LabR','Std0','0039','000000e1',40.251625,77.027092,6.80371,NULL,'2016-01-13T13:51:31:239+3',NULL,NULL,'7','2016-01-14 06:27:10',0),(3444,NULL,'LabR','Std0','003a','000000e2',40.261627,77.037094,6.80371,NULL,'2016-01-13T13:51:31:239+3',NULL,NULL,'7','2016-01-14 06:27:10',0),(3445,NULL,'LabR','Std0','003b','000000e3',40.271626,77.047089,6.80371,NULL,'2016-01-13T13:51:31:239+3',NULL,NULL,'7','2016-01-14 06:27:10',0),(3446,NULL,'LabR','Std0','003c','000000e4',40.281624,77.057091,6.80371,NULL,'2016-01-13T13:51:31:239+3',NULL,NULL,'7','2016-01-14 06:27:10',0),(3447,NULL,'LabR','Std0','003d','000000e5',40.291626,77.067093,6.80371,NULL,'2016-01-13T13:51:31:239+3',NULL,NULL,'7','2016-01-14 06:27:11',0),(3448,NULL,'LabR','Std0','003e','000000e6',40.301624,77.077095,6.80371,NULL,'2016-01-13T13:51:31:239+3',NULL,NULL,'7','2016-01-14 06:27:11',0),(3449,NULL,'LabR','Std0','003f','000000e7',40.311626,77.08709,6.80371,NULL,'2016-01-13T13:51:31:239+3',NULL,NULL,'7','2016-01-14 06:27:11',0),(3450,NULL,'LabR','Std0','0040','000000e8',40.321625,77.097092,6.80371,NULL,'2016-01-13T13:51:31:239+3',NULL,NULL,'7','2016-01-14 06:27:11',0),(3451,NULL,'LabR','Std0','0041','000000e9',40.331627,77.107094,6.80371,NULL,'2016-01-13T13:51:31:239+3',NULL,NULL,'7','2016-01-14 06:27:11',0),(3452,NULL,'LabR','Std0','0042','000000ea',40.341625,77.117096,6.80371,NULL,'2016-01-13T13:51:31:239+3',NULL,NULL,'7','2016-01-14 06:27:12',0),(3453,NULL,'LabR','Std0','0043','000000eb',40.351624,77.12709,6.80371,NULL,'2016-01-13T13:51:31:239+3',NULL,NULL,'7','2016-01-14 06:27:12',0),(3454,NULL,'LabR','Std0','0044','000000ec',40.361626,77.137093,6.80371,NULL,'2016-01-13T13:51:31:239+3',NULL,NULL,'7','2016-01-14 06:27:12',0),(3455,NULL,'LabR','Std0','0045','000000ed',40.371624,77.147095,6.80371,NULL,'2016-01-13T13:51:31:239+3',NULL,NULL,'7','2016-01-14 06:27:12',0),(3456,NULL,'LabR','Std0','0046','000000ee',40.381626,77.157089,6.80371,NULL,'2016-01-13T13:51:31:239+3',NULL,NULL,'7','2016-01-14 06:27:12',0),(3457,NULL,'LabR','Std0','0047','000000ef',40.391624,77.167091,6.80371,NULL,'2016-01-13T13:51:31:239+3',NULL,NULL,'7','2016-01-14 06:27:13',0),(3458,NULL,'LabR','Std0','0048','000000f0',40.401627,77.177094,6.80371,NULL,'2016-01-13T13:51:31:239+3',NULL,NULL,'7','2016-01-14 06:27:13',0),(3459,NULL,'LabR','Std0','0049','000000f1',40.411625,77.187096,6.80371,NULL,'2016-01-13T13:51:31:239+3',NULL,NULL,'7','2016-01-14 06:27:13',0),(3460,NULL,'LabR','Std0','004a','000000f2',40.421627,77.19709,6.80371,NULL,'2016-01-13T13:51:31:239+3',NULL,NULL,'7','2016-01-14 06:27:13',0),(3461,NULL,'LabR','Std0','004b','000000f3',40.431625,77.207092,6.80371,NULL,'2016-01-13T13:51:31:239+3',NULL,NULL,'7','2016-01-14 06:27:13',0),(3462,NULL,'LabR','Std0','004c','000000f4',40.441624,77.217094,6.80371,NULL,'2016-01-13T13:51:31:239+3',NULL,NULL,'7','2016-01-14 06:27:14',0),(3463,NULL,'LabR','Std0','004d','000000f5',40.451626,77.227089,6.80371,NULL,'2016-01-13T13:51:31:239+3',NULL,NULL,'7','2016-01-14 06:27:14',0),(3464,NULL,'LabR','Std0','004e','000000f6',40.461624,77.237091,6.80371,NULL,'2016-01-13T13:51:31:239+3',NULL,NULL,'7','2016-01-14 06:27:14',0),(3465,NULL,'LabR','Std0','004f','000000f7',40.471626,77.247093,6.80371,NULL,'2016-01-13T13:51:31:239+3',NULL,NULL,'7','2016-01-14 06:27:14',0),(3466,NULL,'LabR','Std0','0050','000000f8',40.481625,77.257095,6.80371,NULL,'2016-01-13T13:51:31:239+3',NULL,NULL,'7','2016-01-14 06:27:14',0),(3467,NULL,'LabR','Std0','0051','000000f9',40.491627,77.26709,6.80371,NULL,'2016-01-13T13:51:31:239+3',NULL,NULL,'7','2016-01-14 06:27:14',0),(3468,NULL,'LabR','Std0','0052','000000fa',40.501625,77.277092,6.80371,NULL,'2016-01-13T13:51:31:239+3',NULL,NULL,'7','2016-01-14 06:27:15',0),(3469,NULL,'LabR','Std0','0053','000000fb',40.511627,77.287094,6.80371,NULL,'2016-01-13T13:51:31:239+3',NULL,NULL,'7','2016-01-14 06:27:15',0),(3470,NULL,'LabR','Std0','0054','000000fc',40.521626,77.297089,6.80371,NULL,'2016-01-13T13:51:31:239+3',NULL,NULL,'7','2016-01-14 06:27:15',0),(3471,NULL,'LabR','Std0','0055','000000fd',40.531624,77.307091,6.80371,NULL,'2016-01-13T13:51:31:239+3',NULL,NULL,'7','2016-01-14 06:27:15',0),(3472,NULL,'LabR','Std0','0056','000000fe',40.541626,77.317093,6.80371,NULL,'2016-01-13T13:51:31:239+3',NULL,NULL,'7','2016-01-14 06:27:15',0),(3473,NULL,'LabR','Std0','0057','000000ff',40.551624,77.327095,6.80371,NULL,'2016-01-13T13:51:31:239+3',NULL,NULL,'7','2016-01-14 06:27:15',0),(3474,NULL,'LabR','Std0','0058','00000100',40.561626,77.33709,6.80371,NULL,'2016-01-13T13:51:31:239+3',NULL,NULL,'7','2016-01-14 06:27:16',0),(3475,NULL,'LabR','Std0','0059','00000101',40.571625,77.347092,6.80371,NULL,'2016-01-13T13:51:31:239+3',NULL,NULL,'7','2016-01-14 06:27:16',0),(3476,NULL,'LabR','Std0','005a','00000102',40.581627,77.357094,6.80371,NULL,'2016-01-13T13:51:31:239+3',NULL,NULL,'7','2016-01-14 06:27:16',0),(3477,NULL,'LabR','Std0','005b','00000103',40.591625,77.367096,6.80371,NULL,'2016-01-13T13:51:31:239+3',NULL,NULL,'7','2016-01-14 06:27:16',0),(3478,NULL,'LabR','Std0','005c','00000104',40.601624,77.37709,6.80371,NULL,'2016-01-13T13:51:31:239+3',NULL,NULL,'7','2016-01-14 06:27:16',0),(3479,NULL,'LabR','Std0','005d','00000105',40.611626,77.387093,6.80371,NULL,'2016-01-13T13:51:31:239+3',NULL,NULL,'7','2016-01-14 06:27:16',0),(3480,NULL,'LabR','Std0','005e','00000106',40.621624,77.397095,6.80371,NULL,'2016-01-13T13:51:31:239+3',NULL,NULL,'7','2016-01-14 06:27:16',0),(3481,NULL,'LabR','Std0','005f','00000107',40.631626,77.407089,6.80371,NULL,'2016-01-13T13:51:31:239+3',NULL,NULL,'7','2016-01-14 06:27:16',0),(3482,NULL,'LabR','Std0','0060','00000108',40.641624,77.417091,6.80371,NULL,'2016-01-13T13:51:31:239+3',NULL,NULL,'7','2016-01-14 06:27:17',0),(3483,NULL,'LabR','Std0','0061','00000109',40.651627,77.427094,6.80371,NULL,'2016-01-13T13:51:31:239+3',NULL,NULL,'7','2016-01-14 06:27:17',0),(3484,NULL,'LabR','Std0','0062','0000010a',40.661625,77.437096,6.80371,NULL,'2016-01-13T13:51:31:239+3',NULL,NULL,'7','2016-01-14 06:27:17',0),(3485,NULL,'LabR','Std0','0063','0000010b',40.671627,77.44709,6.80371,NULL,'2016-01-13T13:51:31:239+3',NULL,NULL,'7','2016-01-14 06:27:17',0),(3486,NULL,'LabR','Std0','0064','000000a8',39.681625,76.457092,6.80371,NULL,'2016-01-13T13:51:31:239+3',NULL,NULL,'7','2016-01-14 06:27:17',0),(3487,NULL,'LabR','Std0','0065','000000a9',39.691624,76.467094,6.80371,NULL,'2016-01-13T13:51:31:239+3',NULL,NULL,'7','2016-01-14 06:27:17',0),(3488,NULL,'LabR','Std0','0066','000000aa',39.701626,76.477089,6.80371,NULL,'2016-01-13T13:51:31:239+3',NULL,NULL,'7','2016-01-14 06:27:17',0),(3489,NULL,'LabR','Std0','0067','000000ab',39.711624,76.487091,6.80371,NULL,'2016-01-13T13:51:31:239+3',NULL,NULL,'7','2016-01-14 06:27:17',0),(3490,NULL,'LabR','Std0','0068','000000ac',39.721626,76.497093,6.80371,NULL,'2016-01-13T13:51:31:239+3',NULL,NULL,'7','2016-01-14 06:27:17',0),(3491,NULL,'LabR','Std0','0069','000000ad',39.731625,76.507095,6.80371,NULL,'2016-01-13T13:51:31:239+3',NULL,NULL,'7','2016-01-14 06:27:17',0),(3492,NULL,'LabR','Std0','006a','000000ae',39.741627,76.51709,6.80371,NULL,'2016-01-13T13:51:31:239+3',NULL,NULL,'7','2016-01-14 06:27:18',0),(3493,NULL,'LabR','Std0','006b','000000af',39.751625,76.527092,6.80371,NULL,'2016-01-13T13:51:31:239+3',NULL,NULL,'7','2016-01-14 06:27:18',0),(3494,NULL,'LabR','Std0','006c','000000b0',39.761627,76.537094,6.80371,NULL,'2016-01-13T13:51:31:239+3',NULL,NULL,'7','2016-01-14 06:27:18',0),(3495,NULL,'LabR','Std0','006d','000000b1',39.771626,76.547089,6.80371,NULL,'2016-01-13T13:51:31:239+3',NULL,NULL,'7','2016-01-14 06:27:18',0),(3496,NULL,'LabR','Std0','006e','000000b2',39.781624,76.557091,6.80371,NULL,'2016-01-13T13:51:31:239+3',NULL,NULL,'7','2016-01-14 06:27:18',0),(3497,NULL,'LabR','Std0','006f','000000b3',39.791626,76.567093,6.80371,NULL,'2016-01-13T13:51:31:239+3',NULL,NULL,'7','2016-01-14 06:27:18',0),(3498,NULL,'LabR','Std0','0070','000000b4',39.801624,76.577095,6.80371,NULL,'2016-01-13T13:51:31:239+3',NULL,NULL,'7','2016-01-14 06:27:18',0),(3499,NULL,'LabR','Std0','0071','000000b5',39.811626,76.58709,6.80371,NULL,'2016-01-13T13:51:31:239+3',NULL,NULL,'7','2016-01-14 06:27:18',0),(3500,NULL,'LabR','Std0','0072','000000b6',39.821625,76.597092,6.80371,NULL,'2016-01-13T13:51:31:239+3',NULL,NULL,'7','2016-01-14 06:27:18',0),(3501,NULL,'LabR','Std0','0073','000000b7',39.831627,76.607094,6.80371,NULL,'2016-01-13T13:51:31:239+3',NULL,NULL,'7','2016-01-14 06:27:19',0),(3502,NULL,'LabR','Std0','0074','000000b8',39.841625,76.617096,6.80371,NULL,'2016-01-13T13:51:31:239+3',NULL,NULL,'7','2016-01-14 06:27:19',0),(3503,NULL,'LabR','Std0','0075','000000b9',39.851624,76.62709,6.80371,NULL,'2016-01-13T13:51:31:239+3',NULL,NULL,'7','2016-01-14 06:27:19',0),(3504,NULL,'LabR','Std0','0076','000000ba',39.861626,76.637093,6.80371,NULL,'2016-01-13T13:51:31:239+3',NULL,NULL,'7','2016-01-14 06:27:19',0),(3505,NULL,'LabR','Std0','0077','000000bb',39.871624,76.647095,6.80371,NULL,'2016-01-13T13:51:31:239+3',NULL,NULL,'7','2016-01-14 06:27:20',0),(3506,NULL,'LabR','Std0','0078','000000bc',39.881626,76.657089,6.80371,NULL,'2016-01-13T13:51:31:239+3',NULL,NULL,'7','2016-01-14 06:27:20',0),(3507,NULL,'LabR','Std0','0079','000000bd',39.891624,76.667091,6.80371,NULL,'2016-01-13T13:51:31:239+3',NULL,NULL,'7','2016-01-14 06:27:21',0),(3508,NULL,'LabR','Std0','007a','000000be',39.901627,76.677094,6.80371,NULL,'2016-01-13T13:51:31:239+3',NULL,NULL,'7','2016-01-14 06:27:21',0),(3509,NULL,'LabR','Std0','007b','000000bf',39.911625,76.687096,6.80371,NULL,'2016-01-13T13:51:31:239+3',NULL,NULL,'7','2016-01-14 06:27:21',0),(3510,NULL,'LabR','Std0','007c','000000c0',39.921627,76.69709,6.80371,NULL,'2016-01-13T13:51:31:239+3',NULL,NULL,'7','2016-01-14 06:27:21',0),(3511,NULL,'LabR','Std0','007d','000000c1',39.931625,76.707092,6.80371,NULL,'2016-01-13T13:51:31:239+3',NULL,NULL,'7','2016-01-14 06:27:21',0),(3512,NULL,'LabR','Std0','007e','000000c2',39.941624,76.717094,6.80371,NULL,'2016-01-13T13:51:31:239+3',NULL,NULL,'7','2016-01-14 06:27:21',0),(3513,NULL,'LabR','Std0','007f','000000c3',39.951626,76.727089,6.80371,NULL,'2016-01-13T13:51:31:239+3',NULL,NULL,'7','2016-01-14 06:27:21',0),(3514,NULL,'LabR','Std0','0080','000000c4',39.961624,76.737091,6.80371,NULL,'2016-01-13T13:51:31:239+3',NULL,NULL,'7','2016-01-14 06:27:22',0),(3515,NULL,'LabR','Std0','0081','000000c5',39.971626,76.747093,6.80371,NULL,'2016-01-13T13:51:31:239+3',NULL,NULL,'7','2016-01-14 06:27:22',0),(3516,NULL,'LabR','Std0','0082','000000c6',39.981625,76.757095,6.80371,NULL,'2016-01-13T13:51:31:239+3',NULL,NULL,'7','2016-01-14 06:27:22',0),(3517,NULL,'LabR','Std0','0083','000000c7',39.991627,76.76709,6.80371,NULL,'2016-01-13T13:51:31:239+3',NULL,NULL,'7','2016-01-14 06:27:22',0),(3518,NULL,'LabR','Std0','0084','000000c8',40.001625,76.777092,6.80371,NULL,'2016-01-13T13:51:31:239+3',NULL,NULL,'7','2016-01-14 06:27:22',0),(3519,NULL,'LabR','Std0','0085','000000c9',40.011627,76.787094,6.80371,NULL,'2016-01-13T13:51:31:239+3',NULL,NULL,'7','2016-01-14 06:27:22',0),(3520,NULL,'LabR','Std0','0086','000000ca',40.021626,76.797089,6.80371,NULL,'2016-01-13T13:51:31:239+3',NULL,NULL,'7','2016-01-14 06:27:22',0),(3521,NULL,'LabR','Std0','0087','000000cb',40.031624,76.807091,6.80371,NULL,'2016-01-13T13:51:31:239+3',NULL,NULL,'7','2016-01-14 06:27:23',0),(3522,NULL,'LabR','Std0','0088','000000cc',40.041626,76.817093,6.80371,NULL,'2016-01-13T13:51:31:239+3',NULL,NULL,'7','2016-01-14 06:27:23',0),(3523,NULL,'LabR','Std0','0089','000000cd',40.051624,76.827095,6.80371,NULL,'2016-01-13T13:51:31:239+3',NULL,NULL,'7','2016-01-14 06:27:23',0),(3524,NULL,'LabR','Std0','008a','000000ce',40.061626,76.83709,6.80371,NULL,'2016-01-13T13:51:31:239+3',NULL,NULL,'7','2016-01-14 06:27:23',0),(3525,NULL,'LabR','Std0','008b','000000cf',40.071625,76.847092,6.80371,NULL,'2016-01-13T13:51:31:239+3',NULL,NULL,'7','2016-01-14 06:27:23',0),(3526,NULL,'LabR','Std0','008c','000000d0',40.081627,76.857094,6.80371,NULL,'2016-01-13T13:51:31:239+3',NULL,NULL,'7','2016-01-14 06:27:23',0),(3527,NULL,'LabR','Std0','008d','000000d1',40.091625,76.867096,6.80371,NULL,'2016-01-13T13:51:31:239+3',NULL,NULL,'7','2016-01-14 06:27:23',0),(3528,NULL,'LabR','Std0','008e','000000d2',40.101624,76.87709,6.80371,NULL,'2016-01-13T13:51:31:239+3',NULL,NULL,'7','2016-01-14 06:27:23',0),(3529,NULL,'LabR','Std0','008f','000000d3',40.111626,76.887093,6.80371,NULL,'2016-01-13T13:51:31:239+3',NULL,NULL,'7','2016-01-14 06:27:23',0),(3530,NULL,'LabR','Std0','0090','000000d4',40.121624,76.897095,6.80371,NULL,'2016-01-13T13:51:31:239+3',NULL,NULL,'7','2016-01-14 06:27:24',0),(3531,NULL,'LabR','Std0','0091','000000d5',40.131626,76.907089,6.80371,NULL,'2016-01-13T13:51:31:239+3',NULL,NULL,'7','2016-01-14 06:27:24',0),(3532,NULL,'LabR','Std0','0092','000000d6',40.141624,76.917091,6.80371,NULL,'2016-01-13T13:51:31:239+3',NULL,NULL,'7','2016-01-14 06:27:24',0),(3533,NULL,'LabR','Std0','0093','000000d7',40.151627,76.927094,6.80371,NULL,'2016-01-13T13:51:31:239+3',NULL,NULL,'7','2016-01-14 06:27:24',0),(3534,NULL,'LabR','Std0','0094','000000d8',40.161625,76.937096,6.80371,NULL,'2016-01-13T13:51:31:239+3',NULL,NULL,'7','2016-01-14 06:27:24',0),(3535,NULL,'LabR','Std0','0095','000000d9',40.171627,76.94709,6.80371,NULL,'2016-01-13T13:51:31:239+3',NULL,NULL,'7','2016-01-14 06:27:24',0),(3536,NULL,'LabR','Std0','0096','000000da',40.181625,76.957092,6.80371,NULL,'2016-01-13T13:51:31:239+3',NULL,NULL,'7','2016-01-14 06:27:24',0),(3537,NULL,'LabR','Std0','0097','000000db',40.191624,76.967094,6.80371,NULL,'2016-01-13T13:51:31:239+3',NULL,NULL,'7','2016-01-14 06:27:24',0),(3538,NULL,'LabR','Std0','0098','000000dc',40.201626,76.977089,6.80371,NULL,'2016-01-13T13:51:31:239+3',NULL,NULL,'7','2016-01-14 06:27:25',0),(3539,NULL,'LabR','Std0','0099','000000dd',40.211624,76.987091,6.80371,NULL,'2016-01-13T13:51:31:239+3',NULL,NULL,'7','2016-01-14 06:27:25',0),(3540,NULL,'LabR','Std0','009a','000000de',40.221626,76.997093,6.80371,NULL,'2016-01-13T13:51:31:239+3',NULL,NULL,'7','2016-01-14 06:27:25',0),(3541,NULL,'LabR','Std0','009b','000000df',40.231625,77.007095,6.80371,NULL,'2016-01-13T13:51:31:239+3',NULL,NULL,'7','2016-01-14 06:27:25',0),(3542,NULL,'LabR','Std0','009c','000000e0',40.241627,77.01709,6.80371,NULL,'2016-01-13T13:51:31:239+3',NULL,NULL,'7','2016-01-14 06:27:25',0),(3543,NULL,'LabR','Std0','009d','000000e1',40.251625,77.027092,6.80371,NULL,'2016-01-13T13:51:31:239+3',NULL,NULL,'7','2016-01-14 06:27:25',0),(3544,NULL,'LabR','Std0','009e','000000e2',40.261627,77.037094,6.80371,NULL,'2016-01-13T13:51:31:239+3',NULL,NULL,'7','2016-01-14 06:27:25',0),(3545,NULL,'LabR','Std0','009f','000000e3',40.271626,77.047089,6.80371,NULL,'2016-01-13T13:51:31:239+3',NULL,NULL,'7','2016-01-14 06:27:25',0),(3546,NULL,'LabR','Std0','00a0','000000e4',40.281624,77.057091,6.80371,NULL,'2016-01-13T13:51:31:239+3',NULL,NULL,'7','2016-01-14 06:27:26',0),(3547,NULL,'LabR','Std0','00a1','000000e5',40.291626,77.067093,6.80371,NULL,'2016-01-13T13:51:31:239+3',NULL,NULL,'7','2016-01-14 06:27:26',0),(3548,NULL,'LabR','Std0','00a2','000000e6',40.301624,77.077095,6.80371,NULL,'2016-01-13T13:51:31:239+3',NULL,NULL,'7','2016-01-14 06:27:26',0),(3549,NULL,'LabR','Std0','00a3','000000e7',40.311626,77.08709,6.80371,NULL,'2016-01-13T13:51:31:239+3',NULL,NULL,'7','2016-01-14 06:27:26',0),(3550,NULL,'LabR','Std0','00a4','000000e8',40.321625,77.097092,6.80371,NULL,'2016-01-13T13:51:31:239+3',NULL,NULL,'7','2016-01-14 06:27:26',0),(3551,NULL,'LabR','Std0','00a5','000000e9',40.331627,77.107094,6.80371,NULL,'2016-01-13T13:51:31:239+3',NULL,NULL,'7','2016-01-14 06:27:26',0),(3552,NULL,'LabR','Std0','00a6','000000ea',40.341625,77.117096,6.80371,NULL,'2016-01-13T13:51:31:239+3',NULL,NULL,'7','2016-01-14 06:27:26',0),(3553,NULL,'LabR','Std0','00a7','000000eb',40.351624,77.12709,6.80371,NULL,'2016-01-13T13:51:31:239+3',NULL,NULL,'7','2016-01-14 06:27:27',0),(3554,NULL,'LabR','Std0','00a8','000000ec',40.361626,77.137093,6.80371,NULL,'2016-01-13T13:51:31:239+3',NULL,NULL,'7','2016-01-14 06:27:27',0),(3555,NULL,'LabR','Std0','00a9','000000ed',40.371624,77.147095,6.80371,NULL,'2016-01-13T13:51:31:239+3',NULL,NULL,'7','2016-01-14 06:27:27',0),(3556,NULL,'LabR','Std0','00aa','000000ee',40.381626,77.157089,6.80371,NULL,'2016-01-13T13:51:31:239+3',NULL,NULL,'7','2016-01-14 06:27:27',0),(3557,NULL,'LabR','Std0','00ab','000000ef',40.391624,77.167091,6.80371,NULL,'2016-01-13T13:51:31:239+3',NULL,NULL,'7','2016-01-14 06:27:27',0),(3558,NULL,'LabR','Std0','00ac','000000f0',40.401627,77.177094,6.80371,NULL,'2016-01-13T13:51:31:239+3',NULL,NULL,'7','2016-01-14 06:27:27',0),(3559,NULL,'LabR','Std0','00ad','000000f1',40.411625,77.187096,6.80371,NULL,'2016-01-13T13:51:31:239+3',NULL,NULL,'7','2016-01-14 06:27:27',0),(3560,NULL,'LabR','Std0','00ae','000000f2',40.421627,77.19709,6.80371,NULL,'2016-01-13T13:51:31:239+3',NULL,NULL,'7','2016-01-14 06:27:28',0),(3561,NULL,'LabR','Std0','00af','000000f3',40.431625,77.207092,6.80371,NULL,'2016-01-13T13:51:31:239+3',NULL,NULL,'7','2016-01-14 06:27:28',0),(3562,NULL,'LabR','Std0','00b0','000000f4',40.441624,77.217094,6.80371,NULL,'2016-01-13T13:51:31:239+3',NULL,NULL,'7','2016-01-14 06:27:28',0),(3563,NULL,'LabR','Std0','00b1','000000f5',40.451626,77.227089,6.80371,NULL,'2016-01-13T13:51:31:239+3',NULL,NULL,'7','2016-01-14 06:27:28',0),(3564,NULL,'LabR','Std0','00b2','000000f6',40.461624,77.237091,6.80371,NULL,'2016-01-13T13:51:31:239+3',NULL,NULL,'7','2016-01-14 06:27:28',0),(3565,NULL,'LabR','Std0','00b3','000000f7',40.471626,77.247093,6.80371,NULL,'2016-01-13T13:51:31:239+3',NULL,NULL,'7','2016-01-14 06:27:28',0),(3566,NULL,'LabR','Std0','00b4','000000f8',40.481625,77.257095,6.80371,NULL,'2016-01-13T13:51:31:239+3',NULL,NULL,'7','2016-01-14 06:27:28',0),(3567,NULL,'LabR','Std0','00b5','000000f9',40.491627,77.26709,6.80371,NULL,'2016-01-13T13:51:31:239+3',NULL,NULL,'7','2016-01-14 06:27:28',0),(3568,NULL,'LabR','Std0','00b6','000000fa',40.501625,77.277092,6.80371,NULL,'2016-01-13T13:51:31:239+3',NULL,NULL,'7','2016-01-14 06:27:28',0),(3569,NULL,'LabR','Std0','00b7','000000fb',40.511627,77.287094,6.80371,NULL,'2016-01-13T13:51:31:239+3',NULL,NULL,'7','2016-01-14 06:27:28',0),(3570,NULL,'LabR','Std0','00b8','000000fc',40.521626,77.297089,6.80371,NULL,'2016-01-13T13:51:31:239+3',NULL,NULL,'7','2016-01-14 06:27:29',0),(3571,NULL,'LabR','Std0','00b9','000000fd',40.531624,77.307091,6.80371,NULL,'2016-01-13T13:51:31:239+3',NULL,NULL,'7','2016-01-14 06:27:29',0),(3572,NULL,'LabR','Std0','00ba','000000fe',40.541626,77.317093,6.80371,NULL,'2016-01-13T13:51:31:239+3',NULL,NULL,'7','2016-01-14 06:27:29',0),(3573,NULL,'LabR','Std0','00bb','000000ff',40.551624,77.327095,6.80371,NULL,'2016-01-13T13:51:31:239+3',NULL,NULL,'7','2016-01-14 06:27:29',0),(3574,NULL,'LabR','Std0','00bc','00000100',40.561626,77.33709,6.80371,NULL,'2016-01-13T13:51:31:239+3',NULL,NULL,'7','2016-01-14 06:27:29',0),(3575,NULL,'LabR','Std0','00bd','00000101',40.571625,77.347092,6.80371,NULL,'2016-01-13T13:51:31:239+3',NULL,NULL,'7','2016-01-14 06:27:29',0),(3576,NULL,'LabR','Std0','00be','00000102',40.581627,77.357094,6.80371,NULL,'2016-01-13T13:51:31:239+3',NULL,NULL,'7','2016-01-14 06:27:29',0),(3577,NULL,'LabR','Std0','00bf','00000103',40.591625,77.367096,6.80371,NULL,'2016-01-13T13:51:31:239+3',NULL,NULL,'7','2016-01-14 06:27:29',0),(3578,NULL,'LabR','Std0','00c0','00000104',40.601624,77.37709,6.80371,NULL,'2016-01-13T13:51:31:239+3',NULL,NULL,'7','2016-01-14 06:27:30',0),(3579,NULL,'LabR','Std0','00c1','00000105',40.611626,77.387093,6.80371,NULL,'2016-01-13T13:51:31:239+3',NULL,NULL,'7','2016-01-14 06:27:30',0),(3580,NULL,'LabR','Std0','00c2','00000106',40.621624,77.397095,6.80371,NULL,'2016-01-13T13:51:31:239+3',NULL,NULL,'7','2016-01-14 06:27:30',0),(3581,NULL,'LabR','Std0','00c3','00000107',40.631626,77.407089,6.80371,NULL,'2016-01-13T13:51:31:239+3',NULL,NULL,'7','2016-01-14 06:27:30',0),(3582,NULL,'LabR','Std0','00c4','00000108',40.641624,77.417091,6.80371,NULL,'2016-01-13T13:51:31:239+3',NULL,NULL,'7','2016-01-14 06:27:30',0),(3583,NULL,'LabR','Std0','00c5','00000109',40.651627,77.427094,6.80371,NULL,'2016-01-13T13:51:31:239+3',NULL,NULL,'7','2016-01-14 06:27:30',0),(3584,NULL,'LabR','Std0','00c6','0000010a',40.661625,77.437096,6.80371,NULL,'2016-01-13T13:51:31:239+3',NULL,NULL,'7','2016-01-14 06:27:30',0),(3585,NULL,'LabR','Std0','00c7','0000010b',40.671627,77.44709,6.80371,NULL,'2016-01-13T13:51:31:239+3',NULL,NULL,'7','2016-01-14 06:27:30',0),(3586,NULL,'LabR','Std0','0000','000000a8',39.681625,76.457092,6.80371,NULL,'2016-01-13T13:51:31:239+3',NULL,NULL,'7','2016-01-14 07:41:05',180),(3587,NULL,'LabR','Std0','0001','000000a9',39.691624,76.467094,6.80371,NULL,'2016-01-13T13:51:31:239+3',NULL,NULL,'7','2016-01-14 07:41:05',180),(3588,NULL,'LabR','Std0','0002','000000aa',39.701626,76.477089,6.80371,NULL,'2016-01-13T13:51:31:239+3',NULL,NULL,'7','2016-01-14 07:41:05',180),(3589,NULL,'LabR','Std0','0003','000000ab',39.711624,76.487091,6.80371,NULL,'2016-01-13T13:51:31:239+3',NULL,NULL,'7','2016-01-14 07:41:05',180),(3590,NULL,'LabR','Std0','0004','000000ac',39.721626,76.497093,6.80371,NULL,'2016-01-13T13:51:31:239+3',NULL,NULL,'7','2016-01-14 07:41:05',180),(3591,NULL,'LabR','Std0','0005','000000ad',39.731625,76.507095,6.80371,NULL,'2016-01-13T13:51:31:239+3',NULL,NULL,'7','2016-01-14 07:41:05',180),(3592,NULL,'LabR','Std0','0006','000000ae',39.741627,76.51709,6.80371,NULL,'2016-01-13T13:51:31:239+3',NULL,NULL,'7','2016-01-14 07:41:05',180),(3593,NULL,'LabR','Std0','0007','000000af',39.751625,76.527092,6.80371,NULL,'2016-01-13T13:51:31:239+3',NULL,NULL,'7','2016-01-14 07:41:06',181),(3594,NULL,'LabR','Std0','0008','000000b0',39.761627,76.537094,6.80371,NULL,'2016-01-13T13:51:31:239+3',NULL,NULL,'7','2016-01-14 07:41:06',181),(3595,NULL,'LabR','Std0','0009','000000b1',39.771626,76.547089,6.80371,NULL,'2016-01-13T13:51:31:239+3',NULL,NULL,'7','2016-01-14 07:41:06',181),(3596,NULL,'LabR','Std0','000a','000000b2',39.781624,76.557091,6.80371,NULL,'2016-01-13T13:51:31:239+3',NULL,NULL,'7','2016-01-14 07:41:06',181),(3597,NULL,'LabR','Std0','000b','000000b3',39.791626,76.567093,6.80371,NULL,'2016-01-13T13:51:31:239+3',NULL,NULL,'7','2016-01-14 07:41:06',181),(3598,NULL,'LabR','Std0','000c','000000b4',39.801624,76.577095,6.80371,NULL,'2016-01-13T13:51:31:239+3',NULL,NULL,'7','2016-01-14 07:41:06',181),(3599,NULL,'LabR','Std0','000d','000000b5',39.811626,76.58709,6.80371,NULL,'2016-01-13T13:51:31:239+3',NULL,NULL,'7','2016-01-14 07:41:06',181),(3600,NULL,'LabR','Std0','000e','000000b6',39.821625,76.597092,6.80371,NULL,'2016-01-13T13:51:31:239+3',NULL,NULL,'7','2016-01-14 07:41:06',181),(3601,NULL,'LabR','Std0','000f','000000b7',39.831627,76.607094,6.80371,NULL,'2016-01-13T13:51:31:239+3',NULL,NULL,'7','2016-01-14 07:41:06',181),(3602,NULL,'LabR','Std0','0010','000000b8',39.841625,76.617096,6.80371,NULL,'2016-01-13T13:51:31:239+3',NULL,NULL,'7','2016-01-14 07:41:06',181),(3603,NULL,'LabR','Std0','0011','000000b9',39.851624,76.62709,6.80371,NULL,'2016-01-13T13:51:31:239+3',NULL,NULL,'7','2016-01-14 07:41:06',181),(3604,NULL,'LabR','Std0','0012','000000ba',39.861626,76.637093,6.80371,NULL,'2016-01-13T13:51:31:239+3',NULL,NULL,'7','2016-01-14 07:41:06',181),(3605,NULL,'LabR','Std0','0013','000000bb',39.871624,76.647095,6.80371,NULL,'2016-01-13T13:51:31:239+3',NULL,NULL,'7','2016-01-14 07:41:06',181),(3606,NULL,'LabR','Std0','0014','000000bc',39.881626,76.657089,6.80371,NULL,'2016-01-13T13:51:31:239+3',NULL,NULL,'7','2016-01-14 07:41:06',181),(3607,NULL,'LabR','Std0','0015','000000bd',39.891624,76.667091,6.80371,NULL,'2016-01-13T13:51:31:239+3',NULL,NULL,'7','2016-01-14 07:41:06',181),(3608,NULL,'LabR','Std0','0016','000000be',39.901627,76.677094,6.80371,NULL,'2016-01-13T13:51:31:239+3',NULL,NULL,'7','2016-01-14 07:41:06',181),(3609,NULL,'LabR','Std0','0017','000000bf',39.911625,76.687096,6.80371,NULL,'2016-01-13T13:51:31:239+3',NULL,NULL,'7','2016-01-14 07:41:06',181),(3610,NULL,'LabR','Std0','0018','000000c0',39.921627,76.69709,6.80371,NULL,'2016-01-13T13:51:31:239+3',NULL,NULL,'7','2016-01-14 07:41:06',181),(3611,NULL,'LabR','Std0','0019','000000c1',39.931625,76.707092,6.80371,NULL,'2016-01-13T13:51:31:239+3',NULL,NULL,'7','2016-01-14 07:41:06',181),(3612,NULL,'LabR','Std0','001a','000000c2',39.941624,76.717094,6.80371,NULL,'2016-01-13T13:51:31:239+3',NULL,NULL,'7','2016-01-14 07:41:07',182),(3613,NULL,'LabR','Std0','001b','000000c3',39.951626,76.727089,6.80371,NULL,'2016-01-13T13:51:31:239+3',NULL,NULL,'7','2016-01-14 07:41:07',182),(3614,NULL,'LabR','Std0','001c','000000c4',39.961624,76.737091,6.80371,NULL,'2016-01-13T13:51:31:239+3',NULL,NULL,'7','2016-01-14 07:41:07',182),(3615,NULL,'LabR','Std0','001d','000000c5',39.971626,76.747093,6.80371,NULL,'2016-01-13T13:51:31:239+3',NULL,NULL,'7','2016-01-14 07:41:07',182),(3616,NULL,'LabR','Std0','001e','000000c6',39.981625,76.757095,6.80371,NULL,'2016-01-13T13:51:31:239+3',NULL,NULL,'7','2016-01-14 07:41:07',182),(3617,NULL,'LabR','Std0','001f','000000c7',39.991627,76.76709,6.80371,NULL,'2016-01-13T13:51:31:239+3',NULL,NULL,'7','2016-01-14 07:41:07',182),(3618,NULL,'LabR','Std0','0020','000000c8',40.001625,76.777092,6.80371,NULL,'2016-01-13T13:51:31:239+3',NULL,NULL,'7','2016-01-14 07:41:07',182),(3619,NULL,'LabR','Std0','0021','000000c9',40.011627,76.787094,6.80371,NULL,'2016-01-13T13:51:31:239+3',NULL,NULL,'7','2016-01-14 07:41:07',182),(3620,NULL,'LabR','Std0','0022','000000ca',40.021626,76.797089,6.80371,NULL,'2016-01-13T13:51:31:239+3',NULL,NULL,'7','2016-01-14 07:41:07',182),(3621,NULL,'LabR','Std0','0023','000000cb',40.031624,76.807091,6.80371,NULL,'2016-01-13T13:51:31:239+3',NULL,NULL,'7','2016-01-14 07:41:07',182),(3622,NULL,'LabR','Std0','0024','000000cc',40.041626,76.817093,6.80371,NULL,'2016-01-13T13:51:31:239+3',NULL,NULL,'7','2016-01-14 07:41:07',182),(3623,NULL,'LabR','Std0','0025','000000cd',40.051624,76.827095,6.80371,NULL,'2016-01-13T13:51:31:239+3',NULL,NULL,'7','2016-01-14 07:41:07',182),(3624,NULL,'LabR','Std0','0026','000000ce',40.061626,76.83709,6.80371,NULL,'2016-01-13T13:51:31:239+3',NULL,NULL,'7','2016-01-14 07:41:07',182),(3625,NULL,'LabR','Std0','0027','000000cf',40.071625,76.847092,6.80371,NULL,'2016-01-13T13:51:31:239+3',NULL,NULL,'7','2016-01-14 07:41:07',182),(3626,NULL,'LabR','Std0','0028','000000d0',40.081627,76.857094,6.80371,NULL,'2016-01-13T13:51:31:239+3',NULL,NULL,'7','2016-01-14 07:41:07',182),(3627,NULL,'LabR','Std0','0029','000000d1',40.091625,76.867096,6.80371,NULL,'2016-01-13T13:51:31:239+3',NULL,NULL,'7','2016-01-14 07:41:07',182),(3628,NULL,'LabR','Std0','002a','000000d2',40.101624,76.87709,6.80371,NULL,'2016-01-13T13:51:31:239+3',NULL,NULL,'7','2016-01-14 07:41:07',182),(3629,NULL,'LabR','Std0','002b','000000d3',40.111626,76.887093,6.80371,NULL,'2016-01-13T13:51:31:239+3',NULL,NULL,'7','2016-01-14 07:41:07',182),(3630,NULL,'LabR','Std0','002c','000000d4',40.121624,76.897095,6.80371,NULL,'2016-01-13T13:51:31:239+3',NULL,NULL,'7','2016-01-14 07:41:08',183),(3631,NULL,'LabR','Std0','002d','000000d5',40.131626,76.907089,6.80371,NULL,'2016-01-13T13:51:31:239+3',NULL,NULL,'7','2016-01-14 07:41:08',183),(3632,NULL,'LabR','Std0','002e','000000d6',40.141624,76.917091,6.80371,NULL,'2016-01-13T13:51:31:239+3',NULL,NULL,'7','2016-01-14 07:41:08',183),(3633,NULL,'LabR','Std0','002f','000000d7',40.151627,76.927094,6.80371,NULL,'2016-01-13T13:51:31:239+3',NULL,NULL,'7','2016-01-14 07:41:08',183),(3634,NULL,'LabR','Std0','0030','000000d8',40.161625,76.937096,6.80371,NULL,'2016-01-13T13:51:31:239+3',NULL,NULL,'7','2016-01-14 07:41:08',183),(3635,NULL,'LabR','Std0','0031','000000d9',40.171627,76.94709,6.80371,NULL,'2016-01-13T13:51:31:239+3',NULL,NULL,'7','2016-01-14 07:41:08',183),(3636,NULL,'LabR','Std0','0032','000000da',40.181625,76.957092,6.80371,NULL,'2016-01-13T13:51:31:239+3',NULL,NULL,'7','2016-01-14 07:41:08',183),(3637,NULL,'LabR','Std0','0033','000000db',40.191624,76.967094,6.80371,NULL,'2016-01-13T13:51:31:239+3',NULL,NULL,'7','2016-01-14 07:41:08',183),(3638,NULL,'LabR','Std0','0034','000000dc',40.201626,76.977089,6.80371,NULL,'2016-01-13T13:51:31:239+3',NULL,NULL,'7','2016-01-14 07:41:08',183),(3639,NULL,'LabR','Std0','0035','000000dd',40.211624,76.987091,6.80371,NULL,'2016-01-13T13:51:31:239+3',NULL,NULL,'7','2016-01-14 07:41:08',183),(3640,NULL,'LabR','Std0','0036','000000de',40.221626,76.997093,6.80371,NULL,'2016-01-13T13:51:31:239+3',NULL,NULL,'7','2016-01-14 07:41:08',183),(3641,NULL,'LabR','Std0','0037','000000df',40.231625,77.007095,6.80371,NULL,'2016-01-13T13:51:31:239+3',NULL,NULL,'7','2016-01-14 07:41:08',183),(3642,NULL,'LabR','Std0','0038','000000e0',40.241627,77.01709,6.80371,NULL,'2016-01-13T13:51:31:239+3',NULL,NULL,'7','2016-01-14 07:41:08',183),(3643,NULL,'LabR','Std0','0039','000000e1',40.251625,77.027092,6.80371,NULL,'2016-01-13T13:51:31:239+3',NULL,NULL,'7','2016-01-14 07:41:08',183),(3644,NULL,'LabR','Std0','003a','000000e2',40.261627,77.037094,6.80371,NULL,'2016-01-13T13:51:31:239+3',NULL,NULL,'7','2016-01-14 07:41:08',183),(3645,NULL,'LabR','Std0','003b','000000e3',40.271626,77.047089,6.80371,NULL,'2016-01-13T13:51:31:239+3',NULL,NULL,'7','2016-01-14 07:41:08',183),(3646,NULL,'LabR','Std0','003c','000000e4',40.281624,77.057091,6.80371,NULL,'2016-01-13T13:51:31:239+3',NULL,NULL,'7','2016-01-14 07:41:08',183),(3647,NULL,'LabR','Std0','003d','000000e5',40.291626,77.067093,6.80371,NULL,'2016-01-13T13:51:31:239+3',NULL,NULL,'7','2016-01-14 07:41:08',183),(3648,NULL,'LabR','Std0','003e','000000e6',40.301624,77.077095,6.80371,NULL,'2016-01-13T13:51:31:239+3',NULL,NULL,'7','2016-01-14 07:41:08',183),(3649,NULL,'LabR','Std0','003f','000000e7',40.311626,77.08709,6.80371,NULL,'2016-01-13T13:51:31:239+3',NULL,NULL,'7','2016-01-14 07:41:08',183),(3650,NULL,'LabR','Std0','0040','000000e8',40.321625,77.097092,6.80371,NULL,'2016-01-13T13:51:31:239+3',NULL,NULL,'7','2016-01-14 07:41:09',184),(3651,NULL,'LabR','Std0','0041','000000e9',40.331627,77.107094,6.80371,NULL,'2016-01-13T13:51:31:239+3',NULL,NULL,'7','2016-01-14 07:41:09',184),(3652,NULL,'LabR','Std0','0042','000000ea',40.341625,77.117096,6.80371,NULL,'2016-01-13T13:51:31:239+3',NULL,NULL,'7','2016-01-14 07:41:09',184),(3653,NULL,'LabR','Std0','0043','000000eb',40.351624,77.12709,6.80371,NULL,'2016-01-13T13:51:31:239+3',NULL,NULL,'7','2016-01-14 07:41:09',184),(3654,NULL,'LabR','Std0','0044','000000ec',40.361626,77.137093,6.80371,NULL,'2016-01-13T13:51:31:239+3',NULL,NULL,'7','2016-01-14 07:41:09',184),(3655,NULL,'LabR','Std0','0045','000000ed',40.371624,77.147095,6.80371,NULL,'2016-01-13T13:51:31:239+3',NULL,NULL,'7','2016-01-14 07:41:09',184),(3656,NULL,'LabR','Std0','0046','000000ee',40.381626,77.157089,6.80371,NULL,'2016-01-13T13:51:31:239+3',NULL,NULL,'7','2016-01-14 07:41:09',184),(3657,NULL,'LabR','Std0','0047','000000ef',40.391624,77.167091,6.80371,NULL,'2016-01-13T13:51:31:239+3',NULL,NULL,'7','2016-01-14 07:41:09',184),(3658,NULL,'LabR','Std0','0048','000000f0',40.401627,77.177094,6.80371,NULL,'2016-01-13T13:51:31:239+3',NULL,NULL,'7','2016-01-14 07:41:09',184),(3659,NULL,'LabR','Std0','0049','000000f1',40.411625,77.187096,6.80371,NULL,'2016-01-13T13:51:31:239+3',NULL,NULL,'7','2016-01-14 07:41:09',184),(3660,NULL,'LabR','Std0','004a','000000f2',40.421627,77.19709,6.80371,NULL,'2016-01-13T13:51:31:239+3',NULL,NULL,'7','2016-01-14 07:41:09',184),(3661,NULL,'LabR','Std0','004b','000000f3',40.431625,77.207092,6.80371,NULL,'2016-01-13T13:51:31:239+3',NULL,NULL,'7','2016-01-14 07:41:09',184),(3662,NULL,'LabR','Std0','004c','000000f4',40.441624,77.217094,6.80371,NULL,'2016-01-13T13:51:31:239+3',NULL,NULL,'7','2016-01-14 07:41:09',184),(3663,NULL,'LabR','Std0','004d','000000f5',40.451626,77.227089,6.80371,NULL,'2016-01-13T13:51:31:239+3',NULL,NULL,'7','2016-01-14 07:41:09',184),(3664,NULL,'LabR','Std0','004e','000000f6',40.461624,77.237091,6.80371,NULL,'2016-01-13T13:51:31:239+3',NULL,NULL,'7','2016-01-14 07:41:09',184),(3665,NULL,'LabR','Std0','004f','000000f7',40.471626,77.247093,6.80371,NULL,'2016-01-13T13:51:31:239+3',NULL,NULL,'7','2016-01-14 07:41:09',184),(3666,NULL,'LabR','Std0','0050','000000f8',40.481625,77.257095,6.80371,NULL,'2016-01-13T13:51:31:239+3',NULL,NULL,'7','2016-01-14 07:41:09',184),(3667,NULL,'LabR','Std0','0051','000000f9',40.491627,77.26709,6.80371,NULL,'2016-01-13T13:51:31:239+3',NULL,NULL,'7','2016-01-14 07:41:09',184),(3668,NULL,'LabR','Std0','0052','000000fa',40.501625,77.277092,6.80371,NULL,'2016-01-13T13:51:31:239+3',NULL,NULL,'7','2016-01-14 07:41:10',185),(3669,NULL,'LabR','Std0','0053','000000fb',40.511627,77.287094,6.80371,NULL,'2016-01-13T13:51:31:239+3',NULL,NULL,'7','2016-01-14 07:41:10',185),(3670,NULL,'LabR','Std0','0054','000000fc',40.521626,77.297089,6.80371,NULL,'2016-01-13T13:51:31:239+3',NULL,NULL,'7','2016-01-14 07:41:10',185),(3671,NULL,'LabR','Std0','0055','000000fd',40.531624,77.307091,6.80371,NULL,'2016-01-13T13:51:31:239+3',NULL,NULL,'7','2016-01-14 07:41:10',185),(3672,NULL,'LabR','Std0','0056','000000fe',40.541626,77.317093,6.80371,NULL,'2016-01-13T13:51:31:239+3',NULL,NULL,'7','2016-01-14 07:41:10',185),(3673,NULL,'LabR','Std0','0057','000000ff',40.551624,77.327095,6.80371,NULL,'2016-01-13T13:51:31:239+3',NULL,NULL,'7','2016-01-14 07:41:10',185),(3674,NULL,'LabR','Std0','0058','00000100',40.561626,77.33709,6.80371,NULL,'2016-01-13T13:51:31:239+3',NULL,NULL,'7','2016-01-14 07:41:10',185),(3675,NULL,'LabR','Std0','0059','00000101',40.571625,77.347092,6.80371,NULL,'2016-01-13T13:51:31:239+3',NULL,NULL,'7','2016-01-14 07:41:10',185),(3676,NULL,'LabR','Std0','005a','00000102',40.581627,77.357094,6.80371,NULL,'2016-01-13T13:51:31:239+3',NULL,NULL,'7','2016-01-14 07:41:10',185),(3677,NULL,'LabR','Std0','005b','00000103',40.591625,77.367096,6.80371,NULL,'2016-01-13T13:51:31:239+3',NULL,NULL,'7','2016-01-14 07:41:10',185),(3678,NULL,'LabR','Std0','005c','00000104',40.601624,77.37709,6.80371,NULL,'2016-01-13T13:51:31:239+3',NULL,NULL,'7','2016-01-14 07:41:10',185),(3679,NULL,'LabR','Std0','005d','00000105',40.611626,77.387093,6.80371,NULL,'2016-01-13T13:51:31:239+3',NULL,NULL,'7','2016-01-14 07:41:10',185),(3680,NULL,'LabR','Std0','005e','00000106',40.621624,77.397095,6.80371,NULL,'2016-01-13T13:51:31:239+3',NULL,NULL,'7','2016-01-14 07:41:10',185),(3681,NULL,'LabR','Std0','005f','00000107',40.631626,77.407089,6.80371,NULL,'2016-01-13T13:51:31:239+3',NULL,NULL,'7','2016-01-14 07:41:10',185),(3682,NULL,'LabR','Std0','0060','00000108',40.641624,77.417091,6.80371,NULL,'2016-01-13T13:51:31:239+3',NULL,NULL,'7','2016-01-14 07:41:10',185),(3683,NULL,'LabR','Std0','0061','00000109',40.651627,77.427094,6.80371,NULL,'2016-01-13T13:51:31:239+3',NULL,NULL,'7','2016-01-14 07:41:10',185),(3684,NULL,'LabR','Std0','0062','0000010a',40.661625,77.437096,6.80371,NULL,'2016-01-13T13:51:31:239+3',NULL,NULL,'7','2016-01-14 07:41:10',185),(3685,NULL,'LabR','Std0','0063','0000010b',40.671627,77.44709,6.80371,NULL,'2016-01-13T13:51:31:239+3',NULL,NULL,'7','2016-01-14 07:41:10',185),(3686,NULL,'LabR','Std0','0064','000000a8',39.681625,76.457092,6.80371,NULL,'2016-01-13T13:51:31:239+3',NULL,NULL,'7','2016-01-14 07:41:10',185),(3687,NULL,'LabR','Std0','0065','000000a9',39.691624,76.467094,6.80371,NULL,'2016-01-13T13:51:31:239+3',NULL,NULL,'7','2016-01-14 07:41:10',185),(3688,NULL,'LabR','Std0','0066','000000aa',39.701626,76.477089,6.80371,NULL,'2016-01-13T13:51:31:239+3',NULL,NULL,'7','2016-01-14 07:41:11',186),(3689,NULL,'LabR','Std0','0067','000000ab',39.711624,76.487091,6.80371,NULL,'2016-01-13T13:51:31:239+3',NULL,NULL,'7','2016-01-14 07:41:11',186),(3690,NULL,'LabR','Std0','0068','000000ac',39.721626,76.497093,6.80371,NULL,'2016-01-13T13:51:31:239+3',NULL,NULL,'7','2016-01-14 07:41:11',186),(3691,NULL,'LabR','Std0','0069','000000ad',39.731625,76.507095,6.80371,NULL,'2016-01-13T13:51:31:239+3',NULL,NULL,'7','2016-01-14 07:41:11',186),(3692,NULL,'LabR','Std0','006a','000000ae',39.741627,76.51709,6.80371,NULL,'2016-01-13T13:51:31:239+3',NULL,NULL,'7','2016-01-14 07:41:11',186),(3693,NULL,'LabR','Std0','006b','000000af',39.751625,76.527092,6.80371,NULL,'2016-01-13T13:51:31:239+3',NULL,NULL,'7','2016-01-14 07:41:11',186),(3694,NULL,'LabR','Std0','006c','000000b0',39.761627,76.537094,6.80371,NULL,'2016-01-13T13:51:31:239+3',NULL,NULL,'7','2016-01-14 07:41:11',186),(3695,NULL,'LabR','Std0','006d','000000b1',39.771626,76.547089,6.80371,NULL,'2016-01-13T13:51:31:239+3',NULL,NULL,'7','2016-01-14 07:41:11',186),(3696,NULL,'LabR','Std0','006e','000000b2',39.781624,76.557091,6.80371,NULL,'2016-01-13T13:51:31:239+3',NULL,NULL,'7','2016-01-14 07:41:11',186),(3697,NULL,'LabR','Std0','006f','000000b3',39.791626,76.567093,6.80371,NULL,'2016-01-13T13:51:31:239+3',NULL,NULL,'7','2016-01-14 07:41:11',186),(3698,NULL,'LabR','Std0','0070','000000b4',39.801624,76.577095,6.80371,NULL,'2016-01-13T13:51:31:239+3',NULL,NULL,'7','2016-01-14 07:41:11',186),(3699,NULL,'LabR','Std0','0071','000000b5',39.811626,76.58709,6.80371,NULL,'2016-01-13T13:51:31:239+3',NULL,NULL,'7','2016-01-14 07:41:11',186),(3700,NULL,'LabR','Std0','0072','000000b6',39.821625,76.597092,6.80371,NULL,'2016-01-13T13:51:31:239+3',NULL,NULL,'7','2016-01-14 07:41:11',186),(3701,NULL,'LabR','Std0','0073','000000b7',39.831627,76.607094,6.80371,NULL,'2016-01-13T13:51:31:239+3',NULL,NULL,'7','2016-01-14 07:41:11',186),(3702,NULL,'LabR','Std0','0074','000000b8',39.841625,76.617096,6.80371,NULL,'2016-01-13T13:51:31:239+3',NULL,NULL,'7','2016-01-14 07:41:11',186),(3703,NULL,'LabR','Std0','0075','000000b9',39.851624,76.62709,6.80371,NULL,'2016-01-13T13:51:31:239+3',NULL,NULL,'7','2016-01-14 07:41:12',187),(3704,NULL,'LabR','Std0','0076','000000ba',39.861626,76.637093,6.80371,NULL,'2016-01-13T13:51:31:239+3',NULL,NULL,'7','2016-01-14 07:41:12',187),(3705,NULL,'LabR','Std0','0077','000000bb',39.871624,76.647095,6.80371,NULL,'2016-01-13T13:51:31:239+3',NULL,NULL,'7','2016-01-14 07:41:12',187),(3706,NULL,'LabR','Std0','0078','000000bc',39.881626,76.657089,6.80371,NULL,'2016-01-13T13:51:31:239+3',NULL,NULL,'7','2016-01-14 07:41:12',187),(3707,NULL,'LabR','Std0','0079','000000bd',39.891624,76.667091,6.80371,NULL,'2016-01-13T13:51:31:239+3',NULL,NULL,'7','2016-01-14 07:41:12',187),(3708,NULL,'LabR','Std0','007a','000000be',39.901627,76.677094,6.80371,NULL,'2016-01-13T13:51:31:239+3',NULL,NULL,'7','2016-01-14 07:41:12',187),(3709,NULL,'LabR','Std0','007b','000000bf',39.911625,76.687096,6.80371,NULL,'2016-01-13T13:51:31:239+3',NULL,NULL,'7','2016-01-14 07:41:12',187),(3710,NULL,'LabR','Std0','007c','000000c0',39.921627,76.69709,6.80371,NULL,'2016-01-13T13:51:31:239+3',NULL,NULL,'7','2016-01-14 07:41:12',187),(3711,NULL,'LabR','Std0','007d','000000c1',39.931625,76.707092,6.80371,NULL,'2016-01-13T13:51:31:239+3',NULL,NULL,'7','2016-01-14 07:41:12',187),(3712,NULL,'LabR','Std0','007e','000000c2',39.941624,76.717094,6.80371,NULL,'2016-01-13T13:51:31:239+3',NULL,NULL,'7','2016-01-14 07:41:12',187),(3713,NULL,'LabR','Std0','007f','000000c3',39.951626,76.727089,6.80371,NULL,'2016-01-13T13:51:31:239+3',NULL,NULL,'7','2016-01-14 07:41:12',187),(3714,NULL,'LabR','Std0','0080','000000c4',39.961624,76.737091,6.80371,NULL,'2016-01-13T13:51:31:239+3',NULL,NULL,'7','2016-01-14 07:41:13',188),(3715,NULL,'LabR','Std0','0081','000000c5',39.971626,76.747093,6.80371,NULL,'2016-01-13T13:51:31:239+3',NULL,NULL,'7','2016-01-14 07:41:13',188),(3716,NULL,'LabR','Std0','0082','000000c6',39.981625,76.757095,6.80371,NULL,'2016-01-13T13:51:31:239+3',NULL,NULL,'7','2016-01-14 07:41:13',188),(3717,NULL,'LabR','Std0','0083','000000c7',39.991627,76.76709,6.80371,NULL,'2016-01-13T13:51:31:239+3',NULL,NULL,'7','2016-01-14 07:41:13',188),(3718,NULL,'LabR','Std0','0084','000000c8',40.001625,76.777092,6.80371,NULL,'2016-01-13T13:51:31:239+3',NULL,NULL,'7','2016-01-14 07:41:13',188),(3719,NULL,'LabR','Std0','0085','000000c9',40.011627,76.787094,6.80371,NULL,'2016-01-13T13:51:31:239+3',NULL,NULL,'7','2016-01-14 07:41:13',188),(3720,NULL,'LabR','Std0','0086','000000ca',40.021626,76.797089,6.80371,NULL,'2016-01-13T13:51:31:239+3',NULL,NULL,'7','2016-01-14 07:41:13',188),(3721,NULL,'LabR','Std0','0087','000000cb',40.031624,76.807091,6.80371,NULL,'2016-01-13T13:51:31:239+3',NULL,NULL,'7','2016-01-14 07:41:13',188),(3722,NULL,'LabR','Std0','0088','000000cc',40.041626,76.817093,6.80371,NULL,'2016-01-13T13:51:31:239+3',NULL,NULL,'7','2016-01-14 07:41:13',188),(3723,NULL,'LabR','Std0','0089','000000cd',40.051624,76.827095,6.80371,NULL,'2016-01-13T13:51:31:239+3',NULL,NULL,'7','2016-01-14 07:41:13',188),(3724,NULL,'LabR','Std0','008a','000000ce',40.061626,76.83709,6.80371,NULL,'2016-01-13T13:51:31:239+3',NULL,NULL,'7','2016-01-14 07:41:13',188),(3725,NULL,'LabR','Std0','008b','000000cf',40.071625,76.847092,6.80371,NULL,'2016-01-13T13:51:31:239+3',NULL,NULL,'7','2016-01-14 07:41:13',188),(3726,NULL,'LabR','Std0','008c','000000d0',40.081627,76.857094,6.80371,NULL,'2016-01-13T13:51:31:239+3',NULL,NULL,'7','2016-01-14 07:41:13',188),(3727,NULL,'LabR','Std0','008d','000000d1',40.091625,76.867096,6.80371,NULL,'2016-01-13T13:51:31:239+3',NULL,NULL,'7','2016-01-14 07:41:13',188),(3728,NULL,'LabR','Std0','008e','000000d2',40.101624,76.87709,6.80371,NULL,'2016-01-13T13:51:31:239+3',NULL,NULL,'7','2016-01-14 07:41:13',188),(3729,NULL,'LabR','Std0','008f','000000d3',40.111626,76.887093,6.80371,NULL,'2016-01-13T13:51:31:239+3',NULL,NULL,'7','2016-01-14 07:41:13',188),(3730,NULL,'LabR','Std0','0090','000000d4',40.121624,76.897095,6.80371,NULL,'2016-01-13T13:51:31:239+3',NULL,NULL,'7','2016-01-14 07:41:14',189),(3731,NULL,'LabR','Std0','0091','000000d5',40.131626,76.907089,6.80371,NULL,'2016-01-13T13:51:31:239+3',NULL,NULL,'7','2016-01-14 07:41:14',189),(3732,NULL,'LabR','Std0','0092','000000d6',40.141624,76.917091,6.80371,NULL,'2016-01-13T13:51:31:239+3',NULL,NULL,'7','2016-01-14 07:41:14',189),(3733,NULL,'LabR','Std0','0093','000000d7',40.151627,76.927094,6.80371,NULL,'2016-01-13T13:51:31:239+3',NULL,NULL,'7','2016-01-14 07:41:14',189),(3734,NULL,'LabR','Std0','0094','000000d8',40.161625,76.937096,6.80371,NULL,'2016-01-13T13:51:31:239+3',NULL,NULL,'7','2016-01-14 07:41:14',189),(3735,NULL,'LabR','Std0','0095','000000d9',40.171627,76.94709,6.80371,NULL,'2016-01-13T13:51:31:239+3',NULL,NULL,'7','2016-01-14 07:41:14',189),(3736,NULL,'LabR','Std0','0096','000000da',40.181625,76.957092,6.80371,NULL,'2016-01-13T13:51:31:239+3',NULL,NULL,'7','2016-01-14 07:41:14',189),(3737,NULL,'LabR','Std0','0097','000000db',40.191624,76.967094,6.80371,NULL,'2016-01-13T13:51:31:239+3',NULL,NULL,'7','2016-01-14 07:41:14',189),(3738,NULL,'LabR','Std0','0098','000000dc',40.201626,76.977089,6.80371,NULL,'2016-01-13T13:51:31:239+3',NULL,NULL,'7','2016-01-14 07:41:14',189),(3739,NULL,'LabR','Std0','0099','000000dd',40.211624,76.987091,6.80371,NULL,'2016-01-13T13:51:31:239+3',NULL,NULL,'7','2016-01-14 07:41:14',189),(3740,NULL,'LabR','Std0','009a','000000de',40.221626,76.997093,6.80371,NULL,'2016-01-13T13:51:31:239+3',NULL,NULL,'7','2016-01-14 07:41:14',189),(3741,NULL,'LabR','Std0','009b','000000df',40.231625,77.007095,6.80371,NULL,'2016-01-13T13:51:31:239+3',NULL,NULL,'7','2016-01-14 07:41:14',189),(3742,NULL,'LabR','Std0','009c','000000e0',40.241627,77.01709,6.80371,NULL,'2016-01-13T13:51:31:239+3',NULL,NULL,'7','2016-01-14 07:41:14',189),(3743,NULL,'LabR','Std0','009d','000000e1',40.251625,77.027092,6.80371,NULL,'2016-01-13T13:51:31:239+3',NULL,NULL,'7','2016-01-14 07:41:14',189),(3744,NULL,'LabR','Std0','009e','000000e2',40.261627,77.037094,6.80371,NULL,'2016-01-13T13:51:31:239+3',NULL,NULL,'7','2016-01-14 07:41:14',189),(3745,NULL,'LabR','Std0','009f','000000e3',40.271626,77.047089,6.80371,NULL,'2016-01-13T13:51:31:239+3',NULL,NULL,'7','2016-01-14 07:41:14',189),(3746,NULL,'LabR','Std0','00a0','000000e4',40.281624,77.057091,6.80371,NULL,'2016-01-13T13:51:31:239+3',NULL,NULL,'7','2016-01-14 07:41:14',189),(3747,NULL,'LabR','Std0','00a1','000000e5',40.291626,77.067093,6.80371,NULL,'2016-01-13T13:51:31:239+3',NULL,NULL,'7','2016-01-14 07:41:14',189),(3748,NULL,'LabR','Std0','00a2','000000e6',40.301624,77.077095,6.80371,NULL,'2016-01-13T13:51:31:239+3',NULL,NULL,'7','2016-01-14 07:41:15',190),(3749,NULL,'LabR','Std0','00a3','000000e7',40.311626,77.08709,6.80371,NULL,'2016-01-13T13:51:31:239+3',NULL,NULL,'7','2016-01-14 07:41:15',190),(3750,NULL,'LabR','Std0','00a4','000000e8',40.321625,77.097092,6.80371,NULL,'2016-01-13T13:51:31:239+3',NULL,NULL,'7','2016-01-14 07:41:15',190),(3751,NULL,'LabR','Std0','00a5','000000e9',40.331627,77.107094,6.80371,NULL,'2016-01-13T13:51:31:239+3',NULL,NULL,'7','2016-01-14 07:41:15',190),(3752,NULL,'LabR','Std0','00a6','000000ea',40.341625,77.117096,6.80371,NULL,'2016-01-13T13:51:31:239+3',NULL,NULL,'7','2016-01-14 07:41:15',190),(3753,NULL,'LabR','Std0','00a7','000000eb',40.351624,77.12709,6.80371,NULL,'2016-01-13T13:51:31:239+3',NULL,NULL,'7','2016-01-14 07:41:15',190),(3754,NULL,'LabR','Std0','00a8','000000ec',40.361626,77.137093,6.80371,NULL,'2016-01-13T13:51:31:239+3',NULL,NULL,'7','2016-01-14 07:41:15',190),(3755,NULL,'LabR','Std0','00a9','000000ed',40.371624,77.147095,6.80371,NULL,'2016-01-13T13:51:31:239+3',NULL,NULL,'7','2016-01-14 07:41:15',190),(3756,NULL,'LabR','Std0','00aa','000000ee',40.381626,77.157089,6.80371,NULL,'2016-01-13T13:51:31:239+3',NULL,NULL,'7','2016-01-14 07:41:15',190),(3757,NULL,'LabR','Std0','00ab','000000ef',40.391624,77.167091,6.80371,NULL,'2016-01-13T13:51:31:239+3',NULL,NULL,'7','2016-01-14 07:41:15',190),(3758,NULL,'LabR','Std0','00ac','000000f0',40.401627,77.177094,6.80371,NULL,'2016-01-13T13:51:31:239+3',NULL,NULL,'7','2016-01-14 07:41:16',191),(3759,NULL,'LabR','Std0','00ad','000000f1',40.411625,77.187096,6.80371,NULL,'2016-01-13T13:51:31:239+3',NULL,NULL,'7','2016-01-14 07:41:16',191),(3760,NULL,'LabR','Std0','00ae','000000f2',40.421627,77.19709,6.80371,NULL,'2016-01-13T13:51:31:239+3',NULL,NULL,'7','2016-01-14 07:41:16',191),(3761,NULL,'LabR','Std0','00af','000000f3',40.431625,77.207092,6.80371,NULL,'2016-01-13T13:51:31:239+3',NULL,NULL,'7','2016-01-14 07:41:16',191),(3762,NULL,'LabR','Std0','00b0','000000f4',40.441624,77.217094,6.80371,NULL,'2016-01-13T13:51:31:239+3',NULL,NULL,'7','2016-01-14 07:41:16',191),(3763,NULL,'LabR','Std0','00b1','000000f5',40.451626,77.227089,6.80371,NULL,'2016-01-13T13:51:31:239+3',NULL,NULL,'7','2016-01-14 07:41:16',191),(3764,NULL,'LabR','Std0','00b2','000000f6',40.461624,77.237091,6.80371,NULL,'2016-01-13T13:51:31:239+3',NULL,NULL,'7','2016-01-14 07:41:16',191),(3765,NULL,'LabR','Std0','00b3','000000f7',40.471626,77.247093,6.80371,NULL,'2016-01-13T13:51:31:239+3',NULL,NULL,'7','2016-01-14 07:41:16',191),(3766,NULL,'LabR','Std0','00b4','000000f8',40.481625,77.257095,6.80371,NULL,'2016-01-13T13:51:31:239+3',NULL,NULL,'7','2016-01-14 07:41:16',191),(3767,NULL,'LabR','Std0','00b5','000000f9',40.491627,77.26709,6.80371,NULL,'2016-01-13T13:51:31:239+3',NULL,NULL,'7','2016-01-14 07:41:16',191),(3768,NULL,'LabR','Std0','00b6','000000fa',40.501625,77.277092,6.80371,NULL,'2016-01-13T13:51:31:239+3',NULL,NULL,'7','2016-01-14 07:41:16',191),(3769,NULL,'LabR','Std0','00b7','000000fb',40.511627,77.287094,6.80371,NULL,'2016-01-13T13:51:31:239+3',NULL,NULL,'7','2016-01-14 07:41:16',191),(3770,NULL,'LabR','Std0','00b8','000000fc',40.521626,77.297089,6.80371,NULL,'2016-01-13T13:51:31:239+3',NULL,NULL,'7','2016-01-14 07:41:16',191),(3771,NULL,'LabR','Std0','00b9','000000fd',40.531624,77.307091,6.80371,NULL,'2016-01-13T13:51:31:239+3',NULL,NULL,'7','2016-01-14 07:41:16',191),(3772,NULL,'LabR','Std0','00ba','000000fe',40.541626,77.317093,6.80371,NULL,'2016-01-13T13:51:31:239+3',NULL,NULL,'7','2016-01-14 07:41:17',192),(3773,NULL,'LabR','Std0','00bb','000000ff',40.551624,77.327095,6.80371,NULL,'2016-01-13T13:51:31:239+3',NULL,NULL,'7','2016-01-14 07:41:17',192),(3774,NULL,'LabR','Std0','00bc','00000100',40.561626,77.33709,6.80371,NULL,'2016-01-13T13:51:31:239+3',NULL,NULL,'7','2016-01-14 07:41:17',192),(3775,NULL,'LabR','Std0','00bd','00000101',40.571625,77.347092,6.80371,NULL,'2016-01-13T13:51:31:239+3',NULL,NULL,'7','2016-01-14 07:41:17',192),(3776,NULL,'LabR','Std0','00be','00000102',40.581627,77.357094,6.80371,NULL,'2016-01-13T13:51:31:239+3',NULL,NULL,'7','2016-01-14 07:41:17',192),(3777,NULL,'LabR','Std0','00bf','00000103',40.591625,77.367096,6.80371,NULL,'2016-01-13T13:51:31:239+3',NULL,NULL,'7','2016-01-14 07:41:17',192),(3778,NULL,'LabR','Std0','00c0','00000104',40.601624,77.37709,6.80371,NULL,'2016-01-13T13:51:31:239+3',NULL,NULL,'7','2016-01-14 07:41:17',192),(3779,NULL,'LabR','Std0','00c1','00000105',40.611626,77.387093,6.80371,NULL,'2016-01-13T13:51:31:239+3',NULL,NULL,'7','2016-01-14 07:41:17',192),(3780,NULL,'LabR','Std0','00c2','00000106',40.621624,77.397095,6.80371,NULL,'2016-01-13T13:51:31:239+3',NULL,NULL,'7','2016-01-14 07:41:17',192),(3781,NULL,'LabR','Std0','00c3','00000107',40.631626,77.407089,6.80371,NULL,'2016-01-13T13:51:31:239+3',NULL,NULL,'7','2016-01-14 07:41:17',192),(3782,NULL,'LabR','Std0','00c4','00000108',40.641624,77.417091,6.80371,NULL,'2016-01-13T13:51:31:239+3',NULL,NULL,'7','2016-01-14 07:41:17',192),(3783,NULL,'LabR','Std0','00c5','00000109',40.651627,77.427094,6.80371,NULL,'2016-01-13T13:51:31:239+3',NULL,NULL,'7','2016-01-14 07:41:17',192),(3784,NULL,'LabR','Std0','00c6','0000010a',40.661625,77.437096,6.80371,NULL,'2016-01-13T13:51:31:239+3',NULL,NULL,'7','2016-01-14 07:41:17',192),(3785,NULL,'LabR','Std0','00c7','0000010b',40.671627,77.44709,6.80371,NULL,'2016-01-13T13:51:31:239+3',NULL,NULL,'7','2016-01-14 07:41:17',192),(3786,NULL,'LabR','Std0','0000','000000a8',39.681625,76.457092,6.80371,NULL,'2016-01-13T13:51:31:239+3',NULL,NULL,'7','2016-01-14 07:44:29',185),(3787,NULL,'LabR','Std0','0001','000000a9',39.691624,76.467094,6.80371,NULL,'2016-01-13T13:51:31:239+3',NULL,NULL,'7','2016-01-14 07:44:29',185),(3788,NULL,'LabR','Std0','0002','000000aa',39.701626,76.477089,6.80371,NULL,'2016-01-13T13:51:31:239+3',NULL,NULL,'7','2016-01-14 07:44:29',185),(3789,NULL,'LabR','Std0','0003','000000ab',39.711624,76.487091,6.80371,NULL,'2016-01-13T13:51:31:239+3',NULL,NULL,'7','2016-01-14 07:44:29',185),(3790,NULL,'LabR','Std0','0004','000000ac',39.721626,76.497093,6.80371,NULL,'2016-01-13T13:51:31:239+3',NULL,NULL,'7','2016-01-14 07:44:29',185),(3791,NULL,'LabR','Std0','0005','000000ad',39.731625,76.507095,6.80371,NULL,'2016-01-13T13:51:31:239+3',NULL,NULL,'7','2016-01-14 07:44:29',185),(3792,NULL,'LabR','Std0','0006','000000ae',39.741627,76.51709,6.80371,NULL,'2016-01-13T13:51:31:239+3',NULL,NULL,'7','2016-01-14 07:44:29',185),(3793,NULL,'LabR','Std0','0007','000000af',39.751625,76.527092,6.80371,NULL,'2016-01-13T13:51:31:239+3',NULL,NULL,'7','2016-01-14 07:44:29',185),(3794,NULL,'LabR','Std0','0008','000000b0',39.761627,76.537094,6.80371,NULL,'2016-01-13T13:51:31:239+3',NULL,NULL,'7','2016-01-14 07:44:29',185),(3795,NULL,'LabR','Std0','0009','000000b1',39.771626,76.547089,6.80371,NULL,'2016-01-13T13:51:31:239+3',NULL,NULL,'7','2016-01-14 07:44:29',185),(3796,NULL,'LabR','Std0','000a','000000b2',39.781624,76.557091,6.80371,NULL,'2016-01-13T13:51:31:239+3',NULL,NULL,'7','2016-01-14 07:44:30',185),(3797,NULL,'LabR','Std0','000b','000000b3',39.791626,76.567093,6.80371,NULL,'2016-01-13T13:51:31:239+3',NULL,NULL,'7','2016-01-14 07:44:30',185),(3798,NULL,'LabR','Std0','000c','000000b4',39.801624,76.577095,6.80371,NULL,'2016-01-13T13:51:31:239+3',NULL,NULL,'7','2016-01-14 07:44:30',185),(3799,NULL,'LabR','Std0','000d','000000b5',39.811626,76.58709,6.80371,NULL,'2016-01-13T13:51:31:239+3',NULL,NULL,'7','2016-01-14 07:44:30',185),(3800,NULL,'LabR','Std0','000e','000000b6',39.821625,76.597092,6.80371,NULL,'2016-01-13T13:51:31:239+3',NULL,NULL,'7','2016-01-14 07:44:30',185),(3801,NULL,'LabR','Std0','000f','000000b7',39.831627,76.607094,6.80371,NULL,'2016-01-13T13:51:31:239+3',NULL,NULL,'7','2016-01-14 07:44:30',185),(3802,NULL,'LabR','Std0','0010','000000b8',39.841625,76.617096,6.80371,NULL,'2016-01-13T13:51:31:239+3',NULL,NULL,'7','2016-01-14 07:44:30',185),(3803,NULL,'LabR','Std0','0011','000000b9',39.851624,76.62709,6.80371,NULL,'2016-01-13T13:51:31:239+3',NULL,NULL,'7','2016-01-14 07:44:30',185),(3804,NULL,'LabR','Std0','0012','000000ba',39.861626,76.637093,6.80371,NULL,'2016-01-13T13:51:31:239+3',NULL,NULL,'7','2016-01-14 07:44:30',185),(3805,NULL,'LabR','Std0','0013','000000bb',39.871624,76.647095,6.80371,NULL,'2016-01-13T13:51:31:239+3',NULL,NULL,'7','2016-01-14 07:44:30',185),(3806,NULL,'LabR','Std0','0014','000000bc',39.881626,76.657089,6.80371,NULL,'2016-01-13T13:51:31:239+3',NULL,NULL,'7','2016-01-14 07:44:30',185),(3807,NULL,'LabR','Std0','0015','000000bd',39.891624,76.667091,6.80371,NULL,'2016-01-13T13:51:31:239+3',NULL,NULL,'7','2016-01-14 07:44:30',185),(3808,NULL,'LabR','Std0','0016','000000be',39.901627,76.677094,6.80371,NULL,'2016-01-13T13:51:31:239+3',NULL,NULL,'7','2016-01-14 07:44:30',185),(3809,NULL,'LabR','Std0','0017','000000bf',39.911625,76.687096,6.80371,NULL,'2016-01-13T13:51:31:239+3',NULL,NULL,'7','2016-01-14 07:44:30',185),(3810,NULL,'LabR','Std0','0018','000000c0',39.921627,76.69709,6.80371,NULL,'2016-01-13T13:51:31:239+3',NULL,NULL,'7','2016-01-14 07:44:30',185),(3811,NULL,'LabR','Std0','0019','000000c1',39.931625,76.707092,6.80371,NULL,'2016-01-13T13:51:31:239+3',NULL,NULL,'7','2016-01-14 07:44:30',185),(3812,NULL,'LabR','Std0','001a','000000c2',39.941624,76.717094,6.80371,NULL,'2016-01-13T13:51:31:239+3',NULL,NULL,'7','2016-01-14 07:44:30',185),(3813,NULL,'LabR','Std0','001b','000000c3',39.951626,76.727089,6.80371,NULL,'2016-01-13T13:51:31:239+3',NULL,NULL,'7','2016-01-14 07:44:30',185),(3814,NULL,'LabR','Std0','001c','000000c4',39.961624,76.737091,6.80371,NULL,'2016-01-13T13:51:31:239+3',NULL,NULL,'7','2016-01-14 07:44:31',185),(3815,NULL,'LabR','Std0','001d','000000c5',39.971626,76.747093,6.80371,NULL,'2016-01-13T13:51:31:239+3',NULL,NULL,'7','2016-01-14 07:44:31',185),(3816,NULL,'LabR','Std0','001e','000000c6',39.981625,76.757095,6.80371,NULL,'2016-01-13T13:51:31:239+3',NULL,NULL,'7','2016-01-14 07:44:31',185),(3817,NULL,'LabR','Std0','001f','000000c7',39.991627,76.76709,6.80371,NULL,'2016-01-13T13:51:31:239+3',NULL,NULL,'7','2016-01-14 07:44:31',185),(3818,NULL,'LabR','Std0','0020','000000c8',40.001625,76.777092,6.80371,NULL,'2016-01-13T13:51:31:239+3',NULL,NULL,'7','2016-01-14 07:44:31',185),(3819,NULL,'LabR','Std0','0021','000000c9',40.011627,76.787094,6.80371,NULL,'2016-01-13T13:51:31:239+3',NULL,NULL,'7','2016-01-14 07:44:31',185),(3820,NULL,'LabR','Std0','0022','000000ca',40.021626,76.797089,6.80371,NULL,'2016-01-13T13:51:31:239+3',NULL,NULL,'7','2016-01-14 07:44:31',185),(3821,NULL,'LabR','Std0','0023','000000cb',40.031624,76.807091,6.80371,NULL,'2016-01-13T13:51:31:239+3',NULL,NULL,'7','2016-01-14 07:44:31',185),(3822,NULL,'LabR','Std0','0024','000000cc',40.041626,76.817093,6.80371,NULL,'2016-01-13T13:51:31:239+3',NULL,NULL,'7','2016-01-14 07:44:31',185),(3823,NULL,'LabR','Std0','0025','000000cd',40.051624,76.827095,6.80371,NULL,'2016-01-13T13:51:31:239+3',NULL,NULL,'7','2016-01-14 07:44:31',185),(3824,NULL,'LabR','Std0','0026','000000ce',40.061626,76.83709,6.80371,NULL,'2016-01-13T13:51:31:239+3',NULL,NULL,'7','2016-01-14 07:44:31',185),(3825,NULL,'LabR','Std0','0027','000000cf',40.071625,76.847092,6.80371,NULL,'2016-01-13T13:51:31:239+3',NULL,NULL,'7','2016-01-14 07:44:31',185),(3826,NULL,'LabR','Std0','0028','000000d0',40.081627,76.857094,6.80371,NULL,'2016-01-13T13:51:31:239+3',NULL,NULL,'7','2016-01-14 07:44:31',185),(3827,NULL,'LabR','Std0','0029','000000d1',40.091625,76.867096,6.80371,NULL,'2016-01-13T13:51:31:239+3',NULL,NULL,'7','2016-01-14 07:44:31',185),(3828,NULL,'LabR','Std0','002a','000000d2',40.101624,76.87709,6.80371,NULL,'2016-01-13T13:51:31:239+3',NULL,NULL,'7','2016-01-14 07:44:31',185),(3829,NULL,'LabR','Std0','002b','000000d3',40.111626,76.887093,6.80371,NULL,'2016-01-13T13:51:31:239+3',NULL,NULL,'7','2016-01-14 07:44:31',185),(3830,NULL,'LabR','Std0','002c','000000d4',40.121624,76.897095,6.80371,NULL,'2016-01-13T13:51:31:239+3',NULL,NULL,'7','2016-01-14 07:44:31',185),(3831,NULL,'LabR','Std0','002d','000000d5',40.131626,76.907089,6.80371,NULL,'2016-01-13T13:51:31:239+3',NULL,NULL,'7','2016-01-14 07:44:31',185),(3832,NULL,'LabR','Std0','002e','000000d6',40.141624,76.917091,6.80371,NULL,'2016-01-13T13:51:31:239+3',NULL,NULL,'7','2016-01-14 07:44:31',185),(3833,NULL,'LabR','Std0','002f','000000d7',40.151627,76.927094,6.80371,NULL,'2016-01-13T13:51:31:239+3',NULL,NULL,'7','2016-01-14 07:44:31',185),(3834,NULL,'LabR','Std0','0030','000000d8',40.161625,76.937096,6.80371,NULL,'2016-01-13T13:51:31:239+3',NULL,NULL,'7','2016-01-14 07:44:32',185),(3835,NULL,'LabR','Std0','0031','000000d9',40.171627,76.94709,6.80371,NULL,'2016-01-13T13:51:31:239+3',NULL,NULL,'7','2016-01-14 07:44:32',185),(3836,NULL,'LabR','Std0','0032','000000da',40.181625,76.957092,6.80371,NULL,'2016-01-13T13:51:31:239+3',NULL,NULL,'7','2016-01-14 07:44:32',185),(3837,NULL,'LabR','Std0','0033','000000db',40.191624,76.967094,6.80371,NULL,'2016-01-13T13:51:31:239+3',NULL,NULL,'7','2016-01-14 07:44:32',185),(3838,NULL,'LabR','Std0','0034','000000dc',40.201626,76.977089,6.80371,NULL,'2016-01-13T13:51:31:239+3',NULL,NULL,'7','2016-01-14 07:44:32',185),(3839,NULL,'LabR','Std0','0035','000000dd',40.211624,76.987091,6.80371,NULL,'2016-01-13T13:51:31:239+3',NULL,NULL,'7','2016-01-14 07:44:32',185),(3840,NULL,'LabR','Std0','0036','000000de',40.221626,76.997093,6.80371,NULL,'2016-01-13T13:51:31:239+3',NULL,NULL,'7','2016-01-14 07:44:32',185),(3841,NULL,'LabR','Std0','0037','000000df',40.231625,77.007095,6.80371,NULL,'2016-01-13T13:51:31:239+3',NULL,NULL,'7','2016-01-14 07:44:32',185),(3842,NULL,'LabR','Std0','0038','000000e0',40.241627,77.01709,6.80371,NULL,'2016-01-13T13:51:31:239+3',NULL,NULL,'7','2016-01-14 07:44:32',185),(3843,NULL,'LabR','Std0','0039','000000e1',40.251625,77.027092,6.80371,NULL,'2016-01-13T13:51:31:239+3',NULL,NULL,'7','2016-01-14 07:44:32',185),(3844,NULL,'LabR','Std0','003a','000000e2',40.261627,77.037094,6.80371,NULL,'2016-01-13T13:51:31:239+3',NULL,NULL,'7','2016-01-14 07:44:32',185),(3845,NULL,'LabR','Std0','003b','000000e3',40.271626,77.047089,6.80371,NULL,'2016-01-13T13:51:31:239+3',NULL,NULL,'7','2016-01-14 07:44:32',185),(3846,NULL,'LabR','Std0','003c','000000e4',40.281624,77.057091,6.80371,NULL,'2016-01-13T13:51:31:239+3',NULL,NULL,'7','2016-01-14 07:44:32',185),(3847,NULL,'LabR','Std0','003d','000000e5',40.291626,77.067093,6.80371,NULL,'2016-01-13T13:51:31:239+3',NULL,NULL,'7','2016-01-14 07:44:32',185),(3848,NULL,'LabR','Std0','003e','000000e6',40.301624,77.077095,6.80371,NULL,'2016-01-13T13:51:31:239+3',NULL,NULL,'7','2016-01-14 07:44:32',185),(3849,NULL,'LabR','Std0','003f','000000e7',40.311626,77.08709,6.80371,NULL,'2016-01-13T13:51:31:239+3',NULL,NULL,'7','2016-01-14 07:44:32',185),(3850,NULL,'LabR','Std0','0040','000000e8',40.321625,77.097092,6.80371,NULL,'2016-01-13T13:51:31:239+3',NULL,NULL,'7','2016-01-14 07:44:32',185),(3851,NULL,'LabR','Std0','0041','000000e9',40.331627,77.107094,6.80371,NULL,'2016-01-13T13:51:31:239+3',NULL,NULL,'7','2016-01-14 07:44:32',185),(3852,NULL,'LabR','Std0','0042','000000ea',40.341625,77.117096,6.80371,NULL,'2016-01-13T13:51:31:239+3',NULL,NULL,'7','2016-01-14 07:44:33',185),(3853,NULL,'LabR','Std0','0043','000000eb',40.351624,77.12709,6.80371,NULL,'2016-01-13T13:51:31:239+3',NULL,NULL,'7','2016-01-14 07:44:33',185),(3854,NULL,'LabR','Std0','0044','000000ec',40.361626,77.137093,6.80371,NULL,'2016-01-13T13:51:31:239+3',NULL,NULL,'7','2016-01-14 07:44:33',185),(3855,NULL,'LabR','Std0','0045','000000ed',40.371624,77.147095,6.80371,NULL,'2016-01-13T13:51:31:239+3',NULL,NULL,'7','2016-01-14 07:44:33',185),(3856,NULL,'LabR','Std0','0046','000000ee',40.381626,77.157089,6.80371,NULL,'2016-01-13T13:51:31:239+3',NULL,NULL,'7','2016-01-14 07:44:33',185),(3857,NULL,'LabR','Std0','0047','000000ef',40.391624,77.167091,6.80371,NULL,'2016-01-13T13:51:31:239+3',NULL,NULL,'7','2016-01-14 07:44:33',185),(3858,NULL,'LabR','Std0','0048','000000f0',40.401627,77.177094,6.80371,NULL,'2016-01-13T13:51:31:239+3',NULL,NULL,'7','2016-01-14 07:44:33',185),(3859,NULL,'LabR','Std0','0049','000000f1',40.411625,77.187096,6.80371,NULL,'2016-01-13T13:51:31:239+3',NULL,NULL,'7','2016-01-14 07:44:33',185),(3860,NULL,'LabR','Std0','004a','000000f2',40.421627,77.19709,6.80371,NULL,'2016-01-13T13:51:31:239+3',NULL,NULL,'7','2016-01-14 07:44:33',185),(3861,NULL,'LabR','Std0','004b','000000f3',40.431625,77.207092,6.80371,NULL,'2016-01-13T13:51:31:239+3',NULL,NULL,'7','2016-01-14 07:44:33',185),(3862,NULL,'LabR','Std0','004c','000000f4',40.441624,77.217094,6.80371,NULL,'2016-01-13T13:51:31:239+3',NULL,NULL,'7','2016-01-14 07:44:33',185),(3863,NULL,'LabR','Std0','004d','000000f5',40.451626,77.227089,6.80371,NULL,'2016-01-13T13:51:31:239+3',NULL,NULL,'7','2016-01-14 07:44:33',185),(3864,NULL,'LabR','Std0','004e','000000f6',40.461624,77.237091,6.80371,NULL,'2016-01-13T13:51:31:239+3',NULL,NULL,'7','2016-01-14 07:44:33',185),(3865,NULL,'LabR','Std0','004f','000000f7',40.471626,77.247093,6.80371,NULL,'2016-01-13T13:51:31:239+3',NULL,NULL,'7','2016-01-14 07:44:33',185),(3866,NULL,'LabR','Std0','0050','000000f8',40.481625,77.257095,6.80371,NULL,'2016-01-13T13:51:31:239+3',NULL,NULL,'7','2016-01-14 07:44:33',185),(3867,NULL,'LabR','Std0','0051','000000f9',40.491627,77.26709,6.80371,NULL,'2016-01-13T13:51:31:239+3',NULL,NULL,'7','2016-01-14 07:44:33',185),(3868,NULL,'LabR','Std0','0052','000000fa',40.501625,77.277092,6.80371,NULL,'2016-01-13T13:51:31:239+3',NULL,NULL,'7','2016-01-14 07:44:33',185),(3869,NULL,'LabR','Std0','0053','000000fb',40.511627,77.287094,6.80371,NULL,'2016-01-13T13:51:31:239+3',NULL,NULL,'7','2016-01-14 07:44:33',185),(3870,NULL,'LabR','Std0','0054','000000fc',40.521626,77.297089,6.80371,NULL,'2016-01-13T13:51:31:239+3',NULL,NULL,'7','2016-01-14 07:44:33',185),(3871,NULL,'LabR','Std0','0055','000000fd',40.531624,77.307091,6.80371,NULL,'2016-01-13T13:51:31:239+3',NULL,NULL,'7','2016-01-14 07:44:33',185),(3872,NULL,'LabR','Std0','0056','000000fe',40.541626,77.317093,6.80371,NULL,'2016-01-13T13:51:31:239+3',NULL,NULL,'7','2016-01-14 07:44:34',185),(3873,NULL,'LabR','Std0','0057','000000ff',40.551624,77.327095,6.80371,NULL,'2016-01-13T13:51:31:239+3',NULL,NULL,'7','2016-01-14 07:44:34',185),(3874,NULL,'LabR','Std0','0058','00000100',40.561626,77.33709,6.80371,NULL,'2016-01-13T13:51:31:239+3',NULL,NULL,'7','2016-01-14 07:44:34',185),(3875,NULL,'LabR','Std0','0059','00000101',40.571625,77.347092,6.80371,NULL,'2016-01-13T13:51:31:239+3',NULL,NULL,'7','2016-01-14 07:44:34',185),(3876,NULL,'LabR','Std0','005a','00000102',40.581627,77.357094,6.80371,NULL,'2016-01-13T13:51:31:239+3',NULL,NULL,'7','2016-01-14 07:44:34',185),(3877,NULL,'LabR','Std0','005b','00000103',40.591625,77.367096,6.80371,NULL,'2016-01-13T13:51:31:239+3',NULL,NULL,'7','2016-01-14 07:44:34',185),(3878,NULL,'LabR','Std0','005c','00000104',40.601624,77.37709,6.80371,NULL,'2016-01-13T13:51:31:239+3',NULL,NULL,'7','2016-01-14 07:44:34',185),(3879,NULL,'LabR','Std0','005d','00000105',40.611626,77.387093,6.80371,NULL,'2016-01-13T13:51:31:239+3',NULL,NULL,'7','2016-01-14 07:44:34',185),(3880,NULL,'LabR','Std0','005e','00000106',40.621624,77.397095,6.80371,NULL,'2016-01-13T13:51:31:239+3',NULL,NULL,'7','2016-01-14 07:44:34',185),(3881,NULL,'LabR','Std0','005f','00000107',40.631626,77.407089,6.80371,NULL,'2016-01-13T13:51:31:239+3',NULL,NULL,'7','2016-01-14 07:44:34',185),(3882,NULL,'LabR','Std0','0060','00000108',40.641624,77.417091,6.80371,NULL,'2016-01-13T13:51:31:239+3',NULL,NULL,'7','2016-01-14 07:44:34',185),(3883,NULL,'LabR','Std0','0061','00000109',40.651627,77.427094,6.80371,NULL,'2016-01-13T13:51:31:239+3',NULL,NULL,'7','2016-01-14 07:44:34',185),(3884,NULL,'LabR','Std0','0062','0000010a',40.661625,77.437096,6.80371,NULL,'2016-01-13T13:51:31:239+3',NULL,NULL,'7','2016-01-14 07:44:34',185),(3885,NULL,'LabR','Std0','0063','0000010b',40.671627,77.44709,6.80371,NULL,'2016-01-13T13:51:31:239+3',NULL,NULL,'7','2016-01-14 07:44:34',185),(3886,NULL,'LabR','Std0','0064','000000a8',39.681625,76.457092,6.80371,NULL,'2016-01-13T13:51:31:239+3',NULL,NULL,'7','2016-01-14 07:44:34',185),(3887,NULL,'LabR','Std0','0065','000000a9',39.691624,76.467094,6.80371,NULL,'2016-01-13T13:51:31:239+3',NULL,NULL,'7','2016-01-14 07:44:34',185),(3888,NULL,'LabR','Std0','0066','000000aa',39.701626,76.477089,6.80371,NULL,'2016-01-13T13:51:31:239+3',NULL,NULL,'7','2016-01-14 07:44:35',185),(3889,NULL,'LabR','Std0','0067','000000ab',39.711624,76.487091,6.80371,NULL,'2016-01-13T13:51:31:239+3',NULL,NULL,'7','2016-01-14 07:44:35',185),(3890,NULL,'LabR','Std0','0068','000000ac',39.721626,76.497093,6.80371,NULL,'2016-01-13T13:51:31:239+3',NULL,NULL,'7','2016-01-14 07:44:35',185),(3891,NULL,'LabR','Std0','0069','000000ad',39.731625,76.507095,6.80371,NULL,'2016-01-13T13:51:31:239+3',NULL,NULL,'7','2016-01-14 07:44:35',185),(3892,NULL,'LabR','Std0','006a','000000ae',39.741627,76.51709,6.80371,NULL,'2016-01-13T13:51:31:239+3',NULL,NULL,'7','2016-01-14 07:44:35',185),(3893,NULL,'LabR','Std0','006b','000000af',39.751625,76.527092,6.80371,NULL,'2016-01-13T13:51:31:239+3',NULL,NULL,'7','2016-01-14 07:44:35',185),(3894,NULL,'LabR','Std0','006c','000000b0',39.761627,76.537094,6.80371,NULL,'2016-01-13T13:51:31:239+3',NULL,NULL,'7','2016-01-14 07:44:35',185),(3895,NULL,'LabR','Std0','006d','000000b1',39.771626,76.547089,6.80371,NULL,'2016-01-13T13:51:31:239+3',NULL,NULL,'7','2016-01-14 07:44:35',185),(3896,NULL,'LabR','Std0','006e','000000b2',39.781624,76.557091,6.80371,NULL,'2016-01-13T13:51:31:239+3',NULL,NULL,'7','2016-01-14 07:44:35',185),(3897,NULL,'LabR','Std0','006f','000000b3',39.791626,76.567093,6.80371,NULL,'2016-01-13T13:51:31:239+3',NULL,NULL,'7','2016-01-14 07:44:35',185),(3898,NULL,'LabR','Std0','0070','000000b4',39.801624,76.577095,6.80371,NULL,'2016-01-13T13:51:31:239+3',NULL,NULL,'7','2016-01-14 07:44:36',185),(3899,NULL,'LabR','Std0','0071','000000b5',39.811626,76.58709,6.80371,NULL,'2016-01-13T13:51:31:239+3',NULL,NULL,'7','2016-01-14 07:44:36',185),(3900,NULL,'LabR','Std0','0072','000000b6',39.821625,76.597092,6.80371,NULL,'2016-01-13T13:51:31:239+3',NULL,NULL,'7','2016-01-14 07:44:36',185),(3901,NULL,'LabR','Std0','0073','000000b7',39.831627,76.607094,6.80371,NULL,'2016-01-13T13:51:31:239+3',NULL,NULL,'7','2016-01-14 07:44:36',185),(3902,NULL,'LabR','Std0','0074','000000b8',39.841625,76.617096,6.80371,NULL,'2016-01-13T13:51:31:239+3',NULL,NULL,'7','2016-01-14 07:44:36',185),(3903,NULL,'LabR','Std0','0075','000000b9',39.851624,76.62709,6.80371,NULL,'2016-01-13T13:51:31:239+3',NULL,NULL,'7','2016-01-14 07:44:36',185),(3904,NULL,'LabR','Std0','0076','000000ba',39.861626,76.637093,6.80371,NULL,'2016-01-13T13:51:31:239+3',NULL,NULL,'7','2016-01-14 07:44:36',185),(3905,NULL,'LabR','Std0','0077','000000bb',39.871624,76.647095,6.80371,NULL,'2016-01-13T13:51:31:239+3',NULL,NULL,'7','2016-01-14 07:44:36',185),(3906,NULL,'LabR','Std0','0078','000000bc',39.881626,76.657089,6.80371,NULL,'2016-01-13T13:51:31:239+3',NULL,NULL,'7','2016-01-14 07:44:36',185),(3907,NULL,'LabR','Std0','0079','000000bd',39.891624,76.667091,6.80371,NULL,'2016-01-13T13:51:31:239+3',NULL,NULL,'7','2016-01-14 07:44:36',185),(3908,NULL,'LabR','Std0','007a','000000be',39.901627,76.677094,6.80371,NULL,'2016-01-13T13:51:31:239+3',NULL,NULL,'7','2016-01-14 07:44:37',185),(3909,NULL,'LabR','Std0','007b','000000bf',39.911625,76.687096,6.80371,NULL,'2016-01-13T13:51:31:239+3',NULL,NULL,'7','2016-01-14 07:44:37',185),(3910,NULL,'LabR','Std0','007c','000000c0',39.921627,76.69709,6.80371,NULL,'2016-01-13T13:51:31:239+3',NULL,NULL,'7','2016-01-14 07:44:37',185),(3911,NULL,'LabR','Std0','007d','000000c1',39.931625,76.707092,6.80371,NULL,'2016-01-13T13:51:31:239+3',NULL,NULL,'7','2016-01-14 07:44:37',185),(3912,NULL,'LabR','Std0','007e','000000c2',39.941624,76.717094,6.80371,NULL,'2016-01-13T13:51:31:239+3',NULL,NULL,'7','2016-01-14 07:44:37',185),(3913,NULL,'LabR','Std0','007f','000000c3',39.951626,76.727089,6.80371,NULL,'2016-01-13T13:51:31:239+3',NULL,NULL,'7','2016-01-14 07:44:37',185),(3914,NULL,'LabR','Std0','0080','000000c4',39.961624,76.737091,6.80371,NULL,'2016-01-13T13:51:31:239+3',NULL,NULL,'7','2016-01-14 07:44:37',185),(3915,NULL,'LabR','Std0','0081','000000c5',39.971626,76.747093,6.80371,NULL,'2016-01-13T13:51:31:239+3',NULL,NULL,'7','2016-01-14 07:44:37',185),(3916,NULL,'LabR','Std0','0082','000000c6',39.981625,76.757095,6.80371,NULL,'2016-01-13T13:51:31:239+3',NULL,NULL,'7','2016-01-14 07:44:37',185),(3917,NULL,'LabR','Std0','0083','000000c7',39.991627,76.76709,6.80371,NULL,'2016-01-13T13:51:31:239+3',NULL,NULL,'7','2016-01-14 07:44:37',185),(3918,NULL,'LabR','Std0','0084','000000c8',40.001625,76.777092,6.80371,NULL,'2016-01-13T13:51:31:239+3',NULL,NULL,'7','2016-01-14 07:44:37',185),(3919,NULL,'LabR','Std0','0085','000000c9',40.011627,76.787094,6.80371,NULL,'2016-01-13T13:51:31:239+3',NULL,NULL,'7','2016-01-14 07:44:37',185),(3920,NULL,'LabR','Std0','0086','000000ca',40.021626,76.797089,6.80371,NULL,'2016-01-13T13:51:31:239+3',NULL,NULL,'7','2016-01-14 07:44:37',185),(3921,NULL,'LabR','Std0','0087','000000cb',40.031624,76.807091,6.80371,NULL,'2016-01-13T13:51:31:239+3',NULL,NULL,'7','2016-01-14 07:44:37',185),(3922,NULL,'LabR','Std0','0088','000000cc',40.041626,76.817093,6.80371,NULL,'2016-01-13T13:51:31:239+3',NULL,NULL,'7','2016-01-14 07:44:37',185),(3923,NULL,'LabR','Std0','0089','000000cd',40.051624,76.827095,6.80371,NULL,'2016-01-13T13:51:31:239+3',NULL,NULL,'7','2016-01-14 07:44:37',185),(3924,NULL,'LabR','Std0','008a','000000ce',40.061626,76.83709,6.80371,NULL,'2016-01-13T13:51:31:239+3',NULL,NULL,'7','2016-01-14 07:44:37',185),(3925,NULL,'LabR','Std0','008b','000000cf',40.071625,76.847092,6.80371,NULL,'2016-01-13T13:51:31:239+3',NULL,NULL,'7','2016-01-14 07:44:38',185),(3926,NULL,'LabR','Std0','008c','000000d0',40.081627,76.857094,6.80371,NULL,'2016-01-13T13:51:31:239+3',NULL,NULL,'7','2016-01-14 07:44:38',185),(3927,NULL,'LabR','Std0','008d','000000d1',40.091625,76.867096,6.80371,NULL,'2016-01-13T13:51:31:239+3',NULL,NULL,'7','2016-01-14 07:44:38',185),(3928,NULL,'LabR','Std0','008e','000000d2',40.101624,76.87709,6.80371,NULL,'2016-01-13T13:51:31:239+3',NULL,NULL,'7','2016-01-14 07:44:38',185),(3929,NULL,'LabR','Std0','008f','000000d3',40.111626,76.887093,6.80371,NULL,'2016-01-13T13:51:31:239+3',NULL,NULL,'7','2016-01-14 07:44:38',185),(3930,NULL,'LabR','Std0','0090','000000d4',40.121624,76.897095,6.80371,NULL,'2016-01-13T13:51:31:239+3',NULL,NULL,'7','2016-01-14 07:44:38',185),(3931,NULL,'LabR','Std0','0091','000000d5',40.131626,76.907089,6.80371,NULL,'2016-01-13T13:51:31:239+3',NULL,NULL,'7','2016-01-14 07:44:38',185),(3932,NULL,'LabR','Std0','0092','000000d6',40.141624,76.917091,6.80371,NULL,'2016-01-13T13:51:31:239+3',NULL,NULL,'7','2016-01-14 07:44:38',185),(3933,NULL,'LabR','Std0','0093','000000d7',40.151627,76.927094,6.80371,NULL,'2016-01-13T13:51:31:239+3',NULL,NULL,'7','2016-01-14 07:44:38',185),(3934,NULL,'LabR','Std0','0094','000000d8',40.161625,76.937096,6.80371,NULL,'2016-01-13T13:51:31:239+3',NULL,NULL,'7','2016-01-14 07:44:38',185),(3935,NULL,'LabR','Std0','0095','000000d9',40.171627,76.94709,6.80371,NULL,'2016-01-13T13:51:31:239+3',NULL,NULL,'7','2016-01-14 07:44:38',185),(3936,NULL,'LabR','Std0','0096','000000da',40.181625,76.957092,6.80371,NULL,'2016-01-13T13:51:31:239+3',NULL,NULL,'7','2016-01-14 07:44:38',185),(3937,NULL,'LabR','Std0','0097','000000db',40.191624,76.967094,6.80371,NULL,'2016-01-13T13:51:31:239+3',NULL,NULL,'7','2016-01-14 07:44:38',185),(3938,NULL,'LabR','Std0','0098','000000dc',40.201626,76.977089,6.80371,NULL,'2016-01-13T13:51:31:239+3',NULL,NULL,'7','2016-01-14 07:44:38',185),(3939,NULL,'LabR','Std0','0099','000000dd',40.211624,76.987091,6.80371,NULL,'2016-01-13T13:51:31:239+3',NULL,NULL,'7','2016-01-14 07:44:38',185),(3940,NULL,'LabR','Std0','009a','000000de',40.221626,76.997093,6.80371,NULL,'2016-01-13T13:51:31:239+3',NULL,NULL,'7','2016-01-14 07:44:38',185),(3941,NULL,'LabR','Std0','009b','000000df',40.231625,77.007095,6.80371,NULL,'2016-01-13T13:51:31:239+3',NULL,NULL,'7','2016-01-14 07:44:38',185),(3942,NULL,'LabR','Std0','009c','000000e0',40.241627,77.01709,6.80371,NULL,'2016-01-13T13:51:31:239+3',NULL,NULL,'7','2016-01-14 07:44:39',185),(3943,NULL,'LabR','Std0','009d','000000e1',40.251625,77.027092,6.80371,NULL,'2016-01-13T13:51:31:239+3',NULL,NULL,'7','2016-01-14 07:44:39',185),(3944,NULL,'LabR','Std0','009e','000000e2',40.261627,77.037094,6.80371,NULL,'2016-01-13T13:51:31:239+3',NULL,NULL,'7','2016-01-14 07:44:39',185),(3945,NULL,'LabR','Std0','009f','000000e3',40.271626,77.047089,6.80371,NULL,'2016-01-13T13:51:31:239+3',NULL,NULL,'7','2016-01-14 07:44:39',185),(3946,NULL,'LabR','Std0','00a0','000000e4',40.281624,77.057091,6.80371,NULL,'2016-01-13T13:51:31:239+3',NULL,NULL,'7','2016-01-14 07:44:39',185),(3947,NULL,'LabR','Std0','00a1','000000e5',40.291626,77.067093,6.80371,NULL,'2016-01-13T13:51:31:239+3',NULL,NULL,'7','2016-01-14 07:44:39',185),(3948,NULL,'LabR','Std0','00a2','000000e6',40.301624,77.077095,6.80371,NULL,'2016-01-13T13:51:31:239+3',NULL,NULL,'7','2016-01-14 07:44:39',185),(3949,NULL,'LabR','Std0','00a3','000000e7',40.311626,77.08709,6.80371,NULL,'2016-01-13T13:51:31:239+3',NULL,NULL,'7','2016-01-14 07:44:39',185),(3950,NULL,'LabR','Std0','00a4','000000e8',40.321625,77.097092,6.80371,NULL,'2016-01-13T13:51:31:239+3',NULL,NULL,'7','2016-01-14 07:44:39',185),(3951,NULL,'LabR','Std0','00a5','000000e9',40.331627,77.107094,6.80371,NULL,'2016-01-13T13:51:31:239+3',NULL,NULL,'7','2016-01-14 07:44:39',185),(3952,NULL,'LabR','Std0','00a6','000000ea',40.341625,77.117096,6.80371,NULL,'2016-01-13T13:51:31:239+3',NULL,NULL,'7','2016-01-14 07:44:39',185),(3953,NULL,'LabR','Std0','00a7','000000eb',40.351624,77.12709,6.80371,NULL,'2016-01-13T13:51:31:239+3',NULL,NULL,'7','2016-01-14 07:44:39',185),(3954,NULL,'LabR','Std0','00a8','000000ec',40.361626,77.137093,6.80371,NULL,'2016-01-13T13:51:31:239+3',NULL,NULL,'7','2016-01-14 07:44:39',185),(3955,NULL,'LabR','Std0','00a9','000000ed',40.371624,77.147095,6.80371,NULL,'2016-01-13T13:51:31:239+3',NULL,NULL,'7','2016-01-14 07:44:39',185),(3956,NULL,'LabR','Std0','00aa','000000ee',40.381626,77.157089,6.80371,NULL,'2016-01-13T13:51:31:239+3',NULL,NULL,'7','2016-01-14 07:44:39',185),(3957,NULL,'LabR','Std0','00ab','000000ef',40.391624,77.167091,6.80371,NULL,'2016-01-13T13:51:31:239+3',NULL,NULL,'7','2016-01-14 07:44:39',185),(3958,NULL,'LabR','Std0','00ac','000000f0',40.401627,77.177094,6.80371,NULL,'2016-01-13T13:51:31:239+3',NULL,NULL,'7','2016-01-14 07:44:39',185),(3959,NULL,'LabR','Std0','00ad','000000f1',40.411625,77.187096,6.80371,NULL,'2016-01-13T13:51:31:239+3',NULL,NULL,'7','2016-01-14 07:44:39',185),(3960,NULL,'LabR','Std0','00ae','000000f2',40.421627,77.19709,6.80371,NULL,'2016-01-13T13:51:31:239+3',NULL,NULL,'7','2016-01-14 07:44:40',185),(3961,NULL,'LabR','Std0','00af','000000f3',40.431625,77.207092,6.80371,NULL,'2016-01-13T13:51:31:239+3',NULL,NULL,'7','2016-01-14 07:44:40',185),(3962,NULL,'LabR','Std0','00b0','000000f4',40.441624,77.217094,6.80371,NULL,'2016-01-13T13:51:31:239+3',NULL,NULL,'7','2016-01-14 07:44:40',185),(3963,NULL,'LabR','Std0','00b1','000000f5',40.451626,77.227089,6.80371,NULL,'2016-01-13T13:51:31:239+3',NULL,NULL,'7','2016-01-14 07:44:40',185),(3964,NULL,'LabR','Std0','00b2','000000f6',40.461624,77.237091,6.80371,NULL,'2016-01-13T13:51:31:239+3',NULL,NULL,'7','2016-01-14 07:44:40',185),(3965,NULL,'LabR','Std0','00b3','000000f7',40.471626,77.247093,6.80371,NULL,'2016-01-13T13:51:31:239+3',NULL,NULL,'7','2016-01-14 07:44:40',185),(3966,NULL,'LabR','Std0','00b4','000000f8',40.481625,77.257095,6.80371,NULL,'2016-01-13T13:51:31:239+3',NULL,NULL,'7','2016-01-14 07:44:40',185),(3967,NULL,'LabR','Std0','00b5','000000f9',40.491627,77.26709,6.80371,NULL,'2016-01-13T13:51:31:239+3',NULL,NULL,'7','2016-01-14 07:44:40',185),(3968,NULL,'LabR','Std0','00b6','000000fa',40.501625,77.277092,6.80371,NULL,'2016-01-13T13:51:31:239+3',NULL,NULL,'7','2016-01-14 07:44:40',185),(3969,NULL,'LabR','Std0','00b7','000000fb',40.511627,77.287094,6.80371,NULL,'2016-01-13T13:51:31:239+3',NULL,NULL,'7','2016-01-14 07:44:40',185),(3970,NULL,'LabR','Std0','00b8','000000fc',40.521626,77.297089,6.80371,NULL,'2016-01-13T13:51:31:239+3',NULL,NULL,'7','2016-01-14 07:44:40',185),(3971,NULL,'LabR','Std0','00b9','000000fd',40.531624,77.307091,6.80371,NULL,'2016-01-13T13:51:31:239+3',NULL,NULL,'7','2016-01-14 07:44:40',185),(3972,NULL,'LabR','Std0','00ba','000000fe',40.541626,77.317093,6.80371,NULL,'2016-01-13T13:51:31:239+3',NULL,NULL,'7','2016-01-14 07:44:40',185),(3973,NULL,'LabR','Std0','00bb','000000ff',40.551624,77.327095,6.80371,NULL,'2016-01-13T13:51:31:239+3',NULL,NULL,'7','2016-01-14 07:44:40',185),(3974,NULL,'LabR','Std0','00bc','00000100',40.561626,77.33709,6.80371,NULL,'2016-01-13T13:51:31:239+3',NULL,NULL,'7','2016-01-14 07:44:40',185),(3975,NULL,'LabR','Std0','00bd','00000101',40.571625,77.347092,6.80371,NULL,'2016-01-13T13:51:31:239+3',NULL,NULL,'7','2016-01-14 07:44:40',185),(3976,NULL,'LabR','Std0','00be','00000102',40.581627,77.357094,6.80371,NULL,'2016-01-13T13:51:31:239+3',NULL,NULL,'7','2016-01-14 07:44:40',185),(3977,NULL,'LabR','Std0','00bf','00000103',40.591625,77.367096,6.80371,NULL,'2016-01-13T13:51:31:239+3',NULL,NULL,'7','2016-01-14 07:44:41',185),(3978,NULL,'LabR','Std0','00c0','00000104',40.601624,77.37709,6.80371,NULL,'2016-01-13T13:51:31:239+3',NULL,NULL,'7','2016-01-14 07:44:41',185),(3979,NULL,'LabR','Std0','00c1','00000105',40.611626,77.387093,6.80371,NULL,'2016-01-13T13:51:31:239+3',NULL,NULL,'7','2016-01-14 07:44:41',185),(3980,NULL,'LabR','Std0','00c2','00000106',40.621624,77.397095,6.80371,NULL,'2016-01-13T13:51:31:239+3',NULL,NULL,'7','2016-01-14 07:44:41',185),(3981,NULL,'LabR','Std0','00c3','00000107',40.631626,77.407089,6.80371,NULL,'2016-01-13T13:51:31:239+3',NULL,NULL,'7','2016-01-14 07:44:41',185),(3982,NULL,'LabR','Std0','00c4','00000108',40.641624,77.417091,6.80371,NULL,'2016-01-13T13:51:31:239+3',NULL,NULL,'7','2016-01-14 07:44:41',185),(3983,NULL,'LabR','Std0','00c5','00000109',40.651627,77.427094,6.80371,NULL,'2016-01-13T13:51:31:239+3',NULL,NULL,'7','2016-01-14 07:44:41',185),(3984,NULL,'LabR','Std0','00c6','0000010a',40.661625,77.437096,6.80371,NULL,'2016-01-13T13:51:31:239+3',NULL,NULL,'7','2016-01-14 07:44:41',185),(3985,NULL,'LabR','Std0','00c7','0000010b',40.671627,77.44709,6.80371,NULL,'2016-01-13T13:51:31:239+3',NULL,NULL,'7','2016-01-14 07:44:41',185);
/*!40000 ALTER TABLE `Std0` ENABLE KEYS */;
UNLOCK TABLES;

--
-- Table structure for table `Tag`
--

DROP TABLE IF EXISTS `Tag`;
/*!40101 SET @saved_cs_client     = @@character_set_client */;
/*!40101 SET character_set_client = utf8 */;
CREATE TABLE `Tag` (
  `TagId` varchar(20) COLLATE utf8_unicode_ci NOT NULL,
  `Name` varchar(200) COLLATE utf8_unicode_ci DEFAULT NULL,
  `TagType_id` int(11) NOT NULL,
  PRIMARY KEY (`TagId`),
  KEY `Tag_48f29e72` (`TagType_id`),
  CONSTRAINT `Tag_TagType_id_722090c1_fk_TagType_id` FOREIGN KEY (`TagType_id`) REFERENCES `TagType` (`id`)
) ENGINE=InnoDB DEFAULT CHARSET=utf8 COLLATE=utf8_unicode_ci;
/*!40101 SET character_set_client = @saved_cs_client */;

--
-- Dumping data for table `Tag`
--

LOCK TABLES `Tag` WRITE;
/*!40000 ALTER TABLE `Tag` DISABLE KEYS */;
INSERT INTO `Tag` VALUES ('00000074','Andrey22',2),('00000075','Иванов Иван',1),('00000a1','Denis',1),('00000a2','Sergey22223232',1),('00000a3','dene',1);
/*!40000 ALTER TABLE `Tag` ENABLE KEYS */;
UNLOCK TABLES;

--
-- Table structure for table `TagGroup`
--

DROP TABLE IF EXISTS `TagGroup`;
/*!40101 SET @saved_cs_client     = @@character_set_client */;
/*!40101 SET character_set_client = utf8 */;
CREATE TABLE `TagGroup` (
  `id` int(11) NOT NULL AUTO_INCREMENT,
  `GroupName` varchar(200) COLLATE utf8_unicode_ci DEFAULT NULL,
  `MeshColor` varchar(50) COLLATE utf8_unicode_ci DEFAULT NULL,
  `CircleColor` varchar(50) COLLATE utf8_unicode_ci DEFAULT NULL,
  `MeshGeometry` longtext COLLATE utf8_unicode_ci,
  `User_id` int(11) NOT NULL,
  PRIMARY KEY (`id`),
  KEY `TagGroup_7789c4eb` (`User_id`),
  CONSTRAINT `TagGroup_User_id_d4df3b8a_fk_auth_user_id` FOREIGN KEY (`User_id`) REFERENCES `auth_user` (`id`)
) ENGINE=InnoDB AUTO_INCREMENT=20 DEFAULT CHARSET=utf8 COLLATE=utf8_unicode_ci;
/*!40101 SET character_set_client = @saved_cs_client */;

--
-- Dumping data for table `TagGroup`
--

LOCK TABLES `TagGroup` WRITE;
/*!40000 ALTER TABLE `TagGroup` DISABLE KEYS */;
INSERT INTO `TagGroup` VALUES (12,'группа 1','FF321F','FF8360','{\"type\": \"box\", \"parameters\": [{\"name\": \"width\", \"value\": 0.3}, {\"name\": \"heigth\", \"value\": 0.3}, {\"name\": \"depth\", \"value\": 0.3}]}',1),(13,'Группа 2','4EFF36','AFFFAA','{\"type\": \"sphere\", \"parameters\": [{\"name\": \"radius\", \"value\": 0.5}, {\"name\": \"widthsegments\", \"value\": 16}, {\"name\": \"heigthsegments\", \"value\": 16}]}',1),(15,'Бюджетный отдел','30FF64','C7FCFF','{\"type\": \"sphere\", \"parameters\": [{\"name\": \"radius\", \"value\": 0.5}, {\"name\": \"widthsegments\", \"value\": 16}, {\"name\": \"heigthsegments\", \"value\": 16}]}',2),(16,'Рабочие','52D1FF','D6FEFF','{\"type\": \"torus\", \"parameters\": [{\"name\": \"radius\", \"value\": 2}, {\"name\": \"tube\", \"value\": 0.3}, {\"name\": \"radialsegments\", \"value\": 16}, {\"name\": \"tubularsegments\", \"value\": 16}]}',2),(17,'Новая группа',NULL,NULL,'{\"type\": \"box\", \"parameters\": [{\"name\": \"width\", \"value\": 0.3}, {\"name\": \"heigth\", \"value\": 0.3}, {\"name\": \"depth\", \"value\": 0.3}]}',2),(18,'Новая группа',NULL,NULL,'{\"type\": \"box\", \"parameters\": [{\"name\": \"width\", \"value\": 0.3}, {\"name\": \"heigth\", \"value\": 0.3}, {\"name\": \"depth\", \"value\": 0.3}]}',1);
/*!40000 ALTER TABLE `TagGroup` ENABLE KEYS */;
UNLOCK TABLES;

--
-- Table structure for table `TagGroup_Tag`
--

DROP TABLE IF EXISTS `TagGroup_Tag`;
/*!40101 SET @saved_cs_client     = @@character_set_client */;
/*!40101 SET character_set_client = utf8 */;
CREATE TABLE `TagGroup_Tag` (
  `id` int(11) NOT NULL AUTO_INCREMENT,
  `Tag_id` varchar(20) COLLATE utf8_unicode_ci NOT NULL,
  `TagGroup_id` int(11) NOT NULL,
  `User_id` int(11) NOT NULL,
  PRIMARY KEY (`id`),
  KEY `TagGroup_Tag_Tag_id_ccbf2052_fk_Tag_TagId` (`Tag_id`),
  KEY `TagGroup_Tag_TagGroup_id_54fec1ce_fk_TagGroup_id` (`TagGroup_id`),
  KEY `TagGroup_Tag_7789c4eb` (`User_id`),
  CONSTRAINT `TagGroup_Tag_User_id_8a15d83a_fk_auth_user_id` FOREIGN KEY (`User_id`) REFERENCES `auth_user` (`id`),
  CONSTRAINT `TagGroup_Tag_TagGroup_id_54fec1ce_fk_TagGroup_id` FOREIGN KEY (`TagGroup_id`) REFERENCES `TagGroup` (`id`),
  CONSTRAINT `TagGroup_Tag_Tag_id_ccbf2052_fk_Tag_TagId` FOREIGN KEY (`Tag_id`) REFERENCES `Tag` (`TagId`)
) ENGINE=InnoDB AUTO_INCREMENT=24 DEFAULT CHARSET=utf8 COLLATE=utf8_unicode_ci;
/*!40101 SET character_set_client = @saved_cs_client */;

--
-- Dumping data for table `TagGroup_Tag`
--

LOCK TABLES `TagGroup_Tag` WRITE;
/*!40000 ALTER TABLE `TagGroup_Tag` DISABLE KEYS */;
INSERT INTO `TagGroup_Tag` VALUES (16,'00000074',12,1),(17,'00000075',13,1),(20,'00000a1',15,2),(21,'00000075',15,2),(22,'00000a2',16,2),(23,'00000a3',16,2);
/*!40000 ALTER TABLE `TagGroup_Tag` ENABLE KEYS */;
UNLOCK TABLES;

--
-- Table structure for table `TagType`
--

DROP TABLE IF EXISTS `TagType`;
/*!40101 SET @saved_cs_client     = @@character_set_client */;
/*!40101 SET character_set_client = utf8 */;
CREATE TABLE `TagType` (
  `id` int(11) NOT NULL AUTO_INCREMENT,
  `Name` varchar(200) COLLATE utf8_unicode_ci NOT NULL,
  PRIMARY KEY (`id`)
) ENGINE=InnoDB AUTO_INCREMENT=3 DEFAULT CHARSET=utf8 COLLATE=utf8_unicode_ci;
/*!40101 SET character_set_client = @saved_cs_client */;

--
-- Dumping data for table `TagType`
--

LOCK TABLES `TagType` WRITE;
/*!40000 ALTER TABLE `TagType` DISABLE KEYS */;
INSERT INTO `TagType` VALUES (1,'человек'),(2,'товарно-материальная ценность');
/*!40000 ALTER TABLE `TagType` ENABLE KEYS */;
UNLOCK TABLES;

--
-- Table structure for table `TurnOnOffTag`
--

DROP TABLE IF EXISTS `TurnOnOffTag`;
/*!40101 SET @saved_cs_client     = @@character_set_client */;
/*!40101 SET character_set_client = utf8 */;
CREATE TABLE `TurnOnOffTag` (
  `id` int(11) NOT NULL AUTO_INCREMENT,
  `OnOff` tinyint(1) NOT NULL,
  `OnOffTime` datetime DEFAULT NULL,
  `Tag_id` varchar(20) COLLATE utf8_unicode_ci NOT NULL,
  PRIMARY KEY (`id`),
  KEY `TurnOnOffTag_c2f5e22d` (`Tag_id`),
  CONSTRAINT `TurnOnOffTag_Tag_id_7f44a169_fk_Tag_TagId` FOREIGN KEY (`Tag_id`) REFERENCES `Tag` (`TagId`)
) ENGINE=InnoDB AUTO_INCREMENT=1812 DEFAULT CHARSET=utf8 COLLATE=utf8_unicode_ci;
/*!40101 SET character_set_client = @saved_cs_client */;

--
-- Dumping data for table `TurnOnOffTag`
--

LOCK TABLES `TurnOnOffTag` WRITE;
/*!40000 ALTER TABLE `TurnOnOffTag` DISABLE KEYS */;
INSERT INTO `TurnOnOffTag` VALUES (648,1,'2016-03-08 18:43:38','00000a3'),(649,1,'2016-03-08 18:46:55','00000a3'),(650,1,'2016-03-08 18:46:55','00000a3'),(651,1,'2016-03-08 18:47:12','00000a3'),(652,0,'2016-03-08 18:51:17','00000a3'),(653,1,'2016-03-09 07:58:03','00000a2'),(654,1,'2016-03-09 07:58:03','00000a2'),(655,1,'2016-03-09 07:58:03','00000a2'),(656,0,'2016-03-09 07:58:41','00000a2'),(657,0,'2016-03-09 07:58:41','00000a2'),(658,0,'2016-03-09 07:58:41','00000a2'),(659,0,'2016-03-09 07:58:41','00000a2'),(660,1,'2016-03-09 08:22:14','00000074'),(661,0,'2016-03-09 08:34:17','00000075'),(662,1,'2016-03-09 08:34:24','00000075'),(663,0,'2016-03-09 09:04:48','00000075'),(664,1,'2016-03-09 09:06:09','00000075'),(665,1,'2016-03-09 09:38:06','00000074'),(666,1,'2016-03-09 09:38:06','00000075'),(667,1,'2016-03-09 09:40:46','00000075'),(668,1,'2016-03-09 09:40:46','00000074'),(669,1,'2016-03-09 09:43:27','00000074'),(670,1,'2016-03-09 09:43:27','00000075'),(671,1,'2016-03-09 09:48:13','00000074'),(672,1,'2016-03-09 09:48:13','00000075'),(673,1,'2016-03-09 09:56:27','00000074'),(674,1,'2016-03-09 09:56:27','00000075'),(675,1,'2016-03-09 10:00:10','00000074'),(676,1,'2016-03-09 10:00:11','00000075'),(677,1,'2016-03-09 10:01:01','00000074'),(678,1,'2016-03-09 10:01:02','00000075'),(679,1,'2016-03-09 10:02:12','00000074'),(680,1,'2016-03-09 10:02:12','00000075'),(681,1,'2016-03-09 10:02:30','00000074'),(682,1,'2016-03-09 10:02:30','00000075'),(683,1,'2016-03-09 10:02:53','00000074'),(684,1,'2016-03-09 10:02:53','00000075'),(685,1,'2016-03-09 10:12:44','00000075'),(686,1,'2016-03-09 10:17:17','00000074'),(687,0,'2016-03-09 10:23:25','00000074'),(688,1,'2016-03-09 10:26:32','00000074'),(689,1,'2016-03-09 10:27:40','00000075'),(690,1,'2016-03-09 10:28:22','00000075'),(691,1,'2016-03-09 10:28:33','00000075'),(692,1,'2016-03-09 10:28:48','00000075'),(693,1,'2016-03-09 10:28:59','00000075'),(694,1,'2016-03-09 10:29:45','00000075'),(695,1,'2016-03-09 10:31:00','00000075'),(696,1,'2016-03-09 10:32:20','00000074'),(697,0,'2016-03-09 10:36:08','00000074'),(698,1,'2016-03-09 10:38:38','00000075'),(699,1,'2016-03-09 10:39:15','00000074'),(700,1,'2016-03-09 10:39:15','00000075'),(701,1,'2016-03-09 10:39:37','00000075'),(702,1,'2016-03-09 10:40:24','00000075'),(703,1,'2016-03-09 10:41:07','00000075'),(704,1,'2016-03-09 10:41:54','00000075'),(705,1,'2016-03-09 10:42:34','00000074'),(706,0,'2016-03-09 10:43:51','00000074'),(707,1,'2016-03-09 10:47:25','00000075'),(708,1,'2016-03-09 10:48:09','00000075'),(709,1,'2016-03-09 10:49:44','00000074'),(710,0,'2016-03-09 10:53:26','00000075'),(711,1,'2016-03-09 11:51:58','00000a1'),(712,1,'2016-03-09 11:59:25','00000a2'),(713,0,'2016-03-09 13:14:41','00000a1'),(714,0,'2016-03-09 13:14:41','00000a2'),(715,1,'2016-03-09 13:21:59','00000a1'),(716,1,'2016-03-09 13:22:11','00000a2'),(717,0,'2016-03-09 13:24:59','00000a1'),(718,0,'2016-03-09 13:24:59','00000a1'),(719,0,'2016-03-09 13:24:59','00000a1'),(720,0,'2016-03-09 13:24:59','00000a1'),(721,0,'2016-03-09 13:25:01','00000a2'),(722,1,'2016-03-09 13:35:16','00000a1'),(723,1,'2016-03-09 13:35:17','00000a2'),(724,0,'2016-03-09 14:45:16','00000a1'),(725,0,'2016-03-09 14:45:17','00000a2'),(726,1,'2016-03-09 14:51:52','00000a1'),(727,1,'2016-03-09 14:51:53','00000a2'),(728,0,'2016-03-09 16:53:12','00000a2'),(729,0,'2016-03-09 16:53:13','00000a1'),(730,0,'2016-03-10 08:08:16','00000074'),(731,0,'2016-03-10 08:08:16','00000074'),(732,0,'2016-03-10 08:08:16','00000074'),(733,0,'2016-03-10 08:08:17','00000074'),(734,0,'2016-03-10 08:08:17','00000074'),(735,0,'2016-03-10 08:08:17','00000074'),(736,0,'2016-03-10 08:08:17','00000074'),(737,0,'2016-03-10 08:08:18','00000074'),(738,0,'2016-03-10 08:08:18','00000074'),(739,1,'2016-03-10 08:17:06','00000074'),(740,0,'2016-03-10 08:18:32','00000074'),(741,1,'2016-03-10 08:19:36','00000074'),(742,0,'2016-03-10 08:21:04','00000074'),(743,1,'2016-03-10 08:21:50','00000074'),(744,0,'2016-03-10 08:31:48','00000074'),(745,1,'2016-03-10 08:32:35','00000074'),(746,0,'2016-03-10 08:34:03','00000074'),(747,0,'2016-03-10 08:34:03','00000074'),(748,0,'2016-03-10 08:34:03','00000074'),(749,1,'2016-03-10 08:34:49','00000074'),(750,0,'2016-03-10 08:37:41','00000074'),(751,1,'2016-03-10 08:40:17','00000074'),(752,0,'2016-03-10 08:53:59','00000074'),(753,0,'2016-03-10 08:53:59','00000074'),(754,1,'2016-03-10 08:56:41','00000074'),(755,0,'2016-03-10 09:02:33','00000074'),(756,0,'2016-03-10 09:02:33','00000074'),(757,1,'2016-03-10 09:05:15','00000074'),(758,1,'2016-03-10 09:15:08','00000a1'),(759,0,'2016-03-10 09:20:33','00000074'),(760,0,'2016-03-10 09:35:17','00000a1'),(761,1,'2016-03-10 10:09:11','00000074'),(762,0,'2016-03-10 10:13:43','00000074'),(763,1,'2016-03-10 10:41:41','00000074'),(764,0,'2016-03-10 10:51:01','00000074'),(765,0,'2016-03-10 10:51:01','00000074'),(766,1,'2016-03-10 10:51:30','00000074'),(767,1,'2016-03-10 11:02:18','00000074'),(768,1,'2016-03-10 11:05:12','00000074'),(769,1,'2016-03-10 11:54:50','00000074'),(770,1,'2016-03-10 12:08:38','00000074'),(771,1,'2016-03-10 13:42:18','00000074'),(772,1,'2016-03-10 13:45:41','00000074'),(773,1,'2016-03-10 13:45:50','00000074'),(774,1,'2016-03-10 13:45:55','00000074'),(775,1,'2016-03-10 13:46:01','00000074'),(776,1,'2016-03-10 13:49:37','00000074'),(777,1,'2016-03-10 13:51:12','00000074'),(778,1,'2016-03-10 13:52:00','00000074'),(779,1,'2016-03-10 13:57:27','00000074'),(780,1,'2016-03-10 14:00:51','00000074'),(781,1,'2016-03-10 14:01:27','00000074'),(782,1,'2016-03-10 14:03:33','00000074'),(783,1,'2016-03-10 14:04:38','00000074'),(784,1,'2016-03-10 14:07:40','00000074'),(785,1,'2016-03-10 14:08:22','00000074'),(786,1,'2016-03-10 14:09:47','00000074'),(787,1,'2016-03-10 14:10:29','00000074'),(788,1,'2016-03-10 14:13:35','00000074'),(789,1,'2016-03-10 14:13:40','00000074'),(790,1,'2016-03-10 14:13:53','00000074'),(791,1,'2016-03-10 14:13:58','00000074'),(792,1,'2016-03-10 14:14:51','00000074'),(793,0,'2016-03-10 14:21:25','00000074'),(794,0,'2016-03-10 14:21:25','00000074'),(795,1,'2016-03-10 14:21:37','00000074'),(796,1,'2016-03-10 14:26:40','00000074'),(797,0,'2016-03-10 14:28:01','00000074'),(798,0,'2016-03-10 14:28:01','00000074'),(799,1,'2016-03-10 14:29:05','00000074'),(800,0,'2016-03-10 14:29:36','00000074'),(801,1,'2016-03-10 14:32:26','00000074'),(802,0,'2016-03-10 14:36:37','00000074'),(803,1,'2016-03-10 14:37:06','00000074'),(804,1,'2016-03-10 14:37:33','00000074'),(805,1,'2016-03-10 14:38:03','00000074'),(806,1,'2016-03-10 14:43:31','00000075'),(807,0,'2016-03-10 14:46:00','00000075'),(808,0,'2016-03-10 14:46:00','00000075'),(809,1,'2016-03-10 14:46:37','00000075'),(810,0,'2016-03-10 14:51:10','00000075'),(811,1,'2016-03-10 14:51:19','00000075'),(812,0,'2016-03-10 15:03:03','00000075'),(813,0,'2016-03-10 15:03:03','00000075'),(814,1,'2016-03-10 15:11:31','00000074'),(815,0,'2016-03-10 15:20:34','00000074'),(816,1,'2016-03-10 15:22:49','00000074'),(817,0,'2016-03-10 15:27:31','00000074'),(818,1,'2016-03-10 15:28:41','00000074'),(819,1,'2016-03-10 15:40:11','00000075'),(820,1,'2016-03-10 16:13:46','00000a1'),(821,1,'2016-03-11 09:16:43','00000a1'),(822,1,'2016-03-11 09:16:43','00000a1'),(823,1,'2016-03-11 09:16:43','00000a1'),(824,1,'2016-03-11 09:16:43','00000a1'),(825,1,'2016-03-11 09:16:43','00000a1'),(826,1,'2016-03-11 09:16:43','00000a1'),(827,1,'2016-03-11 09:17:00','00000a1'),(828,1,'2016-03-11 09:18:47','00000a1'),(829,1,'2016-03-11 09:18:47','00000a1'),(830,1,'2016-03-11 09:32:37','00000a1'),(831,1,'2016-03-11 09:32:37','00000a1'),(832,1,'2016-03-11 09:33:21','00000a1'),(833,0,'2016-03-11 09:41:39','00000a1'),(834,0,'2016-03-11 09:41:39','00000a1'),(835,1,'2016-03-11 09:57:22','00000074'),(836,0,'2016-03-11 10:38:46','00000074'),(837,1,'2016-03-11 11:02:30','00000074'),(838,0,'2016-03-11 11:08:47','00000074'),(839,1,'2016-03-11 11:13:06','00000074'),(840,0,'2016-03-11 11:15:12','00000074'),(841,1,'2016-03-11 11:16:38','00000074'),(842,0,'2016-03-11 11:18:44','00000074'),(843,1,'2016-03-11 11:20:10','00000074'),(844,0,'2016-03-11 11:26:29','00000074'),(845,1,'2016-03-11 11:28:53','00000074'),(846,0,'2016-03-11 11:35:11','00000074'),(847,0,'2016-03-11 11:35:11','00000074'),(848,1,'2016-03-11 11:36:37','00000074'),(849,0,'2016-03-11 11:39:24','00000074'),(850,0,'2016-03-11 11:39:24','00000074'),(851,1,'2016-03-11 11:40:50','00000074'),(852,1,'2016-03-11 13:31:59','00000a1'),(853,0,'2016-03-11 14:22:19','00000a1'),(854,0,'2016-03-11 14:22:19','00000a1'),(855,0,'2016-03-11 14:22:19','00000a1'),(856,0,'2016-03-11 14:22:19','00000a1'),(857,0,'2016-03-11 14:22:19','00000a1'),(858,0,'2016-03-11 14:44:29','00000074'),(859,1,'2016-03-11 14:46:45','00000074'),(860,0,'2016-03-11 14:54:42','00000074'),(861,0,'2016-03-11 14:54:42','00000074'),(862,1,'2016-03-11 14:56:08','00000074'),(863,1,'2016-03-11 15:00:29','00000074'),(864,0,'2016-03-11 15:02:19','00000074'),(865,1,'2016-03-11 15:03:45','00000074'),(866,0,'2016-03-11 15:05:51','00000074'),(867,1,'2016-03-11 15:07:17','00000074'),(868,0,'2016-03-11 15:10:53','00000074'),(869,1,'2016-03-11 15:17:15','00000074'),(870,0,'2016-03-11 16:04:10','00000074'),(871,0,'2016-03-11 16:04:10','00000074'),(872,1,'2016-03-11 16:04:11','00000074'),(873,0,'2016-03-11 16:07:37','00000074'),(874,1,'2016-03-11 16:10:46','00000074'),(875,0,'2016-03-11 17:10:00','00000074'),(876,1,'2016-03-14 08:02:37','00000074'),(877,1,'2016-03-14 08:05:44','00000074'),(878,1,'2016-03-14 08:07:06','00000074'),(879,1,'2016-03-14 08:08:15','00000074'),(880,1,'2016-03-14 08:08:58','00000074'),(881,0,'2016-03-14 08:15:55','00000074'),(882,0,'2016-03-14 08:15:55','00000074'),(883,1,'2016-03-14 08:16:56','00000074'),(884,0,'2016-03-14 08:17:54','00000074'),(885,1,'2016-03-14 08:19:41','00000074'),(886,1,'2016-03-14 08:22:31','00000074'),(887,1,'2016-03-14 08:23:35','00000074'),(888,0,'2016-03-14 08:28:28','00000074'),(889,1,'2016-03-14 08:28:38','00000074'),(890,0,'2016-03-14 08:30:53','00000074'),(891,1,'2016-03-14 08:31:04','00000074'),(892,0,'2016-03-14 08:37:31','00000074'),(893,1,'2016-03-14 08:37:33','00000074'),(894,1,'2016-03-14 09:24:26','00000074'),(895,1,'2016-03-14 09:24:57','00000074'),(896,0,'2016-03-14 09:29:42','00000074'),(897,1,'2016-03-14 09:38:41','00000074'),(898,0,'2016-03-14 09:42:42','00000074'),(899,0,'2016-03-14 09:42:42','00000074'),(900,1,'2016-03-14 09:48:06','00000074'),(901,0,'2016-03-14 09:51:26','00000074'),(902,1,'2016-03-14 09:56:50','00000074'),(903,0,'2016-03-14 09:58:40','00000074'),(904,1,'2016-03-14 10:04:21','00000074'),(905,0,'2016-03-14 10:15:31','00000074'),(906,0,'2016-03-14 10:15:31','00000074'),(907,1,'2016-03-14 10:15:32','00000074'),(908,0,'2016-03-14 10:15:57','00000074'),(909,0,'2016-03-14 10:15:57','00000074'),(910,1,'2016-03-14 10:16:12','00000074'),(911,0,'2016-03-14 10:16:34','00000074'),(912,1,'2016-03-14 10:17:00','00000074'),(913,0,'2016-03-14 10:18:04','00000074'),(914,1,'2016-03-14 10:20:51','00000074'),(915,1,'2016-03-14 10:47:10','00000074'),(916,1,'2016-03-14 10:47:49','00000074'),(917,1,'2016-03-14 10:51:50','00000074'),(918,0,'2016-03-14 11:06:42','00000074'),(919,1,'2016-03-14 11:06:55','00000074'),(920,1,'2016-03-14 11:08:19','00000074'),(921,1,'2016-03-14 11:12:40','00000074'),(922,1,'2016-03-14 11:12:51','00000074'),(923,1,'2016-03-14 11:12:58','00000074'),(924,1,'2016-03-14 11:18:56','00000074'),(925,1,'2016-03-14 11:21:53','00000074'),(926,1,'2016-03-14 11:23:15','00000074'),(927,1,'2016-03-14 11:24:26','00000074'),(928,1,'2016-03-14 11:24:50','00000074'),(929,0,'2016-03-14 11:25:15','00000074'),(930,1,'2016-03-14 11:25:26','00000074'),(931,1,'2016-03-14 11:26:02','00000074'),(932,1,'2016-03-14 11:31:28','00000074'),(933,1,'2016-03-14 11:36:39','00000074'),(934,1,'2016-03-14 11:38:58','00000074'),(935,0,'2016-03-14 11:40:49','00000074'),(936,1,'2016-03-14 11:45:15','00000074'),(937,1,'2016-03-14 11:49:46','00000074'),(938,1,'2016-03-14 11:51:50','00000074'),(939,1,'2016-03-14 11:53:45','00000074'),(940,0,'2016-03-14 12:09:38','00000074'),(941,1,'2016-03-14 12:14:37','00000074'),(942,0,'2016-03-14 13:13:20','00000074'),(943,0,'2016-03-14 13:13:20','00000074'),(944,1,'2016-03-14 13:18:52','00000074'),(945,0,'2016-03-14 13:21:59','00000074'),(946,1,'2016-03-14 13:49:38','00000074'),(947,1,'2016-03-14 13:55:22','00000074'),(948,1,'2016-03-14 13:58:36','00000074'),(949,1,'2016-03-14 13:59:11','00000074'),(950,1,'2016-03-14 14:00:10','00000074'),(951,1,'2016-03-14 14:01:22','00000074'),(952,1,'2016-03-14 14:02:17','00000074'),(953,1,'2016-03-14 14:03:25','00000074'),(954,1,'2016-03-14 14:03:52','00000074'),(955,1,'2016-03-14 14:04:55','00000074'),(956,1,'2016-03-14 14:05:03','00000074'),(957,1,'2016-03-14 14:05:52','00000074'),(958,0,'2016-03-14 14:07:40','00000074'),(959,1,'2016-03-14 14:07:55','00000074'),(960,0,'2016-03-14 14:18:14','00000074'),(961,1,'2016-03-14 14:18:29','00000074'),(962,0,'2016-03-14 14:19:14','00000074'),(963,1,'2016-03-14 14:19:14','00000074'),(964,0,'2016-03-14 14:20:04','00000074'),(965,0,'2016-03-14 14:20:04','00000074'),(966,1,'2016-03-14 14:20:09','00000074'),(967,0,'2016-03-14 14:20:59','00000074'),(968,1,'2016-03-14 14:21:04','00000074'),(969,0,'2016-03-14 14:21:39','00000074'),(970,1,'2016-03-14 14:21:54','00000074'),(971,0,'2016-03-14 14:22:34','00000074'),(972,1,'2016-03-14 14:22:44','00000074'),(973,0,'2016-03-14 14:23:34','00000074'),(974,0,'2016-03-14 14:23:34','00000074'),(975,1,'2016-03-14 14:23:34','00000074'),(976,0,'2016-03-14 14:24:19','00000074'),(977,1,'2016-03-14 14:24:29','00000074'),(978,0,'2016-03-14 14:25:14','00000074'),(979,1,'2016-03-14 14:25:19','00000074'),(980,0,'2016-03-14 14:25:59','00000074'),(981,1,'2016-03-14 14:26:04','00000074'),(982,0,'2016-03-14 14:26:44','00000074'),(983,1,'2016-03-14 14:27:04','00000074'),(984,0,'2016-03-14 14:28:44','00000074'),(985,1,'2016-03-14 14:28:50','00000074'),(986,0,'2016-03-14 14:29:34','00000074'),(987,1,'2016-03-14 14:29:40','00000074'),(988,0,'2016-03-14 14:30:19','00000074'),(989,1,'2016-03-14 14:30:30','00000074'),(990,0,'2016-03-14 14:31:19','00000074'),(991,1,'2016-03-14 14:31:45','00000074'),(992,0,'2016-03-14 14:32:19','00000074'),(993,1,'2016-03-14 14:32:40','00000074'),(994,0,'2016-03-14 14:33:24','00000074'),(995,1,'2016-03-14 14:33:30','00000074'),(996,0,'2016-03-14 14:34:09','00000074'),(997,1,'2016-03-14 14:34:20','00000074'),(998,0,'2016-03-14 14:35:04','00000074'),(999,0,'2016-03-14 14:35:04','00000074'),(1000,1,'2016-03-14 14:35:20','00000074'),(1001,0,'2016-03-14 14:36:04','00000074'),(1002,1,'2016-03-14 14:36:15','00000074'),(1003,0,'2016-03-14 14:37:09','00000074'),(1004,1,'2016-03-14 14:37:20','00000074'),(1005,1,'2016-03-14 15:12:21','00000074'),(1006,1,'2016-03-14 15:13:05','00000074'),(1007,1,'2016-03-14 15:13:23','00000074'),(1008,1,'2016-03-14 16:33:13','00000074'),(1009,1,'2016-03-14 16:33:31','00000074'),(1010,0,'2016-03-14 17:36:50','00000074'),(1011,1,'2016-03-14 17:39:27','00000074'),(1012,0,'2016-03-15 07:49:12','00000074'),(1013,0,'2016-03-15 07:49:12','00000074'),(1014,0,'2016-03-15 07:49:12','00000074'),(1015,1,'2016-03-15 13:09:20','00000074'),(1016,0,'2016-03-15 13:16:08','00000074'),(1017,0,'2016-03-15 13:16:08','00000074'),(1018,1,'2016-03-15 13:16:16','00000074'),(1019,1,'2016-03-15 13:44:44','00000074'),(1020,1,'2016-03-15 13:48:58','00000074'),(1021,1,'2016-03-15 13:52:39','00000074'),(1022,1,'2016-03-15 13:52:46','00000074'),(1023,1,'2016-03-15 13:58:09','00000074'),(1024,1,'2016-03-15 13:59:11','00000074'),(1025,1,'2016-03-15 14:00:00','00000074'),(1026,1,'2016-03-15 14:00:39','00000074'),(1027,1,'2016-03-15 14:00:42','00000074'),(1028,1,'2016-03-15 14:01:59','00000074'),(1029,1,'2016-03-15 14:02:47','00000074'),(1030,1,'2016-03-15 14:03:14','00000074'),(1031,1,'2016-03-15 14:04:15','00000074'),(1032,1,'2016-03-15 14:04:22','00000074'),(1033,1,'2016-03-15 14:04:58','00000074'),(1034,1,'2016-03-15 14:05:30','00000074'),(1035,1,'2016-03-15 14:05:44','00000074'),(1036,1,'2016-03-15 14:07:15','00000074'),(1037,1,'2016-03-15 14:07:49','00000074'),(1038,1,'2016-03-15 14:08:27','00000074'),(1039,1,'2016-03-15 14:08:30','00000074'),(1040,1,'2016-03-15 14:08:35','00000074'),(1041,1,'2016-03-15 14:08:59','00000074'),(1042,1,'2016-03-15 14:09:42','00000074'),(1043,1,'2016-03-15 14:10:45','00000074'),(1044,1,'2016-03-15 14:11:35','00000074'),(1045,1,'2016-03-15 14:13:57','00000074'),(1046,1,'2016-03-15 14:18:36','00000074'),(1047,1,'2016-03-15 14:19:50','00000074'),(1048,1,'2016-03-15 14:20:36','00000074'),(1049,1,'2016-03-15 14:25:20','00000074'),(1050,1,'2016-03-15 14:25:43','00000074'),(1051,1,'2016-03-15 14:28:29','00000074'),(1052,1,'2016-03-15 14:29:04','00000074'),(1053,1,'2016-03-15 15:11:00','00000074'),(1054,1,'2016-03-15 15:11:58','00000074'),(1055,1,'2016-03-15 15:32:02','00000074'),(1056,1,'2016-03-15 15:33:55','00000074'),(1057,1,'2016-03-15 15:36:15','00000074'),(1058,1,'2016-03-15 15:39:15','00000074'),(1059,1,'2016-03-15 15:41:08','00000074'),(1060,1,'2016-03-15 15:42:24','00000074'),(1061,1,'2016-03-15 15:42:48','00000074'),(1062,1,'2016-03-15 15:43:31','00000074'),(1063,1,'2016-03-15 15:43:47','00000074'),(1064,1,'2016-03-15 15:44:39','00000074'),(1065,1,'2016-03-15 15:46:07','00000074'),(1066,1,'2016-03-15 15:46:47','00000074'),(1067,1,'2016-03-15 15:46:53','00000074'),(1068,1,'2016-03-15 15:48:34','00000074'),(1069,1,'2016-03-15 15:49:57','00000074'),(1070,1,'2016-03-15 16:06:55','00000074'),(1071,1,'2016-03-15 16:13:21','00000074'),(1072,1,'2016-03-15 16:13:30','00000074'),(1073,1,'2016-03-15 16:16:19','00000074'),(1074,1,'2016-03-15 16:16:48','00000074'),(1075,1,'2016-03-15 16:21:36','00000074'),(1076,1,'2016-03-15 16:22:23','00000074'),(1077,1,'2016-03-15 16:29:14','00000074'),(1078,1,'2016-03-15 16:29:39','00000074'),(1079,1,'2016-03-15 16:30:40','00000074'),(1080,1,'2016-03-15 16:31:47','00000074'),(1081,1,'2016-03-15 16:31:53','00000074'),(1082,1,'2016-03-15 16:32:00','00000074'),(1083,1,'2016-03-15 16:33:11','00000074'),(1084,1,'2016-03-15 16:33:35','00000a1'),(1085,1,'2016-03-15 16:36:58','00000a1'),(1086,1,'2016-03-15 16:36:58','00000074'),(1087,1,'2016-03-15 16:37:29','00000a1'),(1088,1,'2016-03-15 16:37:29','00000074'),(1089,0,'2016-03-15 16:37:58','00000074'),(1090,1,'2016-03-15 16:38:20','00000a1'),(1091,1,'2016-03-15 16:39:31','00000a1'),(1092,1,'2016-03-15 16:39:46','00000a1'),(1093,1,'2016-03-15 16:40:00','00000a1'),(1094,1,'2016-03-15 16:40:35','00000074'),(1095,1,'2016-03-15 16:40:50','00000a1'),(1096,1,'2016-03-15 16:40:50','00000074'),(1097,1,'2016-03-15 16:41:19','00000a1'),(1098,1,'2016-03-15 16:41:19','00000074'),(1099,1,'2016-03-15 16:41:44','00000a1'),(1100,1,'2016-03-15 16:41:44','00000074'),(1101,1,'2016-03-15 16:42:01','00000a1'),(1102,1,'2016-03-15 16:42:01','00000074'),(1103,1,'2016-03-15 16:42:55','00000074'),(1104,1,'2016-03-15 16:42:56','00000a1'),(1105,1,'2016-03-15 16:43:12','00000a1'),(1106,1,'2016-03-15 16:43:12','00000074'),(1107,1,'2016-03-15 16:43:32','00000a1'),(1108,1,'2016-03-15 16:43:32','00000074'),(1109,1,'2016-03-15 16:50:15','00000074'),(1110,1,'2016-03-15 16:50:15','00000a1'),(1111,1,'2016-03-15 16:50:52','00000074'),(1112,1,'2016-03-15 16:50:52','00000a1'),(1113,1,'2016-03-15 16:52:38','00000074'),(1114,1,'2016-03-15 16:52:38','00000a1'),(1115,1,'2016-03-15 16:58:05','00000074'),(1116,1,'2016-03-15 16:58:05','00000a1'),(1117,1,'2016-03-15 17:09:32','00000074'),(1118,1,'2016-03-15 17:09:33','00000a1'),(1119,1,'2016-03-15 17:12:08','00000a1'),(1120,1,'2016-03-15 17:12:08','00000074'),(1121,1,'2016-03-15 17:12:34','00000a1'),(1122,1,'2016-03-15 17:12:34','00000074'),(1123,0,'2016-03-15 17:15:01','00000074'),(1124,0,'2016-03-16 07:56:28','00000a1'),(1125,0,'2016-03-16 07:56:28','00000a1'),(1126,0,'2016-03-16 07:56:28','00000a1'),(1127,0,'2016-03-16 07:56:28','00000a1'),(1128,1,'2016-03-16 07:56:38','00000a1'),(1129,1,'2016-03-16 07:56:38','00000a1'),(1130,0,'2016-03-16 07:59:36','00000a1'),(1131,0,'2016-03-16 07:59:36','00000a1'),(1132,1,'2016-03-16 10:24:33','00000074'),(1133,1,'2016-03-16 10:30:47','00000074'),(1134,1,'2016-03-16 10:30:53','00000074'),(1135,1,'2016-03-16 10:31:00','00000074'),(1136,0,'2016-03-16 10:38:03','00000074'),(1137,1,'2016-03-16 10:38:19','00000074'),(1138,0,'2016-03-16 10:41:43','00000074'),(1139,1,'2016-03-16 10:42:11','00000074'),(1140,0,'2016-03-16 10:47:42','00000074'),(1141,1,'2016-03-16 10:47:44','00000074'),(1142,1,'2016-03-16 11:11:55','00000074'),(1143,1,'2016-03-16 11:12:57','00000074'),(1144,1,'2016-03-16 11:14:13','00000074'),(1145,1,'2016-03-16 11:14:33','00000074'),(1146,1,'2016-03-16 11:26:17','00000074'),(1147,1,'2016-03-16 11:27:53','00000074'),(1148,1,'2016-03-16 11:30:50','00000074'),(1149,1,'2016-03-16 11:53:11','00000074'),(1150,1,'2016-03-16 11:53:47','00000074'),(1151,1,'2016-03-16 11:56:12','00000074'),(1152,1,'2016-03-16 11:57:37','00000074'),(1153,1,'2016-03-16 11:59:24','00000074'),(1154,0,'2016-03-16 12:03:53','00000074'),(1155,1,'2016-03-17 11:43:15','00000074'),(1156,0,'2016-03-17 11:43:51','00000074'),(1157,1,'2016-03-17 11:44:38','00000074'),(1158,0,'2016-03-17 11:57:53','00000074'),(1159,0,'2016-03-17 11:57:53','00000074'),(1160,1,'2016-03-17 11:58:04','00000074'),(1161,0,'2016-03-17 13:18:12','00000074'),(1162,0,'2016-03-17 13:18:12','00000074'),(1163,1,'2016-03-17 14:57:59','00000a1'),(1164,1,'2016-03-17 16:03:14','00000a1'),(1165,1,'2016-03-17 16:03:14','00000a1'),(1166,1,'2016-03-17 16:03:14','00000a1'),(1167,1,'2016-03-17 16:03:14','00000a1'),(1168,1,'2016-03-17 16:03:14','00000a1'),(1169,1,'2016-03-17 16:11:18','00000a1'),(1170,1,'2016-03-17 16:11:18','00000a1'),(1171,1,'2016-03-17 16:11:18','00000a1'),(1172,1,'2016-03-17 16:17:00','00000a1'),(1173,1,'2016-03-17 16:17:00','00000a1'),(1174,1,'2016-03-17 16:17:00','00000a1'),(1175,1,'2016-03-17 16:20:41','00000a1'),(1176,1,'2016-03-17 16:20:41','00000a1'),(1177,1,'2016-03-17 16:27:54','00000a1'),(1178,1,'2016-03-17 17:01:52','00000a1'),(1179,1,'2016-03-17 17:01:52','00000a1'),(1180,1,'2016-03-17 17:01:52','00000a1'),(1181,1,'2016-03-17 17:01:52','00000a1'),(1182,1,'2016-03-17 17:01:52','00000a1'),(1183,1,'2016-03-17 17:15:55','00000a1'),(1184,1,'2016-03-17 17:15:55','00000a1'),(1185,1,'2016-03-17 17:18:24','00000a1'),(1186,1,'2016-03-17 17:18:24','00000a1'),(1187,1,'2016-03-17 17:19:17','00000a1'),(1188,1,'2016-03-17 17:19:17','00000a1'),(1189,1,'2016-03-17 17:19:47','00000a1'),(1190,0,'2016-03-17 17:21:14','00000a1'),(1191,0,'2016-03-17 17:21:14','00000a1'),(1192,0,'2016-03-17 17:21:14','00000a1'),(1193,0,'2016-03-17 17:21:15','00000a1'),(1194,0,'2016-03-17 17:21:15','00000a1'),(1195,0,'2016-03-17 17:21:15','00000a1'),(1196,1,'2016-03-18 08:19:44','00000a1'),(1197,1,'2016-03-18 08:56:13','00000a1'),(1198,1,'2016-03-18 08:56:13','00000a1'),(1199,1,'2016-03-18 08:56:13','00000a1'),(1200,1,'2016-03-18 08:56:13','00000a1'),(1201,1,'2016-03-18 08:56:13','00000a1'),(1202,1,'2016-03-18 09:04:45','00000a1'),(1203,1,'2016-03-18 09:04:45','00000a1'),(1204,1,'2016-03-18 09:04:45','00000a1'),(1205,1,'2016-03-18 09:07:29','00000a1'),(1206,1,'2016-03-18 09:07:29','00000a1'),(1207,1,'2016-03-18 09:24:17','00000a1'),(1208,1,'2016-03-18 09:24:17','00000a1'),(1209,1,'2016-03-18 09:24:17','00000a1'),(1210,1,'2016-03-18 09:24:17','00000a1'),(1211,1,'2016-03-18 09:24:17','00000a1'),(1212,1,'2016-03-18 09:24:17','00000a1'),(1213,1,'2016-03-18 09:26:14','00000a1'),(1214,1,'2016-03-18 09:26:14','00000a1'),(1215,1,'2016-03-18 09:27:04','00000a1'),(1216,1,'2016-03-18 09:28:40','00000a1'),(1217,1,'2016-03-18 09:28:40','00000a1'),(1218,1,'2016-03-18 09:28:40','00000a1'),(1219,1,'2016-03-18 09:29:13','00000a1'),(1220,1,'2016-03-18 09:29:13','00000a1'),(1221,1,'2016-03-18 09:30:28','00000a1'),(1222,1,'2016-03-18 09:30:28','00000a1'),(1223,1,'2016-03-18 09:32:41','00000a1'),(1224,1,'2016-03-18 09:32:41','00000a1'),(1225,1,'2016-03-18 09:35:46','00000a1'),(1226,1,'2016-03-18 10:01:28','00000a1'),(1227,1,'2016-03-18 10:01:28','00000a1'),(1228,1,'2016-03-18 10:01:29','00000a1'),(1229,1,'2016-03-18 10:08:34','00000a1'),(1230,1,'2016-03-18 10:08:34','00000a1'),(1231,1,'2016-03-18 10:37:59','00000a1'),(1232,1,'2016-03-18 10:37:59','00000a1'),(1233,1,'2016-03-18 10:37:59','00000a1'),(1234,1,'2016-03-18 10:37:59','00000a1'),(1235,1,'2016-03-18 10:37:59','00000a1'),(1236,1,'2016-03-18 10:39:44','00000a1'),(1237,1,'2016-03-18 11:00:27','00000a1'),(1238,1,'2016-03-18 11:00:58','00000a1'),(1239,1,'2016-03-18 11:00:58','00000a1'),(1240,1,'2016-03-18 11:06:02','00000a1'),(1241,1,'2016-03-18 11:06:02','00000a1'),(1242,1,'2016-03-18 11:22:11','00000a1'),(1243,1,'2016-03-18 11:28:31','00000a1'),(1244,1,'2016-03-18 11:28:31','00000a1'),(1245,1,'2016-03-18 11:28:41','00000a1'),(1246,1,'2016-03-18 12:02:34','00000a1'),(1247,1,'2016-03-18 12:02:34','00000a1'),(1248,1,'2016-03-18 13:07:35','00000a1'),(1249,1,'2016-03-18 13:08:42','00000a1'),(1250,1,'2016-03-18 13:08:42','00000a1'),(1251,1,'2016-03-18 13:09:02','00000a1'),(1252,1,'2016-03-18 13:30:12','00000a1'),(1253,1,'2016-03-18 13:30:12','00000a1'),(1254,1,'2016-03-18 13:30:12','00000a1'),(1255,1,'2016-03-18 13:32:02','00000a1'),(1256,1,'2016-03-18 13:37:05','00000a1'),(1257,1,'2016-03-18 13:37:05','00000a1'),(1258,1,'2016-03-18 13:37:09','00000a1'),(1259,1,'2016-03-18 13:37:09','00000a1'),(1260,1,'2016-03-18 13:37:23','00000a1'),(1261,1,'2016-03-18 13:37:23','00000a1'),(1262,1,'2016-03-18 13:38:47','00000a1'),(1263,1,'2016-03-18 13:38:47','00000a1'),(1264,1,'2016-03-18 13:40:30','00000a1'),(1265,1,'2016-03-18 13:43:59','00000a1'),(1266,1,'2016-03-18 13:43:59','00000a1'),(1267,1,'2016-03-18 13:44:04','00000a1'),(1268,1,'2016-03-18 13:44:19','00000a1'),(1269,1,'2016-03-18 13:44:19','00000a1'),(1270,1,'2016-03-18 13:44:23','00000a1'),(1271,1,'2016-03-18 13:49:45','00000a1'),(1272,1,'2016-03-18 13:49:47','00000a1'),(1273,1,'2016-03-18 13:58:55','00000a1'),(1274,1,'2016-03-18 13:58:55','00000a1'),(1275,1,'2016-03-18 14:02:22','00000a1'),(1276,1,'2016-03-18 14:02:22','00000a1'),(1277,1,'2016-03-18 14:02:30','00000a1'),(1278,1,'2016-03-18 14:02:30','00000a1'),(1279,1,'2016-03-18 14:02:34','00000a1'),(1280,1,'2016-03-18 14:07:05','00000a1'),(1281,1,'2016-03-18 14:07:05','00000a1'),(1282,1,'2016-03-18 14:07:05','00000a1'),(1283,1,'2016-03-18 14:07:05','00000a1'),(1284,1,'2016-03-18 14:07:05','00000a1'),(1285,1,'2016-03-18 14:07:18','00000a1'),(1286,1,'2016-03-18 14:08:54','00000a1'),(1287,1,'2016-03-18 14:16:21','00000a1'),(1288,1,'2016-03-18 14:16:21','00000a1'),(1289,1,'2016-03-18 14:16:21','00000a1'),(1290,1,'2016-03-18 14:16:21','00000a1'),(1291,1,'2016-03-18 14:16:21','00000a1'),(1292,1,'2016-03-18 14:16:21','00000a1'),(1293,1,'2016-03-18 14:16:25','00000a1'),(1294,1,'2016-03-18 14:19:18','00000a1'),(1295,1,'2016-03-18 14:19:18','00000a1'),(1296,1,'2016-03-18 14:22:51','00000a1'),(1297,1,'2016-03-18 14:22:53','00000a1'),(1298,1,'2016-03-18 14:34:01','00000a1'),(1299,1,'2016-03-18 14:34:01','00000a1'),(1300,1,'2016-03-18 14:34:56','00000a1'),(1301,1,'2016-03-18 14:34:56','00000a1'),(1302,1,'2016-03-18 14:34:56','00000a1'),(1303,1,'2016-03-18 14:35:00','00000a1'),(1304,1,'2016-03-18 14:37:01','00000a1'),(1305,1,'2016-03-18 14:37:57','00000a1'),(1306,1,'2016-03-18 14:37:57','00000a1'),(1307,1,'2016-03-18 14:47:03','00000a1'),(1308,1,'2016-03-18 14:50:44','00000a1'),(1309,1,'2016-03-18 14:50:44','00000a1'),(1310,1,'2016-03-18 14:50:44','00000a1'),(1311,1,'2016-03-18 14:50:44','00000a1'),(1312,1,'2016-03-18 14:50:44','00000a1'),(1313,1,'2016-03-18 14:50:49','00000a1'),(1314,1,'2016-03-18 14:56:21','00000a1'),(1315,1,'2016-03-18 14:56:22','00000a1'),(1316,1,'2016-03-18 14:56:27','00000a1'),(1317,1,'2016-03-18 14:59:10','00000a1'),(1318,1,'2016-03-18 14:59:10','00000a1'),(1319,1,'2016-03-18 14:59:41','00000a1'),(1320,1,'2016-03-18 14:59:41','00000a1'),(1321,1,'2016-03-18 14:59:53','00000a1'),(1322,1,'2016-03-18 14:59:53','00000a1'),(1323,1,'2016-03-18 14:59:55','00000a1'),(1324,1,'2016-03-18 15:01:13','00000a1'),(1325,1,'2016-03-18 15:01:13','00000a1'),(1326,1,'2016-03-18 15:01:15','00000a1'),(1327,1,'2016-03-18 15:01:16','00000a1'),(1328,1,'2016-03-18 15:27:08','00000a1'),(1329,1,'2016-03-18 15:27:08','00000a1'),(1330,1,'2016-03-18 15:27:08','00000a1'),(1331,1,'2016-03-18 15:27:08','00000a1'),(1332,1,'2016-03-18 15:29:35','00000a1'),(1333,1,'2016-03-18 15:29:35','00000a1'),(1334,1,'2016-03-18 15:29:35','00000a1'),(1335,1,'2016-03-18 15:29:38','00000a1'),(1336,1,'2016-03-18 15:30:06','00000a1'),(1337,1,'2016-03-18 15:30:06','00000a1'),(1338,1,'2016-03-18 15:30:14','00000a1'),(1339,1,'2016-03-18 15:30:14','00000a1'),(1340,1,'2016-03-18 15:30:18','00000a1'),(1341,1,'2016-03-18 15:32:00','00000a1'),(1342,1,'2016-03-18 15:32:00','00000a1'),(1343,1,'2016-03-18 15:32:03','00000a1'),(1344,1,'2016-03-18 15:32:24','00000a1'),(1345,1,'2016-03-18 15:32:24','00000a1'),(1346,1,'2016-03-18 15:32:26','00000a1'),(1347,1,'2016-03-18 15:34:33','00000a1'),(1348,1,'2016-03-18 15:34:35','00000a1'),(1349,1,'2016-03-18 15:35:06','00000a1'),(1350,1,'2016-03-18 15:35:06','00000a1'),(1351,1,'2016-03-18 15:35:09','00000a1'),(1352,1,'2016-03-18 15:35:35','00000a1'),(1353,1,'2016-03-18 15:36:46','00000a1'),(1354,1,'2016-03-18 15:36:46','00000a1'),(1355,1,'2016-03-18 15:36:50','00000a1'),(1356,1,'2016-03-18 15:37:40','00000a1'),(1357,1,'2016-03-18 15:37:40','00000a1'),(1358,1,'2016-03-18 15:37:43','00000a1'),(1359,1,'2016-03-18 15:37:44','00000a1'),(1360,1,'2016-03-18 15:37:47','00000a1'),(1361,1,'2016-03-18 15:39:24','00000a1'),(1362,1,'2016-03-18 15:39:24','00000a1'),(1363,1,'2016-03-18 15:39:26','00000a1'),(1364,1,'2016-03-18 16:09:39','00000a1'),(1365,1,'2016-03-18 16:09:39','00000a1'),(1366,1,'2016-03-18 16:09:39','00000a1'),(1367,1,'2016-03-18 16:09:43','00000a1'),(1368,1,'2016-03-18 16:10:40','00000a1'),(1369,1,'2016-03-18 16:10:42','00000a1'),(1370,1,'2016-03-18 16:11:28','00000a1'),(1371,1,'2016-03-18 16:11:28','00000a1'),(1372,1,'2016-03-18 16:11:40','00000a1'),(1373,1,'2016-03-18 16:11:50','00000a1'),(1374,1,'2016-03-18 16:12:02','00000a1'),(1375,1,'2016-03-18 16:12:02','00000a1'),(1376,1,'2016-03-18 16:13:34','00000a1'),(1377,1,'2016-03-18 16:14:49','00000a1'),(1378,1,'2016-03-18 16:14:49','00000a1'),(1379,1,'2016-03-18 16:14:52','00000a1'),(1380,1,'2016-03-18 16:15:59','00000a1'),(1381,1,'2016-03-18 16:16:02','00000a1'),(1382,1,'2016-03-18 16:21:22','00000a1'),(1383,1,'2016-03-18 16:21:22','00000a1'),(1384,1,'2016-03-18 16:21:38','00000a1'),(1385,1,'2016-03-18 16:21:42','00000a1'),(1386,1,'2016-03-18 16:23:13','00000a1'),(1387,1,'2016-03-18 16:24:07','00000a1'),(1388,1,'2016-03-18 16:24:30','00000a1'),(1389,1,'2016-03-18 16:24:54','00000a1'),(1390,1,'2016-03-18 16:24:54','00000a1'),(1391,1,'2016-03-18 16:25:03','00000a1'),(1392,1,'2016-03-18 16:25:03','00000a1'),(1393,1,'2016-03-18 16:25:17','00000a1'),(1394,1,'2016-03-18 16:26:53','00000a1'),(1395,1,'2016-03-18 16:26:54','00000a1'),(1396,1,'2016-03-18 16:46:38','00000a1'),(1397,1,'2016-03-18 16:46:38','00000a1'),(1398,1,'2016-03-18 16:46:43','00000a1'),(1399,1,'2016-03-18 16:47:47','00000a1'),(1400,1,'2016-03-18 16:47:52','00000a1'),(1401,1,'2016-03-18 16:51:08','00000a1'),(1402,1,'2016-03-18 16:51:10','00000a1'),(1403,1,'2016-03-18 16:56:51','00000074'),(1404,0,'2016-03-18 16:58:28','00000074'),(1405,1,'2016-03-18 16:59:40','00000a1'),(1406,1,'2016-03-18 16:59:40','00000a1'),(1407,1,'2016-03-18 16:59:42','00000a1'),(1408,1,'2016-03-18 17:01:05','00000a1'),(1409,1,'2016-03-18 17:01:05','00000a1'),(1410,1,'2016-03-18 17:01:09','00000a1'),(1411,1,'2016-03-18 17:02:02','00000a1'),(1412,1,'2016-03-18 17:02:03','00000a1'),(1413,1,'2016-03-18 17:03:01','00000a1'),(1414,1,'2016-03-18 17:03:02','00000a1'),(1415,1,'2016-03-18 17:03:50','00000a1'),(1416,1,'2016-03-18 17:04:41','00000a1'),(1417,1,'2016-03-18 17:04:41','00000a1'),(1418,1,'2016-03-18 17:05:51','00000a1'),(1419,0,'2016-03-18 17:07:25','00000a1'),(1420,0,'2016-03-18 17:07:25','00000a1'),(1421,0,'2016-03-18 17:07:25','00000a1'),(1422,0,'2016-03-18 17:07:26','00000a1'),(1423,0,'2016-03-18 17:07:26','00000a1'),(1424,0,'2016-03-18 17:07:26','00000a1'),(1425,0,'2016-03-18 17:07:32','00000a1'),(1426,0,'2016-03-18 17:07:32','00000a1'),(1427,0,'2016-03-18 17:07:32','00000a1'),(1428,0,'2016-03-18 17:07:32','00000a1'),(1429,0,'2016-03-18 17:07:32','00000a1'),(1430,0,'2016-03-18 17:07:32','00000a1'),(1431,0,'2016-03-18 17:07:33','00000a1'),(1432,0,'2016-03-18 17:07:33','00000a1'),(1433,0,'2016-03-18 17:07:32','00000a1'),(1434,0,'2016-03-18 17:07:33','00000a1'),(1435,0,'2016-03-18 17:07:33','00000a1'),(1436,0,'2016-03-18 17:07:33','00000a1'),(1437,1,'2016-03-19 14:25:38','00000a1'),(1438,1,'2016-03-19 14:59:05','00000a1'),(1439,1,'2016-03-19 14:59:05','00000a1'),(1440,1,'2016-03-19 14:59:05','00000a1'),(1441,1,'2016-03-19 14:59:05','00000a1'),(1442,1,'2016-03-19 14:59:05','00000a1'),(1443,1,'2016-03-19 14:59:05','00000a1'),(1444,1,'2016-03-19 15:01:00','00000a1'),(1445,1,'2016-03-19 15:01:25','00000a1'),(1446,1,'2016-03-19 15:07:26','00000a1'),(1447,0,'2016-03-19 18:29:41','00000a1'),(1448,0,'2016-03-19 18:29:41','00000a1'),(1449,0,'2016-03-19 18:29:42','00000a1'),(1450,1,'2016-03-19 18:29:50','00000a1'),(1451,1,'2016-03-19 18:29:50','00000a1'),(1452,1,'2016-03-19 18:30:11','00000a1'),(1453,1,'2016-03-19 18:30:11','00000a1'),(1454,1,'2016-03-19 18:30:11','00000a1'),(1455,1,'2016-03-19 18:30:11','00000a1'),(1456,1,'2016-03-19 18:30:11','00000a1'),(1457,1,'2016-03-19 18:30:11','00000a1'),(1458,1,'2016-03-19 18:30:15','00000a1'),(1459,1,'2016-03-19 18:30:15','00000a1'),(1460,1,'2016-03-19 18:30:15','00000a1'),(1461,1,'2016-03-19 18:30:15','00000a1'),(1462,1,'2016-03-19 18:30:15','00000a1'),(1463,1,'2016-03-19 18:30:15','00000a1'),(1464,1,'2016-03-19 18:30:22','00000a1'),(1465,1,'2016-03-19 18:30:22','00000a1'),(1466,1,'2016-03-19 18:30:22','00000a1'),(1467,1,'2016-03-19 18:30:22','00000a1'),(1468,1,'2016-03-19 18:30:22','00000a1'),(1469,1,'2016-03-19 18:30:22','00000a1'),(1470,1,'2016-03-19 18:30:43','00000a1'),(1471,1,'2016-03-19 18:30:43','00000a1'),(1472,1,'2016-03-19 18:30:53','00000a1'),(1473,1,'2016-03-19 18:30:53','00000a1'),(1474,1,'2016-03-19 18:31:19','00000a1'),(1475,1,'2016-03-19 18:31:22','00000a1'),(1476,1,'2016-03-19 18:31:42','00000a1'),(1477,1,'2016-03-19 18:32:27','00000a1'),(1478,0,'2016-03-19 20:23:34','00000a1'),(1479,1,'2016-03-19 20:25:26','00000a1'),(1480,0,'2016-03-20 12:34:32','00000a1'),(1481,0,'2016-03-20 12:34:32','00000a1'),(1482,1,'2016-03-20 12:34:56','00000a1'),(1483,1,'2016-03-20 13:28:08','00000a1'),(1484,1,'2016-03-20 13:28:08','00000a1'),(1485,1,'2016-03-20 13:28:08','00000a1'),(1486,1,'2016-03-20 13:28:08','00000a1'),(1487,1,'2016-03-20 13:28:08','00000a1'),(1488,1,'2016-03-20 13:28:09','00000a1'),(1489,1,'2016-03-20 13:28:14','00000a1'),(1490,1,'2016-03-20 13:28:14','00000a1'),(1491,1,'2016-03-20 13:30:55','00000a1'),(1492,1,'2016-03-20 13:33:25','00000a1'),(1493,1,'2016-03-20 13:44:27','00000a1'),(1494,1,'2016-03-20 13:44:29','00000a1'),(1495,0,'2016-03-20 14:28:41','00000a1'),(1496,0,'2016-03-20 14:28:41','00000a1'),(1497,0,'2016-03-20 14:28:41','00000a1'),(1498,1,'2016-03-20 14:54:15','00000a1'),(1499,1,'2016-03-20 15:21:35','00000a1'),(1500,1,'2016-03-20 15:43:03','00000a1'),(1501,1,'2016-03-20 15:43:09','00000a1'),(1502,1,'2016-03-20 15:48:12','00000a1'),(1503,1,'2016-03-20 15:48:57','00000a1'),(1504,1,'2016-03-20 15:48:57','00000a1'),(1505,1,'2016-03-20 16:27:39','00000a1'),(1506,1,'2016-03-20 16:27:39','00000a1'),(1507,1,'2016-03-20 16:27:58','00000a1'),(1508,1,'2016-03-20 16:29:59','00000a1'),(1509,1,'2016-03-20 16:29:59','00000a1'),(1510,1,'2016-03-20 16:30:24','00000a1'),(1511,1,'2016-03-20 16:31:28','00000a1'),(1512,1,'2016-03-20 16:32:09','00000a1'),(1513,1,'2016-03-20 16:32:09','00000a1'),(1514,1,'2016-03-20 16:32:39','00000a1'),(1515,1,'2016-03-20 16:33:13','00000a1'),(1516,1,'2016-03-20 16:33:13','00000a1'),(1517,1,'2016-03-20 16:33:54','00000a1'),(1518,1,'2016-03-20 16:33:54','00000a1'),(1519,1,'2016-03-20 16:34:50','00000a1'),(1520,1,'2016-03-20 16:34:50','00000a1'),(1521,1,'2016-03-20 16:35:22','00000a1'),(1522,1,'2016-03-20 16:35:22','00000a1'),(1523,1,'2016-03-20 16:35:44','00000a1'),(1524,1,'2016-03-20 16:36:25','00000a1'),(1525,0,'2016-03-20 17:04:35','00000a1'),(1526,0,'2016-03-20 17:04:35','00000a1'),(1527,1,'2016-03-20 17:05:20','00000a1'),(1528,1,'2016-03-20 17:17:15','00000a1'),(1529,1,'2016-03-20 17:17:15','00000a1'),(1530,1,'2016-03-20 17:17:17','00000a1'),(1531,1,'2016-03-20 17:24:56','00000a1'),(1532,1,'2016-03-20 17:24:56','00000a1'),(1533,1,'2016-03-20 17:26:47','00000a1'),(1534,1,'2016-03-20 17:26:49','00000a1'),(1535,1,'2016-03-20 17:26:52','00000a1'),(1536,1,'2016-03-20 17:27:29','00000a1'),(1537,1,'2016-03-20 17:32:17','00000a1'),(1538,1,'2016-03-20 17:32:17','00000a1'),(1539,1,'2016-03-20 17:33:05','00000a1'),(1540,1,'2016-03-20 17:33:08','00000a1'),(1541,1,'2016-03-20 17:34:17','00000a1'),(1542,1,'2016-03-20 17:34:17','00000a1'),(1543,1,'2016-03-20 17:36:38','00000a1'),(1544,0,'2016-03-20 18:29:07','00000a1'),(1545,0,'2016-03-20 18:29:07','00000a1'),(1546,0,'2016-03-20 18:29:07','00000a1'),(1547,0,'2016-03-20 18:29:07','00000a1'),(1548,1,'2016-03-20 18:36:12','00000a1'),(1549,1,'2016-03-20 18:58:36','00000a1'),(1550,1,'2016-03-20 18:58:36','00000a1'),(1551,1,'2016-03-20 18:58:36','00000a1'),(1552,1,'2016-03-20 18:58:36','00000a1'),(1553,1,'2016-03-20 18:58:37','00000a1'),(1554,1,'2016-03-20 18:58:37','00000a1'),(1555,1,'2016-03-20 18:58:41','00000a1'),(1556,1,'2016-03-20 19:02:00','00000a1'),(1557,1,'2016-03-20 19:02:00','00000a1'),(1558,1,'2016-03-20 19:02:00','00000a1'),(1559,1,'2016-03-20 19:02:00','00000a1'),(1560,1,'2016-03-20 19:02:02','00000a1'),(1561,1,'2016-03-20 19:02:02','00000a1'),(1562,1,'2016-03-20 19:02:11','00000a1'),(1563,1,'2016-03-20 19:02:11','00000a1'),(1564,1,'2016-03-20 19:02:38','00000a1'),(1565,1,'2016-03-20 19:02:38','00000a1'),(1566,1,'2016-03-20 19:03:16','00000a1'),(1567,1,'2016-03-20 19:03:40','00000a1'),(1568,1,'2016-03-20 19:04:01','00000a1'),(1569,1,'2016-03-20 19:07:16','00000a1'),(1570,1,'2016-03-20 19:07:17','00000a1'),(1571,1,'2016-03-20 19:09:51','00000a1'),(1572,1,'2016-03-20 19:09:52','00000a1'),(1573,1,'2016-03-20 19:13:12','00000a1'),(1574,1,'2016-03-20 19:13:47','00000a1'),(1575,1,'2016-03-20 19:13:47','00000a1'),(1576,1,'2016-03-20 19:13:49','00000a1'),(1577,1,'2016-03-20 19:14:57','00000a1'),(1578,1,'2016-03-20 19:15:03','00000a1'),(1579,1,'2016-03-20 19:16:22','00000a1'),(1580,1,'2016-03-20 19:16:22','00000a1'),(1581,1,'2016-03-20 19:16:26','00000a1'),(1582,1,'2016-03-20 19:17:23','00000a1'),(1583,1,'2016-03-21 08:22:57','00000a1'),(1584,1,'2016-03-21 08:23:53','00000a1'),(1585,1,'2016-03-21 08:23:53','00000a1'),(1586,1,'2016-03-21 08:23:59','00000a1'),(1587,1,'2016-03-21 08:24:58','00000a1'),(1588,1,'2016-03-21 08:24:58','00000a1'),(1589,1,'2016-03-21 08:25:20','00000a1'),(1590,1,'2016-03-21 08:26:08','00000a1'),(1591,1,'2016-03-21 08:26:08','00000a1'),(1592,1,'2016-03-21 08:26:24','00000a1'),(1593,1,'2016-03-21 08:30:00','00000a1'),(1594,1,'2016-03-21 08:31:26','00000a1'),(1595,1,'2016-03-21 08:33:22','00000a1'),(1596,1,'2016-03-21 08:33:22','00000a1'),(1597,1,'2016-03-21 08:33:22','00000a1'),(1598,1,'2016-03-21 08:34:38','00000a1'),(1599,1,'2016-03-21 08:34:38','00000a1'),(1600,1,'2016-03-21 08:41:26','00000a1'),(1601,1,'2016-03-21 08:41:26','00000a1'),(1602,1,'2016-03-21 08:41:27','00000a1'),(1603,1,'2016-03-21 08:42:12','00000a1'),(1604,1,'2016-03-21 08:42:12','00000a1'),(1605,1,'2016-03-21 08:42:17','00000a1'),(1606,1,'2016-03-21 08:42:56','00000a1'),(1607,1,'2016-03-21 08:42:56','00000a1'),(1608,1,'2016-03-21 08:49:11','00000a1'),(1609,1,'2016-03-21 08:51:56','00000a1'),(1610,1,'2016-03-21 08:51:56','00000a1'),(1611,1,'2016-03-21 08:51:59','00000a1'),(1612,1,'2016-03-21 08:52:06','00000a1'),(1613,1,'2016-03-21 08:56:03','00000a1'),(1614,1,'2016-03-21 08:56:03','00000a1'),(1615,1,'2016-03-21 08:56:10','00000a1'),(1616,1,'2016-03-21 09:19:27','00000a1'),(1617,1,'2016-03-21 09:19:27','00000a1'),(1618,1,'2016-03-21 09:19:27','00000a1'),(1619,1,'2016-03-21 09:19:27','00000a1'),(1620,1,'2016-03-21 09:24:09','00000a1'),(1621,1,'2016-03-21 09:39:48','00000a1'),(1622,1,'2016-03-21 09:39:48','00000a1'),(1623,1,'2016-03-21 09:39:48','00000a1'),(1624,1,'2016-03-21 09:39:48','00000a1'),(1625,1,'2016-03-21 09:39:48','00000a1'),(1626,1,'2016-03-21 09:46:19','00000a1'),(1627,1,'2016-03-21 10:19:28','00000074'),(1628,1,'2016-03-21 10:42:02','00000a1'),(1629,1,'2016-03-21 10:42:02','00000a1'),(1630,1,'2016-03-21 10:42:02','00000a1'),(1631,1,'2016-03-21 10:42:02','00000074'),(1632,1,'2016-03-21 10:42:02','00000a1'),(1633,1,'2016-03-21 10:42:02','00000a1'),(1634,1,'2016-03-21 10:42:02','00000a1'),(1635,1,'2016-03-21 10:42:02','00000074'),(1636,0,'2016-03-21 10:43:10','00000a1'),(1637,0,'2016-03-21 10:43:10','00000a1'),(1638,0,'2016-03-21 10:43:10','00000a1'),(1639,0,'2016-03-21 10:43:10','00000a1'),(1640,0,'2016-03-21 10:43:10','00000a1'),(1641,0,'2016-03-21 10:43:10','00000a1'),(1642,0,'2016-03-21 10:43:11','00000a1'),(1643,0,'2016-03-21 10:43:11','00000a1'),(1644,0,'2016-03-21 10:43:11','00000a1'),(1645,0,'2016-03-21 10:43:11','00000a1'),(1646,1,'2016-03-21 10:43:17','00000074'),(1647,1,'2016-03-21 10:43:54','00000a1'),(1648,1,'2016-03-21 10:44:07','00000074'),(1649,1,'2016-03-21 10:44:07','00000a1'),(1650,1,'2016-03-21 10:45:05','00000074'),(1651,1,'2016-03-21 10:45:05','00000a1'),(1652,1,'2016-03-21 10:45:07','00000074'),(1653,1,'2016-03-21 10:45:07','00000a1'),(1654,1,'2016-03-21 10:46:30','00000a1'),(1655,1,'2016-03-21 10:46:31','00000074'),(1656,1,'2016-03-21 10:46:31','00000a1'),(1657,1,'2016-03-21 10:46:40','00000074'),(1658,1,'2016-03-21 10:46:40','00000a1'),(1659,1,'2016-03-21 10:46:41','00000074'),(1660,1,'2016-03-21 10:46:41','00000a1'),(1661,1,'2016-03-21 10:48:50','00000a1'),(1662,1,'2016-03-21 10:48:50','00000a1'),(1663,1,'2016-03-21 10:48:51','00000074'),(1664,1,'2016-03-21 10:49:49','00000a1'),(1665,1,'2016-03-21 10:49:49','00000074'),(1666,1,'2016-03-21 10:49:52','00000a1'),(1667,1,'2016-03-21 10:49:53','00000074'),(1668,1,'2016-03-21 10:49:54','00000074'),(1669,1,'2016-03-21 10:49:54','00000a1'),(1670,1,'2016-03-21 10:51:20','00000a1'),(1671,1,'2016-03-21 10:51:20','00000074'),(1672,1,'2016-03-21 10:51:32','00000a1'),(1673,1,'2016-03-21 10:51:32','00000a1'),(1674,1,'2016-03-21 10:51:32','00000074'),(1675,1,'2016-03-21 10:51:32','00000074'),(1676,1,'2016-03-21 10:51:32','00000a1'),(1677,1,'2016-03-21 10:54:11','00000a1'),(1678,1,'2016-03-21 10:54:11','00000a1'),(1679,1,'2016-03-21 10:54:11','00000074'),(1680,1,'2016-03-21 10:54:12','00000074'),(1681,1,'2016-03-21 10:54:13','00000a1'),(1682,1,'2016-03-21 10:54:45','00000074'),(1683,1,'2016-03-21 10:54:45','00000a1'),(1684,1,'2016-03-21 10:56:19','00000074'),(1685,1,'2016-03-21 10:56:20','00000a1'),(1686,1,'2016-03-21 10:57:39','00000a1'),(1687,1,'2016-03-21 10:57:39','00000a1'),(1688,1,'2016-03-21 10:57:39','00000a1'),(1689,1,'2016-03-21 10:58:50','00000a1'),(1690,1,'2016-03-21 10:58:51','00000a1'),(1691,1,'2016-03-21 11:16:46','00000a1'),(1692,1,'2016-03-21 11:16:46','00000a1'),(1693,1,'2016-03-21 11:19:31','00000a1'),(1694,1,'2016-03-21 11:19:31','00000a1'),(1695,1,'2016-03-21 11:19:32','00000a1'),(1696,1,'2016-03-21 11:19:43','00000a1'),(1697,1,'2016-03-21 11:19:44','00000a1'),(1698,1,'2016-03-21 11:19:57','00000a1'),(1699,1,'2016-03-21 11:19:57','00000a1'),(1700,1,'2016-03-21 11:20:00','00000a1'),(1701,1,'2016-03-21 11:20:03','00000a1'),(1702,1,'2016-03-21 11:21:59','00000a1'),(1703,1,'2016-03-21 11:25:24','00000a1'),(1704,1,'2016-03-21 11:33:18','00000a1'),(1705,1,'2016-03-21 11:33:44','00000a1'),(1706,1,'2016-03-21 11:33:44','00000a1'),(1707,1,'2016-03-21 11:33:47','00000a1'),(1708,1,'2016-03-21 11:34:23','00000a1'),(1709,1,'2016-03-21 11:34:23','00000a1'),(1710,1,'2016-03-21 11:34:25','00000a1'),(1711,1,'2016-03-21 11:34:52','00000a1'),(1712,1,'2016-03-21 11:34:54','00000a1'),(1713,1,'2016-03-21 11:35:25','00000a1'),(1714,1,'2016-03-21 11:35:25','00000a1'),(1715,1,'2016-03-21 11:35:28','00000a1'),(1716,1,'2016-03-21 11:40:35','00000a1'),(1717,1,'2016-03-21 11:40:35','00000a1'),(1718,1,'2016-03-21 11:40:56','00000a1'),(1719,1,'2016-03-21 11:40:57','00000a1'),(1720,1,'2016-03-21 11:41:25','00000a1'),(1721,1,'2016-03-21 11:42:19','00000a1'),(1722,1,'2016-03-21 11:42:19','00000a1'),(1723,1,'2016-03-21 11:42:34','00000a1'),(1724,1,'2016-03-21 11:42:34','00000a1'),(1725,1,'2016-03-21 11:42:39','00000a1'),(1726,1,'2016-03-21 11:43:23','00000a1'),(1727,1,'2016-03-21 11:43:23','00000a1'),(1728,1,'2016-03-21 11:43:26','00000a1'),(1729,1,'2016-03-21 11:47:36','00000a1'),(1730,1,'2016-03-21 11:54:18','00000a1'),(1731,1,'2016-03-21 11:54:19','00000a1'),(1732,1,'2016-03-21 11:54:31','00000a1'),(1733,1,'2016-03-21 11:55:32','00000a1'),(1734,1,'2016-03-21 11:55:32','00000a1'),(1735,1,'2016-03-21 11:55:58','00000a1'),(1736,1,'2016-03-21 11:56:01','00000a1'),(1737,1,'2016-03-21 11:58:05','00000a1'),(1738,1,'2016-03-21 11:58:08','00000a1'),(1739,1,'2016-03-21 11:58:11','00000a1'),(1740,1,'2016-03-21 12:02:53','00000a1'),(1741,1,'2016-03-21 12:02:54','00000a1'),(1742,1,'2016-03-21 12:06:46','00000a1'),(1743,1,'2016-03-21 12:08:29','00000a1'),(1744,1,'2016-03-21 12:09:01','00000a1'),(1745,1,'2016-03-21 12:10:37','00000a1'),(1746,1,'2016-03-21 13:05:29','00000a1'),(1747,1,'2016-03-21 13:08:06','00000a1'),(1748,1,'2016-03-21 13:08:42','00000a1'),(1749,1,'2016-03-21 13:08:42','00000a1'),(1750,1,'2016-03-21 13:08:45','00000a1'),(1751,1,'2016-03-21 13:09:14','00000a1'),(1752,1,'2016-03-21 13:09:14','00000a1'),(1753,1,'2016-03-21 13:09:17','00000a1'),(1754,1,'2016-03-21 13:09:44','00000a1'),(1755,1,'2016-03-21 13:09:44','00000a1'),(1756,1,'2016-03-21 13:09:45','00000a1'),(1757,1,'2016-03-21 13:33:23','00000a1'),(1758,1,'2016-03-21 13:33:23','00000a1'),(1759,1,'2016-03-21 13:33:25','00000a1'),(1760,1,'2016-03-21 13:37:09','00000a1'),(1761,1,'2016-03-21 13:40:51','00000a1'),(1762,1,'2016-03-21 13:42:00','00000a1'),(1763,1,'2016-03-21 13:42:00','00000a1'),(1764,1,'2016-03-21 13:42:02','00000a1'),(1765,1,'2016-03-21 13:44:45','00000a1'),(1766,1,'2016-03-21 13:44:45','00000a1'),(1767,1,'2016-03-21 13:44:46','00000a1'),(1768,1,'2016-03-21 13:45:39','00000a1'),(1769,1,'2016-03-21 13:47:58','00000a1'),(1770,1,'2016-03-21 13:47:58','00000a1'),(1771,1,'2016-03-21 13:48:07','00000a1'),(1772,1,'2016-03-21 13:48:31','00000a1'),(1773,1,'2016-03-21 13:48:31','00000a1'),(1774,1,'2016-03-21 13:48:51','00000a1'),(1775,1,'2016-03-21 13:48:51','00000a1'),(1776,1,'2016-03-21 13:49:35','00000a1'),(1777,1,'2016-03-21 13:58:54','00000a1'),(1778,1,'2016-03-21 14:08:32','00000a1'),(1779,1,'2016-03-21 14:09:40','00000a1'),(1780,1,'2016-03-21 14:09:40','00000a1'),(1781,1,'2016-03-21 14:09:44','00000a1'),(1782,1,'2016-03-21 14:11:20','00000a1'),(1783,1,'2016-03-21 14:11:20','00000a1'),(1784,1,'2016-03-21 14:11:25','00000a1'),(1785,1,'2016-03-21 14:19:39','00000a1'),(1786,1,'2016-03-21 14:20:58','00000a1'),(1787,1,'2016-03-21 14:20:58','00000a1'),(1788,1,'2016-03-21 14:21:04','00000a1'),(1789,1,'2016-03-21 14:21:04','00000a1'),(1790,1,'2016-03-21 14:21:19','00000a1'),(1791,1,'2016-03-21 14:23:12','00000a1'),(1792,1,'2016-03-21 14:24:32','00000a1'),(1793,1,'2016-03-21 14:24:32','00000a1'),(1794,1,'2016-03-21 14:24:34','00000a1'),(1795,1,'2016-03-21 14:28:42','00000a1'),(1796,1,'2016-03-21 14:28:42','00000a1'),(1797,1,'2016-03-21 14:28:42','00000a1'),(1798,1,'2016-03-21 14:28:42','00000a1'),(1799,1,'2016-03-21 14:28:42','00000a1'),(1800,1,'2016-03-21 14:28:59','00000a1'),(1801,1,'2016-03-21 14:28:59','00000a1'),(1802,1,'2016-03-21 14:29:03','00000a1'),(1803,1,'2016-03-21 14:30:03','00000a1'),(1804,1,'2016-03-21 14:30:03','00000a1'),(1805,1,'2016-03-21 14:30:05','00000a1'),(1806,1,'2016-03-21 15:11:35','00000074'),(1807,0,'2016-03-21 15:16:04','00000074'),(1808,1,'2016-03-21 15:44:57','00000074'),(1809,0,'2016-03-21 15:46:40','00000074'),(1810,1,'2016-03-21 15:53:43','00000074'),(1811,0,'2016-03-21 15:57:35','00000074');
/*!40000 ALTER TABLE `TurnOnOffTag` ENABLE KEYS */;
UNLOCK TABLES;

--
-- Table structure for table `VerticesBuilding`
--

DROP TABLE IF EXISTS `VerticesBuilding`;
/*!40101 SET @saved_cs_client     = @@character_set_client */;
/*!40101 SET character_set_client = utf8 */;
CREATE TABLE `VerticesBuilding` (
  `id` int(11) NOT NULL AUTO_INCREMENT,
  `x` double DEFAULT NULL,
  `y` double DEFAULT NULL,
  `Building_id` int(11) NOT NULL,
  `LoadLandscape_id` varchar(20) COLLATE utf8_unicode_ci,
  PRIMARY KEY (`id`),
  KEY `VerticesBuilding_Building_id_d879b0ef_fk_Building_id` (`Building_id`),
  KEY `VerticesBuilding_5813e371` (`LoadLandscape_id`),
  CONSTRAINT `VerticesBuilding_Building_id_d879b0ef_fk_Building_id` FOREIGN KEY (`Building_id`) REFERENCES `Building` (`id`),
  CONSTRAINT `Vertices_LoadLandscape_id_229363ff_fk_LoadLandscape_landscape_id` FOREIGN KEY (`LoadLandscape_id`) REFERENCES `LoadLandscape` (`landscape_id`)
) ENGINE=InnoDB AUTO_INCREMENT=653 DEFAULT CHARSET=utf8 COLLATE=utf8_unicode_ci;
/*!40101 SET character_set_client = @saved_cs_client */;

--
-- Dumping data for table `VerticesBuilding`
--

LOCK TABLES `VerticesBuilding` WRITE;
/*!40000 ALTER TABLE `VerticesBuilding` DISABLE KEYS */;
INSERT INTO `VerticesBuilding` VALUES (473,28.3962502847297,30.3492684757354,187,'0003'),(474,62.4128003745457,-3.54874435306579,187,'0003'),(475,49.473466256913,51.5001889291749,187,'0003'),(476,83.4900163467291,17.6021761003737,187,'0003'),(477,29.6094211600652,-22.3725465809267,188,'0003'),(478,21.6007042344721,24.9778586015115,188,'0003'),(479,0.167708794863048,-27.3522366010893,188,'0003'),(480,-7.84100813073012,19.9981685813489,188,'0003'),(613,-25.1665100266247,40.6651115372033,222,'0001'),(614,82.5761748166353,40.6651115372033,222,'0001'),(615,-25.1665100266247,77.5596201776309,222,'0001'),(616,82.5761748166352,77.5596201776309,222,'0001'),(645,42.0920912593098,11.1001695125332,230,'0002'),(646,90.1150162072754,11.1001695125332,230,'0002'),(647,42.0920912593098,40.9600160719606,230,'0002'),(648,90.1150162072754,40.9600160719607,230,'0002'),(649,42.0920912593098,11.1001695125332,231,'0000'),(650,90.1150162072754,11.1001695125332,231,'0000'),(651,42.0920912593098,40.9600160719606,231,'0000'),(652,90.1150162072754,40.9600160719607,231,'0000');
/*!40000 ALTER TABLE `VerticesBuilding` ENABLE KEYS */;
UNLOCK TABLES;

--
-- Table structure for table `VerticesExcludeZone`
--

DROP TABLE IF EXISTS `VerticesExcludeZone`;
/*!40101 SET @saved_cs_client     = @@character_set_client */;
/*!40101 SET character_set_client = utf8 */;
CREATE TABLE `VerticesExcludeZone` (
  `id` int(11) NOT NULL AUTO_INCREMENT,
  `xCoord` double NOT NULL,
  `yCoord` double NOT NULL,
  `zmin` double DEFAULT NULL,
  `zmax` double DEFAULT NULL,
  `ExcludeZone_id` int(11) NOT NULL,
  PRIMARY KEY (`id`),
  KEY `VerticesExcludeZone_ExcludeZone_id_8a14e27a_fk_ExcludeZone_id` (`ExcludeZone_id`),
  CONSTRAINT `VerticesExcludeZone_ExcludeZone_id_8a14e27a_fk_ExcludeZone_id` FOREIGN KEY (`ExcludeZone_id`) REFERENCES `ExcludeZone` (`id`)
) ENGINE=InnoDB AUTO_INCREMENT=76 DEFAULT CHARSET=utf8 COLLATE=utf8_unicode_ci;
/*!40101 SET character_set_client = @saved_cs_client */;

--
-- Dumping data for table `VerticesExcludeZone`
--

LOCK TABLES `VerticesExcludeZone` WRITE;
/*!40000 ALTER TABLE `VerticesExcludeZone` DISABLE KEYS */;
INSERT INTO `VerticesExcludeZone` VALUES (41,82.7668092327338,23.9619841349484,6,9.13288902607323,11),(42,49.4767024444752,24.3732922450817,6,9.13288902607323,11),(43,50.3437624003742,26.6860102046191,6,9.13288902607323,11),(44,83.0516522309441,27.0376984035305,6,9.13288902607323,11),(49,85.2382459232301,22.6895968853612,6,9.13288902607323,13),(50,85.3636873961156,29.1784102820966,6,9.13288902607323,13),(51,89.9544712435134,22.3282926616121,6,9.13288902607323,13),(56,50.05894412192,22.2693595796666,6,9.13288902607323,15),(57,82.2447905717938,21.5682286570482,6,9.13288902607323,15),(58,82.5258206500501,19.5529267286466,6,9.13288902607323,15),(59,50.6791023694609,19.1333743446287,6,9.13288902607323,15),(60,42.0756269584413,21.9690856126209,6,9.18000030517578,16),(61,45.2070011882475,21.7671905239314,6,9.18000030517578,16),(62,49.6395584561542,19.6932236722171,6,9.18000030517578,16),(63,50.182492333873,11.1891358798556,6,9.18000030517578,16),(64,39.4711877099889,11.4248193935333,6,9.18000030517578,16),(68,46.0635141115825,40.5960567462911,6,9.18000030517578,18),(69,47.386526617808,31.4811876678937,6,9.18000030517578,18),(70,42.5750352734652,31.6815360463386,6,9.18000030517578,18),(71,42.7373743968941,40.1357849255143,6,9.18000030517578,18);
/*!40000 ALTER TABLE `VerticesExcludeZone` ENABLE KEYS */;
UNLOCK TABLES;

--
-- Table structure for table `VerticesFloor`
--

DROP TABLE IF EXISTS `VerticesFloor`;
/*!40101 SET @saved_cs_client     = @@character_set_client */;
/*!40101 SET character_set_client = utf8 */;
CREATE TABLE `VerticesFloor` (
  `id` int(11) NOT NULL AUTO_INCREMENT,
  `x` double DEFAULT NULL,
  `y` double DEFAULT NULL,
  `Floor_id` int(11) NOT NULL,
  `LoadLandscape_id` varchar(20) COLLATE utf8_unicode_ci,
  PRIMARY KEY (`id`),
  KEY `VerticesFloor_Floor_id_43ad5632_fk_Floor_id` (`Floor_id`),
  KEY `VerticesFloor_5813e371` (`LoadLandscape_id`),
  CONSTRAINT `VerticesFloor_Floor_id_43ad5632_fk_Floor_id` FOREIGN KEY (`Floor_id`) REFERENCES `Floor` (`id`),
  CONSTRAINT `Vertices_LoadLandscape_id_20a3a0d4_fk_LoadLandscape_landscape_id` FOREIGN KEY (`LoadLandscape_id`) REFERENCES `LoadLandscape` (`landscape_id`)
) ENGINE=InnoDB AUTO_INCREMENT=4631 DEFAULT CHARSET=utf8 COLLATE=utf8_unicode_ci;
/*!40101 SET character_set_client = @saved_cs_client */;

--
-- Dumping data for table `VerticesFloor`
--

LOCK TABLES `VerticesFloor` WRITE;
/*!40000 ALTER TABLE `VerticesFloor` DISABLE KEYS */;
INSERT INTO `VerticesFloor` VALUES (3161,59.5490500106853,-2.48960197191304,513,'0003'),(3162,80.6197804265912,18.6548102460412,513,'0003'),(3163,31.2721002999232,25.6888112276592,513,'0003'),(3164,34.0357506184477,39.9160383143428,513,'0003'),(3165,36.2551456656517,37.7651463260518,513,'0003'),(3166,36.723622149006,31.1593963909138,513,'0003'),(3167,48.7223914913206,50.4410465480221,513,'0003'),(3168,41.0013821618175,46.9060278308056,513,'0003'),(3169,43.2339247548486,44.6630173641593,513,'0003'),(3170,59.5480697877622,-2.49711029768469,514,'0003'),(3171,80.6245486949256,18.6530705133075,514,'0003'),(3172,31.2613802759055,25.6910087627576,514,'0003'),(3173,34.0253743832261,39.9225260619493,514,'0003'),(3174,36.2455317095475,37.7708910298156,514,'0003'),(3175,36.7143894026039,31.163086404458,514,'0003'),(3176,48.7161729231384,50.4502553660441,514,'0003'),(3177,40.992906281792,46.914422578921,514,'0003'),(3178,43.2262185122662,44.670640178494,514,'0003'),(3179,59.5480697858092,-2.49711030852455,515,'0003'),(3180,80.6245486929726,18.6530705024676,515,'0003'),(3181,31.2613802546663,25.6910087711367,515,'0003'),(3182,34.0253743580808,39.9225260742209,515,'0003'),(3183,36.2455316858953,37.7708910405994,515,'0003'),(3184,36.7143893813647,31.1630864128372,515,'0003'),(3185,48.7161728994298,50.4502553768839,515,'0003'),(3186,40.9929062566467,46.9144225911926,515,'0003'),(3187,43.2262184886498,44.670640189242,515,'0003'),(3188,22.2749248982146,24.314690766502,516,'0003'),(3189,-7.15770820663596,19.3365363873919,516,'0003'),(3190,28.9323335124617,-15.0462953038493,516,'0003'),(3191,18.4206079042994,-25.0240388669705,516,'0003'),(3192,17.862793838957,-21.9841554902009,516,'0003'),(3193,21.3173795322234,-16.3342676156843,516,'0003'),(3194,0.352081712070937,-25.0640334903384,516,'0003'),(3195,8.69067099595124,-26.6697335574933,516,'0003'),(3196,8.17564679885626,-23.5472202978776,516,'0003'),(3197,22.2713003332094,24.3129133118121,517,'0003'),(3198,-7.16936366958967,19.3334006087747,517,'0003'),(3199,28.9310021011362,-15.0616307050721,517,'0003'),(3200,18.4165048282287,-25.0426674991101,517,'0003'),(3201,17.8585016616951,-22.0017365163254,517,'0003'),(3202,21.3139703279229,-16.3499544490797,517,'0003'),(3203,0.343013006725625,-25.0824631071577,517,'0003'),(3204,8.68391303915409,-26.688811228836,517,'0003'),(3205,8.16871052882099,-23.5652225695011,517,'0003'),(3206,22.2712909212219,24.3129146456436,518,'0003'),(3207,-7.16938847930263,19.3333993382774,518,'0003'),(3208,28.9309926950602,-15.061629406192,518,'0003'),(3209,18.4164892187482,-25.0426672567378,518,'0003'),(3210,17.8584860295532,-22.0017362750029,518,'0003'),(3211,21.3139569380726,-16.3499538240041,518,'0003'),(3212,0.34298820368112,-25.0824644170813,518,'0003'),(3213,8.68389233944274,-26.6888118474113,518,'0003'),(3214,8.16868983530829,-23.5652231841779,518,'0003'),(4310,-23.0454846086219,40.6651115372033,610,'0001'),(4311,-13.1145674823129,40.6651115372033,610,'0001'),(4312,-23.0454846086219,64.2105994224548,610,'0001'),(4313,-13.1145674823129,64.2105994224548,610,'0001'),(4314,-23.0454846086219,77.5381328123164,610,'0001'),(4315,-13.1145674823129,77.5381328123164,610,'0001'),(4316,-25.1665100266247,40.6651115372033,610,'0001'),(4317,-25.1665100266247,64.2105994224548,610,'0001'),(4318,-23.0454846086219,42.9405463594355,610,'0001'),(4319,-13.1145674823129,42.9405463594355,610,'0001'),(4320,-6.83307371249701,40.6651115372033,610,'0001'),(4321,-6.83307371249701,64.2105994224548,610,'0001'),(4322,-13.1145674823129,65.1045213054275,610,'0001'),(4323,-6.83307371249701,65.1045213054275,610,'0001'),(4324,0.101040207191356,64.2105994224548,610,'0001'),(4325,0.101040207191356,65.1045213054275,610,'0001'),(4326,-6.83307371249701,67.1361556530695,610,'0001'),(4327,0.101040207191356,67.1361556530695,610,'0001'),(4328,0.101040207191359,40.6651115372033,610,'0001'),(4329,0.101040207191356,64.2105994224548,610,'0001'),(4330,6.62726156775083,40.6651115372033,610,'0001'),(4331,6.62726156775083,64.2105994224548,610,'0001'),(4332,0.101040207191355,72.7434725861554,610,'0001'),(4333,6.62726156775083,72.7434725861554,610,'0001'),(4334,-3.65154055095134,40.6651115372033,610,'0001'),(4335,-3.65154055095134,42.9405463594355,610,'0001'),(4336,6.62726156775083,40.6651115372033,610,'0001'),(4337,6.62726156775083,42.9405463594355,610,'0001'),(4338,-3.65154055095134,40.8276418892989,610,'0001'),(4339,6.62726156775083,40.8276418892989,610,'0001'),(4340,15.7639734587175,40.6651115372033,610,'0001'),(4341,15.7639734587175,42.9405463594355,610,'0001'),(4342,6.62726156775083,64.2320917342162,610,'0001'),(4343,15.7639734587175,64.2320917342162,610,'0001'),(4344,6.62726156775083,72.0335733670397,610,'0001'),(4345,15.7639734587175,72.0335733670397,610,'0001'),(4346,25.4717329462812,64.2320917342162,610,'0001'),(4347,25.4717329462812,72.0335733670397,610,'0001'),(4348,15.7639734587175,75.2841903018455,610,'0001'),(4349,25.4717329462812,75.2841903018455,610,'0001'),(4350,36.9741978459944,72.0335733670397,610,'0001'),(4351,36.9741978459944,75.2841903018455,610,'0001'),(4352,25.4717329462812,64.2320917342162,610,'0001'),(4353,36.9741978459944,64.2320917342162,610,'0001'),(4354,36.9741978459944,40.6651115372033,610,'0001'),(4355,36.9741978459944,64.2320917342162,610,'0001'),(4356,47.252994999238,40.6651115372033,610,'0001'),(4357,47.252994999238,64.2320917342162,610,'0001'),(4358,36.9741978459944,72.0335733670397,610,'0001'),(4359,47.252994999238,72.0335733670397,610,'0001'),(4360,47.0082972012458,40.6651115372033,610,'0001'),(4361,47.0082972012458,42.9405463594355,610,'0001'),(4362,58.5107323082075,40.6651115372033,610,'0001'),(4363,58.5107323082075,42.9405463594355,610,'0001'),(4364,47.0082972012458,40.6651115372033,610,'0001'),(4365,58.5107323082075,40.6651115372033,610,'0001'),(4366,54.0239439505411,40.6651115372033,610,'0001'),(4367,54.0239439505411,64.2320917342162,610,'0001'),(4368,47.252994999238,73.0087604260602,610,'0001'),(4369,54.0239439505411,73.0087604260602,610,'0001'),(4370,68.5447820088733,40.6651115372033,610,'0001'),(4371,68.5447820088732,64.2320917342162,610,'0001'),(4372,68.5448316634589,40.6651115372033,610,'0001'),(4373,68.5448316634589,42.9405463594355,610,'0001'),(4374,80.2104317388059,40.6651115372033,610,'0001'),(4375,80.2104317388059,42.9405463594355,610,'0001'),(4376,80.2920142229985,40.6651115372033,610,'0001'),(4377,80.2920142229985,64.2320917342162,610,'0001'),(4378,68.5447820088732,75.2841903018455,610,'0001'),(4379,80.2920142229985,75.2841903018455,610,'0001'),(4380,68.5447820088732,77.5596201776309,610,'0001'),(4381,80.2920142229985,77.5596201776309,610,'0001'),(4382,82.5761748166353,40.6651115372033,610,'0001'),(4383,82.5761748166352,64.2320917342162,610,'0001'),(4384,61.9008494876156,64.2320917342162,610,'0001'),(4385,61.9008494876156,40.6651115372033,610,'0001'),(4386,54.0239439505411,67.0086609843354,610,'0001'),(4387,61.9008494876156,67.0086609843354,610,'0001'),(4577,90.1150162072754,11.1001695125332,632,'0002'),(4578,90.1150162072754,40.9508270015986,632,'0002'),(4579,50.1949859225526,11.1001695125332,632,'0002'),(4580,42.1099951905966,23.1286632434994,632,'0002'),(4581,45.200334590447,23.1717084511863,632,'0002'),(4582,50.1949859225526,18.8232767944851,632,'0002'),(4583,45.0838248898134,40.9508270015986,632,'0002'),(4584,42.1099951905966,32.9967920312514,632,'0002'),(4585,45.2746713318689,32.9838665285271,632,'0002'),(4586,90.1136521723125,11.101213098499,633,'0002'),(4587,90.1136521723125,40.9600160719607,633,'0002'),(4588,50.1798676354683,11.101213098499,633,'0002'),(4589,42.0920912593098,23.1329890991449,633,'0002'),(4590,45.183495420558,23.176046052773,633,'0002'),(4591,50.1798676354683,18.8264278197888,633,'0002'),(4592,45.0669455770742,40.9600160719606,633,'0002'),(4593,42.0920912593098,33.003810647989,633,'0002'),(4594,45.2578577743424,32.9908816182241,633,'0002'),(4595,90.1136521723125,11.101213098499,634,'0002'),(4596,90.1136521723125,40.9600160719607,634,'0002'),(4597,50.1798678532879,11.101213098499,634,'0002'),(4598,42.0920915212443,23.1329890991449,634,'0002'),(4599,45.1834956656304,23.176046052773,634,'0002'),(4600,50.1798678532879,18.8264278197888,634,'0002'),(4601,45.0669458227823,40.9600160719606,634,'0002'),(4602,42.0920915212443,33.003810647989,634,'0002'),(4603,45.2578580190092,32.9908816182241,634,'0002'),(4604,90.1150162072754,11.1001695125332,635,'0000'),(4605,90.1150162072754,40.9508270015986,635,'0000'),(4606,50.1949859225526,11.1001695125332,635,'0000'),(4607,42.1099951905966,23.1286632434994,635,'0000'),(4608,45.200334590447,23.1717084511863,635,'0000'),(4609,50.1949859225526,18.8232767944851,635,'0000'),(4610,45.0838248898134,40.9508270015986,635,'0000'),(4611,42.1099951905966,32.9967920312514,635,'0000'),(4612,45.2746713318689,32.9838665285271,635,'0000'),(4613,90.1136521723125,11.101213098499,636,'0000'),(4614,90.1136521723125,40.9600160719607,636,'0000'),(4615,50.1798676354683,11.101213098499,636,'0000'),(4616,42.0920912593098,23.1329890991449,636,'0000'),(4617,45.183495420558,23.176046052773,636,'0000'),(4618,50.1798676354683,18.8264278197888,636,'0000'),(4619,45.0669455770742,40.9600160719606,636,'0000'),(4620,42.0920912593098,33.003810647989,636,'0000'),(4621,45.2578577743424,32.9908816182241,636,'0000'),(4622,90.1136521723125,11.101213098499,637,'0000'),(4623,90.1136521723125,40.9600160719607,637,'0000'),(4624,50.1798678532879,11.101213098499,637,'0000'),(4625,42.0920915212443,23.1329890991449,637,'0000'),(4626,45.1834956656304,23.176046052773,637,'0000'),(4627,50.1798678532879,18.8264278197888,637,'0000'),(4628,45.0669458227823,40.9600160719606,637,'0000'),(4629,42.0920915212443,33.003810647989,637,'0000'),(4630,45.2578580190092,32.9908816182241,637,'0000');
/*!40000 ALTER TABLE `VerticesFloor` ENABLE KEYS */;
UNLOCK TABLES;

--
-- Table structure for table `VerticesIncomeZone`
--

DROP TABLE IF EXISTS `VerticesIncomeZone`;
/*!40101 SET @saved_cs_client     = @@character_set_client */;
/*!40101 SET character_set_client = utf8 */;
CREATE TABLE `VerticesIncomeZone` (
  `id` int(11) NOT NULL AUTO_INCREMENT,
  `xCoord` double NOT NULL,
  `yCoord` double NOT NULL,
  `IncomeZone_id` int(11) NOT NULL,
  `zmax` double DEFAULT NULL,
  `zmin` double DEFAULT NULL,
  PRIMARY KEY (`id`),
  KEY `VerticesIncomeZone_IncomeZone_id_b9f7ac83_fk_IncomeZone_id` (`IncomeZone_id`),
  CONSTRAINT `VerticesIncomeZone_IncomeZone_id_b9f7ac83_fk_IncomeZone_id` FOREIGN KEY (`IncomeZone_id`) REFERENCES `IncomeZone` (`id`)
) ENGINE=InnoDB AUTO_INCREMENT=189 DEFAULT CHARSET=utf8 COLLATE=utf8_unicode_ci;
/*!40101 SET character_set_client = @saved_cs_client */;

--
-- Dumping data for table `VerticesIncomeZone`
--

LOCK TABLES `VerticesIncomeZone` WRITE;
/*!40000 ALTER TABLE `VerticesIncomeZone` DISABLE KEYS */;
INSERT INTO `VerticesIncomeZone` VALUES (94,37.3886999712195,29.1464888966523,42,9,0.010000229813152),(95,49.7434374501228,28.9267761961353,42,9,0.010000229813152),(96,50.1933588777832,19.2654028058301,42,9,0.010000229813152),(97,34.8483030231468,19.1227526431017,42,9,0.010000229813152),(98,74.990614110723,36.4853113667993,43,9,0.010000229813152),(99,61.5246806513501,35.9221500064818,43,9,0.010000229813152),(100,64.4759576418848,45.5416131676091,43,9,0.010000229813152),(101,76.8173036431152,45.0521812368131,43,9,0.010000229813152),(108,63.3055849955301,10.7877403157369,45,9,0.010000229813152),(109,67.4387940619149,14.7692912803671,45,9,0.010000229813152),(110,72.9534035179954,14.8307848850344,45,9,0.010000229813152),(111,73.7259356643317,11.9468461226929,45,9,0.010000229813152),(112,72.1518922999029,7.52930720052983,45,9,0.010000229813152),(113,65.4481085981486,6.17638997593953,45,9,0.010000229813152),(114,62.2844966963719,9.73815729498565,45,9,0.010000229813152),(126,83.9360881350219,26.597945428548,49,9.18000030517578,6),(127,87.6222670056021,30.2156451811999,49,9.18000030517578,6),(128,93.3652013320922,30.2908401600222,49,9.18000030517578,6),(129,96.5888044029415,25.3686623933035,49,9.18000030517578,6),(130,92.1835843054015,20.2645414365431,49,9.18000030517578,6),(131,85.0287508814508,21.4837546274249,49,9.18000030517578,6),(136,59.1459025392183,34.8634573521604,51,5.99000112874821,2.9800007343292),(137,58.7386722457201,31.4483900140436,51,5.99000112874821,2.9800007343292),(138,50.6248502525785,31.3967130716644,51,5.99000112874821,2.9800007343292),(139,51.1625190182271,35.3897974283501,51,5.99000112874821,2.9800007343292),(160,41.6008135741474,34.6501969777992,57,9.13288902607323,6),(161,51.4811442329159,33.4930100282094,57,9.13288902607323,6),(162,51.0898153737638,26.4786880599875,57,9.13288902607323,6),(163,46.3513986300647,23.0740213204868,57,9.13288902607323,6),(164,46.7970467501509,22.5116710662488,57,9.13288902607323,6),(165,43.015563505552,22.5373963214073,57,9.13288902607323,6),(166,69.8736839718478,29.7234953210312,58,9.13288902607323,6),(167,74.7123645276651,29.521240842591,58,9.13288902607323,6),(168,74.4790061086024,27.6722821510418,58,9.13288902607323,6),(169,68.5542799003635,27.8530636591971,58,9.13288902607323,6),(170,38.5905286706075,33.2935116808279,59,9.18000030517578,6),(171,50.1566804141197,35.5317142790094,59,9.18000030517578,6),(172,52.4731065862115,26.7531911261889,59,9.18000030517578,6),(173,46.5482214119734,21.8240377203247,59,9.18000030517578,6),(174,38.1904255353443,23.1258841830816,59,9.18000030517578,6),(183,84.1218565326747,27.5658235472578,62,9.13288902607323,6),(184,94.6270459506916,29.3359159140238,62,9.13288902607323,6),(185,96.4923592458528,20.2069606585285,62,9.13288902607323,6),(186,91.3516051248127,15.5029973843729,62,9.13288902607323,6),(187,80.7053806598422,16.0896123329295,62,9.13288902607323,6),(188,80.7744584237477,23.8112560760301,62,9.13288902607323,6);
/*!40000 ALTER TABLE `VerticesIncomeZone` ENABLE KEYS */;
UNLOCK TABLES;

--
-- Table structure for table `VerticesKabinet_n_Outer`
--

DROP TABLE IF EXISTS `VerticesKabinet_n_Outer`;
/*!40101 SET @saved_cs_client     = @@character_set_client */;
/*!40101 SET character_set_client = utf8 */;
CREATE TABLE `VerticesKabinet_n_Outer` (
  `id` int(11) NOT NULL AUTO_INCREMENT,
  `x` double DEFAULT NULL,
  `y` double DEFAULT NULL,
  `Kabinet_n_Outer_id` int(11) NOT NULL,
  `LoadLandscape_id` varchar(20) COLLATE utf8_unicode_ci,
  PRIMARY KEY (`id`),
  KEY `VerticesKabine_Kabinet_n_Outer_id_1cde99a6_fk_Kabinet_n_Outer_id` (`Kabinet_n_Outer_id`),
  KEY `VerticesKabinet_n_Outer_5813e371` (`LoadLandscape_id`),
  CONSTRAINT `VerticesKabine_Kabinet_n_Outer_id_1cde99a6_fk_Kabinet_n_Outer_id` FOREIGN KEY (`Kabinet_n_Outer_id`) REFERENCES `Kabinet_n_Outer` (`id`),
  CONSTRAINT `Vertices_LoadLandscape_id_8c6271ec_fk_LoadLandscape_landscape_id` FOREIGN KEY (`LoadLandscape_id`) REFERENCES `LoadLandscape` (`landscape_id`)
) ENGINE=InnoDB AUTO_INCREMENT=3169 DEFAULT CHARSET=utf8 COLLATE=utf8_unicode_ci;
/*!40101 SET character_set_client = @saved_cs_client */;

--
-- Dumping data for table `VerticesKabinet_n_Outer`
--

LOCK TABLES `VerticesKabinet_n_Outer` WRITE;
/*!40000 ALTER TABLE `VerticesKabinet_n_Outer` DISABLE KEYS */;
INSERT INTO `VerticesKabinet_n_Outer` VALUES (1959,59.3825028385819,22.9778280382357,863,'0003'),(1960,72.210552999975,10.194479703638,863,'0003'),(1961,67.7753326201422,31.4000065329342,863,'0003'),(1962,80.6033827815353,18.6166581983366,863,'0003'),(1963,59.3825028385819,22.9778280382357,863,'0003'),(1964,72.210552999975,10.194479703638,863,'0003'),(1965,67.7753326201422,31.4000065329342,863,'0003'),(1966,80.6033827815353,18.6166581983366,863,'0003'),(1967,36.0189785180179,33.0050105176586,865,'0003'),(1968,64.0968509334371,2.17495274366651,865,'0003'),(1969,41.7382428855458,42.3124973243623,865,'0003'),(1970,73.0252212526323,11.1345444966463,865,'0003'),(1971,35.6982300969129,30.4746130823839,865,'0003'),(1972,35.6982300969129,30.4746130823839,865,'0003'),(1973,35.836817569227,30.3365085449746,865,'0003'),(1974,36.4207576438333,36.9764174783223,865,'0003'),(1975,35.9560935446983,31.8646118356339,865,'0003'),(1976,36.1948351116235,34.8144432130626,865,'0003'),(1977,-23.1256889416829,-18.1769593397915,868,'0003'),(1978,-28.0812071199799,23.2271647671088,868,'0003'),(1979,-33.1867168641726,-22.4331330457479,868,'0003'),(1980,-40.5527939369935,21.117754973347,868,'0003'),(1981,-21.3951530245894,-16.3031836557126,868,'0003'),(1982,-21.3951530245894,-16.3031836557126,868,'0003'),(1983,-21.4277814871534,-16.1102724893869,868,'0003'),(1984,-25.7589919301352,-21.1768281383521,868,'0003'),(1985,-22.4122602442477,-17.2850608286929,868,'0003'),(1986,-24.3195997150982,-19.5479257171884,868,'0003'),(1987,7.64005429484192,3.4726441750319,870,'0003'),(1988,4.61987130363582,21.3290486012784,870,'0003'),(1989,-4.08346234281657,1.48976090799892,870,'0003'),(1990,-7.10364533402268,19.3461653342454,870,'0003'),(1991,7.64005429484192,3.4726441750319,870,'0003'),(1992,4.61987130363582,21.3290486012784,870,'0003'),(1993,-4.08346234281657,1.48976090799892,870,'0003'),(1994,-7.10364533402268,19.3461653342454,870,'0003'),(2685,-23.1999887228012,75.1000008195785,1051,'0001'),(2686,-13.9999922064297,77.5000031770766,1051,'0001'),(2687,-23.1999887228012,76.3923084883439,1051,'0001'),(2688,-21.9999894380569,77.5000031770766,1051,'0001'),(2689,-13.0999947428703,75.1000008195785,1051,'0001'),(2690,-22.4799891519547,77.056925080307,1051,'0001'),(2691,-13.0999947428703,76.5769244241918,1051,'0001'),(2692,-22.2399892550058,77.2784639440762,1051,'0001'),(2693,-22.8999816481585,63.9999982507542,1052,'0001'),(2694,-17.299991673758,63.9999982507542,1052,'0001'),(2695,-22.8999816481585,74.3999999385126,1052,'0001'),(2696,-17.299991673758,74.4000003463558,1052,'0001'),(2697,-16.2465596944094,64.1024851735725,1053,'0001'),(2698,-13.4495313810399,64.1024851735725,1053,'0001'),(2699,-16.2465596944094,67.6903920918703,1053,'0001'),(2700,-13.4495313810399,67.6903920918703,1053,'0001'),(2701,-16.5133153716625,64.1253316106597,1054,'0001'),(2702,-13.4982773065567,64.1253316106597,1054,'0001'),(2703,-16.5133153716626,74.5512999892235,1054,'0001'),(2704,-13.4982773065567,74.5512999892235,1054,'0001'),(2705,-17.2618510632906,64.1253316106597,1054,'0001'),(2706,-17.2618510632906,74.5512999892235,1054,'0001'),(2707,-16.5133153716625,64.1253316106597,1054,'0001'),(2708,-17.2618510632906,64.1253316106597,1054,'0001'),(2709,-24.1906621456146,54.1329130967147,1055,'0001'),(2710,-19.1829566508103,54.1329130967147,1055,'0001'),(2711,-24.1906621456146,62.450353602856,1055,'0001'),(2712,-19.1829566508103,62.450353602856,1055,'0001'),(2713,-22.7369442697538,64.110872587862,1055,'0001'),(2714,-19.1829566508103,64.110872587862,1055,'0001'),(2715,-23.0112300708944,54.1329130967147,1055,'0001'),(2716,-19.1829566508103,54.1329130967147,1055,'0001'),(2717,-16.2794052065169,54.1083532545802,1056,'0001'),(2718,-13.1744368934135,54.1083532545802,1056,'0001'),(2719,-16.2794052065169,60.2517219620547,1056,'0001'),(2720,-13.1744368934135,60.2517219620547,1056,'0001'),(2721,-19.1490401029587,60.2744743120272,1057,'0001'),(2722,-16.3870888593469,60.2744743120272,1057,'0001'),(2723,-19.1490401029587,64.1250532865524,1057,'0001'),(2724,-16.3870888593469,64.1250532865524,1057,'0001'),(2725,-19.1490401029587,54.0965175672221,1057,'0001'),(2726,-16.3870888593469,54.0965175672221,1057,'0001'),(2727,-10.535719326643,60.2744743120272,1057,'0001'),(2728,-10.535719326643,64.1250532865524,1057,'0001'),(2729,-22.8926921405487,43.2593716823478,1058,'0001'),(2730,-17.5585667639554,43.2593716823478,1058,'0001'),(2731,-22.8926921405487,54.0949559211731,1058,'0001'),(2732,-17.5585667639555,54.0949559211731,1058,'0001'),(2733,-17.5165036916733,45.7949217208891,1059,'0001'),(2734,-13.1521034450365,45.7949217208891,1059,'0001'),(2735,-17.5165036916733,54.0305937323005,1059,'0001'),(2736,-13.1521034450365,54.0305937323005,1059,'0001'),(2737,-17.4664070606232,43.192820250988,1060,'0001'),(2738,-13.1605422571133,43.192820250988,1060,'0001'),(2739,-17.4664070606232,45.1639311686158,1060,'0001'),(2740,-13.1605422571133,45.1639311686158,1060,'0001'),(3049,59.2199926376343,28.9999864845323,1103,'0002'),(3050,77.3300118539482,28.9999864845323,1103,'0002'),(3051,59.2199926376343,40.8900084495544,1103,'0002'),(3052,77.3300118539482,40.8900084495544,1103,'0002'),(3053,59.2199926376343,28.9999864845323,1103,'0002'),(3054,77.3300118539482,28.9999864845323,1103,'0002'),(3055,59.2199926376343,40.8900084495544,1103,'0002'),(3056,77.3300118539482,40.8900084495544,1103,'0002'),(3057,45.6934001370315,27.1075552867008,1105,'0002'),(3058,50.3104977064345,27.1075552867008,1105,'0002'),(3059,45.6934001370315,29.2941486542094,1105,'0002'),(3060,50.3104977064345,29.2941486542094,1105,'0002'),(3061,82.7505923560494,27.1075552867008,1105,'0002'),(3062,82.7505923560494,29.2941486542094,1105,'0002'),(3063,85.1358375543953,27.1075552867008,1105,'0002'),(3064,85.1358375543953,29.2941486542094,1105,'0002'),(3065,82.7505923560494,24.0740567833489,1105,'0002'),(3066,85.1358375543953,24.0740567833489,1105,'0002'),(3067,82.7505923560494,22.6372280554559,1105,'0002'),(3068,85.1358375543953,22.6372280554559,1105,'0002'),(3069,82.7505923560494,19.7633703160598,1105,'0002'),(3070,85.1358375543953,19.7633703160598,1105,'0002'),(3071,90.0655009627502,22.6372280554559,1105,'0002'),(3072,90.0655009627502,19.7633703160598,1105,'0002'),(3073,50.2575190001476,24.0740567833489,1105,'0002'),(3074,50.2575190001476,22.6372280554559,1105,'0002'),(3075,82.7505923560494,22.1051157383811,1105,'0002'),(3076,50.2575190001476,22.1051157383811,1105,'0002'),(3077,45.6934001370315,24.1272762620286,1105,'0002'),(3078,50.3104977064345,24.1272762620286,1105,'0002'),(3079,45.6934001370315,22.9033725744095,1105,'0002'),(3080,50.3104977064345,22.9033725744095,1105,'0002'),(3081,47.9726594956674,21.0407173287463,1105,'0002'),(3082,50.3104977064345,19.124695337043,1105,'0002'),(3083,90.0154205540215,24.0504321833427,1107,'0002'),(3084,84.1734250589247,24.0504327527777,1107,'0002'),(3085,90.0154203580416,22.039817758137,1107,'0002'),(3086,84.1734248629447,22.039818327572,1107,'0002'),(3087,81.8332639139054,24.0504329808794,1107,'0002'),(3088,81.8332637179254,22.0398185556737,1107,'0002'),(3089,84.1734256514729,30.1295542306057,1107,'0002'),(3090,81.8332645064536,30.1295544587074,1107,'0002'),(3091,84.1734258893602,32.5701079487928,1107,'0002'),(3092,81.8332647443409,32.5701081768945,1107,'0002'),(3093,60.8602403602706,30.1295565030043,1107,'0002'),(3094,60.8602405981579,32.5701102211914,1107,'0002'),(3095,58.431772096861,30.1295567397136,1107,'0002'),(3096,58.4317723347483,32.5701104579007,1107,'0002'),(3097,60.8602397763724,24.1391786677289,1107,'0002'),(3098,58.4317715129628,24.1391789044382,1107,'0002'),(3099,60.8602395644415,21.9649192123776,1107,'0002'),(3100,58.4317713010319,21.9649194490869,1107,'0002'),(3101,81.7890818536367,24.1391766277386,1107,'0002'),(3102,81.7890816417058,21.9649171723873,1107,'0002'),(3103,48.36051715308,30.1295577213858,1107,'0002'),(3104,48.3605173909673,32.5701114395729,1107,'0002'),(3105,45.7969428098332,30.1295579712643,1107,'0002'),(3106,45.7969430477204,32.5701116894514,1107,'0002'),(3107,48.3605177317795,36.0666002997526,1107,'0002'),(3108,45.7969433885326,36.0666005496311,1107,'0002'),(3109,59.2199926376343,28.9999864845323,1109,'0000'),(3110,77.3300118539482,28.9999864845323,1109,'0000'),(3111,59.2199926376343,40.8900084495544,1109,'0000'),(3112,77.3300118539482,40.8900084495544,1109,'0000'),(3113,59.2199926376343,28.9999864845323,1109,'0000'),(3114,77.3300118539482,28.9999864845323,1109,'0000'),(3115,59.2199926376343,40.8900084495544,1109,'0000'),(3116,77.3300118539482,40.8900084495544,1109,'0000'),(3117,45.6934001370315,27.1075552867008,1111,'0000'),(3118,50.3104977064345,27.1075552867008,1111,'0000'),(3119,45.6934001370315,29.2941486542094,1111,'0000'),(3120,50.3104977064345,29.2941486542094,1111,'0000'),(3121,82.7505923560494,27.1075552867008,1111,'0000'),(3122,82.7505923560494,29.2941486542094,1111,'0000'),(3123,85.1358375543953,27.1075552867008,1111,'0000'),(3124,85.1358375543953,29.2941486542094,1111,'0000'),(3125,82.7505923560494,24.0740567833489,1111,'0000'),(3126,85.1358375543953,24.0740567833489,1111,'0000'),(3127,82.7505923560494,22.6372280554559,1111,'0000'),(3128,85.1358375543953,22.6372280554559,1111,'0000'),(3129,82.7505923560494,19.7633703160598,1111,'0000'),(3130,85.1358375543953,19.7633703160598,1111,'0000'),(3131,90.0655009627502,22.6372280554559,1111,'0000'),(3132,90.0655009627502,19.7633703160598,1111,'0000'),(3133,50.2575190001476,24.0740567833489,1111,'0000'),(3134,50.2575190001476,22.6372280554559,1111,'0000'),(3135,82.7505923560494,22.1051157383811,1111,'0000'),(3136,50.2575190001476,22.1051157383811,1111,'0000'),(3137,45.6934001370315,24.1272762620286,1111,'0000'),(3138,50.3104977064345,24.1272762620286,1111,'0000'),(3139,45.6934001370315,22.9033725744095,1111,'0000'),(3140,50.3104977064345,22.9033725744095,1111,'0000'),(3141,47.9726594956674,21.0407173287463,1111,'0000'),(3142,50.3104977064345,19.124695337043,1111,'0000'),(3143,90.0154205540215,24.0504321833427,1113,'0000'),(3144,84.1734250589247,24.0504327527777,1113,'0000'),(3145,90.0154203580416,22.039817758137,1113,'0000'),(3146,84.1734248629447,22.039818327572,1113,'0000'),(3147,81.8332639139054,24.0504329808794,1113,'0000'),(3148,81.8332637179254,22.0398185556737,1113,'0000'),(3149,84.1734256514729,30.1295542306057,1113,'0000'),(3150,81.8332645064536,30.1295544587074,1113,'0000'),(3151,84.1734258893602,32.5701079487928,1113,'0000'),(3152,81.8332647443409,32.5701081768945,1113,'0000'),(3153,60.8602403602706,30.1295565030043,1113,'0000'),(3154,60.8602405981579,32.5701102211914,1113,'0000'),(3155,58.431772096861,30.1295567397136,1113,'0000'),(3156,58.4317723347483,32.5701104579007,1113,'0000'),(3157,60.8602397763724,24.1391786677289,1113,'0000'),(3158,58.4317715129628,24.1391789044382,1113,'0000'),(3159,60.8602395644415,21.9649192123776,1113,'0000'),(3160,58.4317713010319,21.9649194490869,1113,'0000'),(3161,81.7890818536367,24.1391766277386,1113,'0000'),(3162,81.7890816417058,21.9649171723873,1113,'0000'),(3163,48.36051715308,30.1295577213858,1113,'0000'),(3164,48.3605173909673,32.5701114395729,1113,'0000'),(3165,45.7969428098332,30.1295579712643,1113,'0000'),(3166,45.7969430477204,32.5701116894514,1113,'0000'),(3167,48.3605177317795,36.0666002997526,1113,'0000'),(3168,45.7969433885326,36.0666005496311,1113,'0000');
/*!40000 ALTER TABLE `VerticesKabinet_n_Outer` ENABLE KEYS */;
UNLOCK TABLES;

--
-- Table structure for table `Wall`
--

DROP TABLE IF EXISTS `Wall`;
/*!40101 SET @saved_cs_client     = @@character_set_client */;
/*!40101 SET character_set_client = utf8 */;
CREATE TABLE `Wall` (
  `id` int(11) NOT NULL AUTO_INCREMENT,
  `WallName` varchar(200) COLLATE utf8_unicode_ci DEFAULT NULL,
  `dae_WallName` varchar(200) COLLATE utf8_unicode_ci NOT NULL,
  `Kabinet_n_Outer_id` int(11) NOT NULL,
  `LoadLandscape_id` varchar(20) COLLATE utf8_unicode_ci NOT NULL,
  `maxx` double,
  `maxy` double,
  `maxz` double,
  `minx` double,
  `miny` double,
  `minz` double,
  PRIMARY KEY (`id`),
  KEY `Wall_Kabinet_n_Outer_id_47ea6cfd_fk_Kabinet_n_Outer_id` (`Kabinet_n_Outer_id`),
  KEY `Wall_LoadLandscape_id_71a26a26_fk_LoadLandscape_landscape_id` (`LoadLandscape_id`),
  CONSTRAINT `Wall_Kabinet_n_Outer_id_47ea6cfd_fk_Kabinet_n_Outer_id` FOREIGN KEY (`Kabinet_n_Outer_id`) REFERENCES `Kabinet_n_Outer` (`id`),
  CONSTRAINT `Wall_LoadLandscape_id_71a26a26_fk_LoadLandscape_landscape_id` FOREIGN KEY (`LoadLandscape_id`) REFERENCES `LoadLandscape` (`landscape_id`)
) ENGINE=InnoDB AUTO_INCREMENT=5410 DEFAULT CHARSET=utf8 COLLATE=utf8_unicode_ci;
/*!40101 SET character_set_client = @saved_cs_client */;

--
-- Dumping data for table `Wall`
--

LOCK TABLES `Wall` WRITE;
/*!40000 ALTER TABLE `Wall` DISABLE KEYS */;
INSERT INTO `Wall` VALUES (4564,NULL,'wall_001',863,'0003',NULL,NULL,NULL,NULL,NULL,NULL),(4565,NULL,'wall_015',863,'0003',NULL,NULL,NULL,NULL,NULL,NULL),(4566,NULL,'wall_016',863,'0003',NULL,NULL,NULL,NULL,NULL,NULL),(4567,NULL,'wall_017',863,'0003',NULL,NULL,NULL,NULL,NULL,NULL),(4568,NULL,'wall_000',863,'0003',NULL,NULL,NULL,NULL,NULL,NULL),(4569,NULL,'wall_018',863,'0003',NULL,NULL,NULL,NULL,NULL,NULL),(4570,NULL,'wall_019',863,'0003',NULL,NULL,NULL,NULL,NULL,NULL),(4571,NULL,'wall_020',863,'0003',NULL,NULL,NULL,NULL,NULL,NULL),(4572,NULL,'wall_021',863,'0003',NULL,NULL,NULL,NULL,NULL,NULL),(4573,NULL,'wall_022',863,'0003',NULL,NULL,NULL,NULL,NULL,NULL),(4574,NULL,'wall_023',863,'0003',NULL,NULL,NULL,NULL,NULL,NULL),(4575,NULL,'wall_024',863,'0003',NULL,NULL,NULL,NULL,NULL,NULL),(4576,NULL,'wall_025',863,'0003',NULL,NULL,NULL,NULL,NULL,NULL),(4577,NULL,'wall_026',863,'0003',NULL,NULL,NULL,NULL,NULL,NULL),(4578,NULL,'wall_027',863,'0003',NULL,NULL,NULL,NULL,NULL,NULL),(4579,NULL,'wall_028',863,'0003',NULL,NULL,NULL,NULL,NULL,NULL),(4580,NULL,'wall_029',863,'0003',NULL,NULL,NULL,NULL,NULL,NULL),(4581,NULL,'wall_030',863,'0003',NULL,NULL,NULL,NULL,NULL,NULL),(4582,NULL,'wall_031',863,'0003',NULL,NULL,NULL,NULL,NULL,NULL),(4583,NULL,'wall_032',863,'0003',NULL,NULL,NULL,NULL,NULL,NULL),(4584,NULL,'wall_033',863,'0003',NULL,NULL,NULL,NULL,NULL,NULL),(4585,NULL,'wall_034',863,'0003',NULL,NULL,NULL,NULL,NULL,NULL),(4586,NULL,'wall_005',865,'0003',NULL,NULL,NULL,NULL,NULL,NULL),(4587,NULL,'wall_004',865,'0003',NULL,NULL,NULL,NULL,NULL,NULL),(4588,NULL,'wall_002',865,'0003',NULL,NULL,NULL,NULL,NULL,NULL),(4589,NULL,'wall_003',865,'0003',NULL,NULL,NULL,NULL,NULL,NULL),(4590,NULL,'wall',865,'0003',NULL,NULL,NULL,NULL,NULL,NULL),(4591,NULL,'wall_006',868,'0003',NULL,NULL,NULL,NULL,NULL,NULL),(4592,NULL,'wall_007',868,'0003',NULL,NULL,NULL,NULL,NULL,NULL),(4593,NULL,'wall_008',868,'0003',NULL,NULL,NULL,NULL,NULL,NULL),(4594,NULL,'wall_009',868,'0003',NULL,NULL,NULL,NULL,NULL,NULL),(4595,NULL,'wall_010',868,'0003',NULL,NULL,NULL,NULL,NULL,NULL),(4596,NULL,'wall_011',870,'0003',NULL,NULL,NULL,NULL,NULL,NULL),(4597,NULL,'wall_012',870,'0003',NULL,NULL,NULL,NULL,NULL,NULL),(4598,NULL,'wall_013',870,'0003',NULL,NULL,NULL,NULL,NULL,NULL),(4599,NULL,'wall_014',870,'0003',NULL,NULL,NULL,NULL,NULL,NULL),(4600,NULL,'wall_035',870,'0003',NULL,NULL,NULL,NULL,NULL,NULL),(4601,NULL,'wall_036',870,'0003',NULL,NULL,NULL,NULL,NULL,NULL),(4602,NULL,'wall_037',870,'0003',NULL,NULL,NULL,NULL,NULL,NULL),(4603,NULL,'wall_038',870,'0003',NULL,NULL,NULL,NULL,NULL,NULL),(4604,NULL,'wall_039',870,'0003',NULL,NULL,NULL,NULL,NULL,NULL),(4605,NULL,'wall_040',870,'0003',NULL,NULL,NULL,NULL,NULL,NULL),(4606,NULL,'wall_041',870,'0003',NULL,NULL,NULL,NULL,NULL,NULL),(4607,NULL,'wall_042',870,'0003',NULL,NULL,NULL,NULL,NULL,NULL),(4608,NULL,'wall_043',870,'0003',NULL,NULL,NULL,NULL,NULL,NULL),(4609,NULL,'wall_044',870,'0003',NULL,NULL,NULL,NULL,NULL,NULL),(4610,NULL,'wall_045',870,'0003',NULL,NULL,NULL,NULL,NULL,NULL),(4611,NULL,'wall_046',870,'0003',NULL,NULL,NULL,NULL,NULL,NULL),(4612,NULL,'wall_047',870,'0003',NULL,NULL,NULL,NULL,NULL,NULL),(4613,NULL,'wall_048',870,'0003',NULL,NULL,NULL,NULL,NULL,NULL),(4614,NULL,'wall_049',870,'0003',NULL,NULL,NULL,NULL,NULL,NULL),(4615,NULL,'wall_050',870,'0003',NULL,NULL,NULL,NULL,NULL,NULL),(4616,NULL,'wall_051',870,'0003',NULL,NULL,NULL,NULL,NULL,NULL),(4617,NULL,'wall_052',870,'0003',NULL,NULL,NULL,NULL,NULL,NULL),(5374,NULL,'wall_002',1051,'0001',NULL,NULL,NULL,NULL,NULL,NULL),(5375,NULL,'wall_000',1052,'0001',NULL,NULL,NULL,NULL,NULL,NULL),(5376,NULL,'wall_003',1053,'0001',NULL,NULL,NULL,NULL,NULL,NULL),(5377,NULL,'wall_006',1055,'0001',NULL,NULL,NULL,NULL,NULL,NULL),(5378,NULL,'wall',1056,'0001',NULL,NULL,NULL,NULL,NULL,NULL),(5379,NULL,'wall_001',1058,'0001',NULL,NULL,NULL,NULL,NULL,NULL),(5380,NULL,'wall_005',1059,'0001',NULL,NULL,NULL,NULL,NULL,NULL),(5381,NULL,'wall_002',1060,'0001',NULL,NULL,NULL,NULL,NULL,NULL),(5382,NULL,'wall_004',1060,'0001',NULL,NULL,NULL,NULL,NULL,NULL),(5404,NULL,'wall_000',1103,'0002',NULL,NULL,NULL,NULL,NULL,NULL),(5405,NULL,'wall_001',1105,'0002',NULL,NULL,NULL,NULL,NULL,NULL),(5406,NULL,'wall',1107,'0002',NULL,NULL,NULL,NULL,NULL,NULL),(5407,NULL,'wall_000',1109,'0000',NULL,NULL,NULL,NULL,NULL,NULL),(5408,NULL,'wall_001',1111,'0000',NULL,NULL,NULL,NULL,NULL,NULL),(5409,NULL,'wall',1113,'0000',NULL,NULL,NULL,NULL,NULL,NULL);
/*!40000 ALTER TABLE `Wall` ENABLE KEYS */;
UNLOCK TABLES;

--
-- Table structure for table `ZoneChange`
--

DROP TABLE IF EXISTS `ZoneChange`;
/*!40101 SET @saved_cs_client     = @@character_set_client */;
/*!40101 SET character_set_client = utf8 */;
CREATE TABLE `ZoneChange` (
  `id` int(11) NOT NULL AUTO_INCREMENT,
  `ChangeTime` datetime DEFAULT NULL,
  `Tag_id` varchar(20) COLLATE utf8_unicode_ci NOT NULL,
  `ZoneNew_id` varchar(20) COLLATE utf8_unicode_ci NOT NULL,
  PRIMARY KEY (`id`),
  KEY `ZoneChange_Tag_id_9b7de7a7_fk_Tag_TagId` (`Tag_id`),
  KEY `ZoneChange_ZoneNew_id_7408541c_fk_LoadLandscape_landscape_id` (`ZoneNew_id`),
  CONSTRAINT `ZoneChange_Tag_id_9b7de7a7_fk_Tag_TagId` FOREIGN KEY (`Tag_id`) REFERENCES `Tag` (`TagId`),
  CONSTRAINT `ZoneChange_ZoneNew_id_7408541c_fk_LoadLandscape_landscape_id` FOREIGN KEY (`ZoneNew_id`) REFERENCES `LoadLandscape` (`landscape_id`)
) ENGINE=InnoDB DEFAULT CHARSET=utf8 COLLATE=utf8_unicode_ci;
/*!40101 SET character_set_client = @saved_cs_client */;

--
-- Dumping data for table `ZoneChange`
--

LOCK TABLES `ZoneChange` WRITE;
/*!40000 ALTER TABLE `ZoneChange` DISABLE KEYS */;
/*!40000 ALTER TABLE `ZoneChange` ENABLE KEYS */;
UNLOCK TABLES;

--
-- Table structure for table `auth_group`
--

DROP TABLE IF EXISTS `auth_group`;
/*!40101 SET @saved_cs_client     = @@character_set_client */;
/*!40101 SET character_set_client = utf8 */;
CREATE TABLE `auth_group` (
  `id` int(11) NOT NULL AUTO_INCREMENT,
  `name` varchar(80) COLLATE utf8_unicode_ci NOT NULL,
  PRIMARY KEY (`id`),
  UNIQUE KEY `name` (`name`)
) ENGINE=InnoDB DEFAULT CHARSET=utf8 COLLATE=utf8_unicode_ci;
/*!40101 SET character_set_client = @saved_cs_client */;

--
-- Dumping data for table `auth_group`
--

LOCK TABLES `auth_group` WRITE;
/*!40000 ALTER TABLE `auth_group` DISABLE KEYS */;
/*!40000 ALTER TABLE `auth_group` ENABLE KEYS */;
UNLOCK TABLES;

--
-- Table structure for table `auth_group_permissions`
--

DROP TABLE IF EXISTS `auth_group_permissions`;
/*!40101 SET @saved_cs_client     = @@character_set_client */;
/*!40101 SET character_set_client = utf8 */;
CREATE TABLE `auth_group_permissions` (
  `id` int(11) NOT NULL AUTO_INCREMENT,
  `group_id` int(11) NOT NULL,
  `permission_id` int(11) NOT NULL,
  PRIMARY KEY (`id`),
  UNIQUE KEY `auth_group_permissions_group_id_0cd325b0_uniq` (`group_id`,`permission_id`),
  KEY `auth_group_permissi_permission_id_84c5c92e_fk_auth_permission_id` (`permission_id`),
  CONSTRAINT `auth_group_permissions_group_id_b120cbf9_fk_auth_group_id` FOREIGN KEY (`group_id`) REFERENCES `auth_group` (`id`),
  CONSTRAINT `auth_group_permissi_permission_id_84c5c92e_fk_auth_permission_id` FOREIGN KEY (`permission_id`) REFERENCES `auth_permission` (`id`)
) ENGINE=InnoDB DEFAULT CHARSET=utf8 COLLATE=utf8_unicode_ci;
/*!40101 SET character_set_client = @saved_cs_client */;

--
-- Dumping data for table `auth_group_permissions`
--

LOCK TABLES `auth_group_permissions` WRITE;
/*!40000 ALTER TABLE `auth_group_permissions` DISABLE KEYS */;
/*!40000 ALTER TABLE `auth_group_permissions` ENABLE KEYS */;
UNLOCK TABLES;

--
-- Table structure for table `auth_permission`
--

DROP TABLE IF EXISTS `auth_permission`;
/*!40101 SET @saved_cs_client     = @@character_set_client */;
/*!40101 SET character_set_client = utf8 */;
CREATE TABLE `auth_permission` (
  `id` int(11) NOT NULL AUTO_INCREMENT,
  `name` varchar(255) COLLATE utf8_unicode_ci NOT NULL,
  `content_type_id` int(11) NOT NULL,
  `codename` varchar(100) COLLATE utf8_unicode_ci NOT NULL,
  PRIMARY KEY (`id`),
  UNIQUE KEY `auth_permission_content_type_id_01ab375a_uniq` (`content_type_id`,`codename`),
  CONSTRAINT `auth_permissi_content_type_id_2f476e4b_fk_django_content_type_id` FOREIGN KEY (`content_type_id`) REFERENCES `django_content_type` (`id`)
) ENGINE=InnoDB AUTO_INCREMENT=178 DEFAULT CHARSET=utf8 COLLATE=utf8_unicode_ci;
/*!40101 SET character_set_client = @saved_cs_client */;

--
-- Dumping data for table `auth_permission`
--

LOCK TABLES `auth_permission` WRITE;
/*!40000 ALTER TABLE `auth_permission` DISABLE KEYS */;
INSERT INTO `auth_permission` VALUES (1,'Can add log entry',1,'add_logentry'),(2,'Can change log entry',1,'change_logentry'),(3,'Can delete log entry',1,'delete_logentry'),(4,'Can add permission',2,'add_permission'),(5,'Can change permission',2,'change_permission'),(6,'Can delete permission',2,'delete_permission'),(7,'Can add group',3,'add_group'),(8,'Can change group',3,'change_group'),(9,'Can delete group',3,'delete_group'),(10,'Can add user',4,'add_user'),(11,'Can change user',4,'change_user'),(12,'Can delete user',4,'delete_user'),(13,'Can add content type',5,'add_contenttype'),(14,'Can change content type',5,'change_contenttype'),(15,'Can delete content type',5,'delete_contenttype'),(16,'Can add session',6,'add_session'),(17,'Can change session',6,'change_session'),(18,'Can delete session',6,'delete_session'),(19,'Can add metka',7,'add_metka'),(20,'Can change metka',7,'change_metka'),(21,'Can delete metka',7,'delete_metka'),(22,'Can add data type',8,'add_datatype'),(23,'Can change data type',8,'change_datatype'),(24,'Can delete data type',8,'delete_datatype'),(25,'Can add field_ definition_ message',9,'add_field_definition_message'),(26,'Can change field_ definition_ message',9,'change_field_definition_message'),(27,'Can delete field_ definition_ message',9,'delete_field_definition_message'),(31,'Can add locate_ message_ definition_ message',11,'add_locate_message_definition_message'),(32,'Can change locate_ message_ definition_ message',11,'change_locate_message_definition_message'),(33,'Can delete locate_ message_ definition_ message',11,'delete_locate_message_definition_message'),(34,'Can add lmdm format',12,'add_lmdmformat'),(35,'Can change lmdm format',12,'change_lmdmformat'),(36,'Can delete lmdm format',12,'delete_lmdmformat'),(37,'Can add std0',13,'add_std0'),(38,'Can change std0',13,'change_std0'),(39,'Can delete std0',13,'delete_std0'),(40,'Can add task state',14,'add_taskmeta'),(41,'Can change task state',14,'change_taskmeta'),(42,'Can delete task state',14,'delete_taskmeta'),(43,'Can add saved group result',15,'add_tasksetmeta'),(44,'Can change saved group result',15,'change_tasksetmeta'),(45,'Can delete saved group result',15,'delete_tasksetmeta'),(46,'Can add interval',16,'add_intervalschedule'),(47,'Can change interval',16,'change_intervalschedule'),(48,'Can delete interval',16,'delete_intervalschedule'),(49,'Can add crontab',17,'add_crontabschedule'),(50,'Can change crontab',17,'change_crontabschedule'),(51,'Can delete crontab',17,'delete_crontabschedule'),(52,'Can add periodic tasks',18,'add_periodictasks'),(53,'Can change periodic tasks',18,'change_periodictasks'),(54,'Can delete periodic tasks',18,'delete_periodictasks'),(55,'Can add periodic task',19,'add_periodictask'),(56,'Can change periodic task',19,'change_periodictask'),(57,'Can delete periodic task',19,'delete_periodictask'),(58,'Can add worker',20,'add_workerstate'),(59,'Can change worker',20,'change_workerstate'),(60,'Can delete worker',20,'delete_workerstate'),(61,'Can add task',21,'add_taskstate'),(62,'Can change task',21,'change_taskstate'),(63,'Can delete task',21,'delete_taskstate'),(64,'Can add queue',22,'add_queue'),(65,'Can change queue',22,'change_queue'),(66,'Can delete queue',22,'delete_queue'),(67,'Can add message',23,'add_message'),(68,'Can change message',23,'change_message'),(69,'Can delete message',23,'delete_message'),(70,'Can add queue',24,'add_queue'),(71,'Can change queue',24,'change_queue'),(72,'Can delete queue',24,'delete_queue'),(73,'Can add message',25,'add_message'),(74,'Can change message',25,'change_message'),(75,'Can delete message',25,'delete_message'),(76,'Can add logs journal',26,'add_logsjournal'),(77,'Can change logs journal',26,'change_logsjournal'),(78,'Can delete logs journal',26,'delete_logsjournal'),(79,'Can add load landscape',27,'add_loadlandscape'),(80,'Can change load landscape',27,'change_loadlandscape'),(81,'Can delete load landscape',27,'delete_loadlandscape'),(82,'Can add building',28,'add_building'),(83,'Can change building',28,'change_building'),(84,'Can delete building',28,'delete_building'),(85,'Can add floor',29,'add_floor'),(86,'Can change floor',29,'change_floor'),(87,'Can delete floor',29,'delete_floor'),(88,'Can add kabinet_n_ outer',30,'add_kabinet_n_outer'),(89,'Can change kabinet_n_ outer',30,'change_kabinet_n_outer'),(90,'Can delete kabinet_n_ outer',30,'delete_kabinet_n_outer'),(91,'Can add wall',31,'add_wall'),(92,'Can change wall',31,'change_wall'),(93,'Can delete wall',31,'delete_wall'),(97,'Can add vertices building',33,'add_verticesbuilding'),(98,'Can change vertices building',33,'change_verticesbuilding'),(99,'Can delete vertices building',33,'delete_verticesbuilding'),(100,'Can add vertices floor',34,'add_verticesfloor'),(101,'Can change vertices floor',34,'change_verticesfloor'),(102,'Can delete vertices floor',34,'delete_verticesfloor'),(103,'Can add vertices kabinet_n_ outer',35,'add_verticeskabinet_n_outer'),(104,'Can change vertices kabinet_n_ outer',35,'change_verticeskabinet_n_outer'),(105,'Can delete vertices kabinet_n_ outer',35,'delete_verticeskabinet_n_outer'),(109,'Can add tag',37,'add_tag'),(110,'Can change tag',37,'change_tag'),(111,'Can delete tag',37,'delete_tag'),(112,'Can add zone change',38,'add_zonechange'),(113,'Can change zone change',38,'change_zonechange'),(114,'Can delete zone change',38,'delete_zonechange'),(115,'Can add bld change',39,'add_bldchange'),(116,'Can change bld change',39,'change_bldchange'),(117,'Can delete bld change',39,'delete_bldchange'),(118,'Can add flr change',40,'add_flrchange'),(119,'Can change flr change',40,'change_flrchange'),(120,'Can delete flr change',40,'delete_flrchange'),(121,'Can add kbnt change',41,'add_kbntchange'),(122,'Can change kbnt change',41,'change_kbntchange'),(123,'Can delete kbnt change',41,'delete_kbntchange'),(124,'Can add turn on off tag',42,'add_turnonofftag'),(125,'Can change turn on off tag',42,'change_turnonofftag'),(126,'Can delete turn on off tag',42,'delete_turnonofftag'),(127,'Can add tag group',43,'add_taggroup'),(128,'Can change tag group',43,'change_taggroup'),(129,'Can delete tag group',43,'delete_taggroup'),(130,'Can add tag group_ tag',44,'add_taggroup_tag'),(131,'Can change tag group_ tag',44,'change_taggroup_tag'),(132,'Can delete tag group_ tag',44,'delete_taggroup_tag'),(133,'Can add tag type',45,'add_tagtype'),(134,'Can change tag type',45,'change_tagtype'),(135,'Can delete tag type',45,'delete_tagtype'),(136,'Can add landscape color',46,'add_landscapecolor'),(137,'Can change landscape color',46,'change_landscapecolor'),(138,'Can delete landscape color',46,'delete_landscapecolor'),(139,'Can add building color',47,'add_buildingcolor'),(140,'Can change building color',47,'change_buildingcolor'),(141,'Can delete building color',47,'delete_buildingcolor'),(142,'Can add floor color',48,'add_floorcolor'),(143,'Can change floor color',48,'change_floorcolor'),(144,'Can delete floor color',48,'delete_floorcolor'),(145,'Can add kabinet color',49,'add_kabinetcolor'),(146,'Can change kabinet color',49,'change_kabinetcolor'),(147,'Can delete kabinet color',49,'delete_kabinetcolor'),(148,'Can add building income zone',50,'add_buildingincomezone'),(149,'Can change building income zone',50,'change_buildingincomezone'),(150,'Can delete building income zone',50,'delete_buildingincomezone'),(151,'Can add floor income zone',51,'add_floorincomezone'),(152,'Can change floor income zone',51,'change_floorincomezone'),(153,'Can delete floor income zone',51,'delete_floorincomezone'),(154,'Can add kabinet income zone',52,'add_kabinetincomezone'),(155,'Can change kabinet income zone',52,'change_kabinetincomezone'),(156,'Can delete kabinet income zone',52,'delete_kabinetincomezone'),(157,'Can add income zone',53,'add_incomezone'),(158,'Can change income zone',53,'change_incomezone'),(159,'Can delete income zone',53,'delete_incomezone'),(160,'Can add vertices income zone',54,'add_verticesincomezone'),(161,'Can change vertices income zone',54,'change_verticesincomezone'),(162,'Can delete vertices income zone',54,'delete_verticesincomezone'),(163,'Can add exclude zone',55,'add_excludezone'),(164,'Can change exclude zone',55,'change_excludezone'),(165,'Can delete exclude zone',55,'delete_excludezone'),(166,'Can add vertices exclude zone',56,'add_verticesexcludezone'),(167,'Can change vertices exclude zone',56,'change_verticesexcludezone'),(168,'Can delete vertices exclude zone',56,'delete_verticesexcludezone'),(169,'Can add building exclude zone',57,'add_buildingexcludezone'),(170,'Can change building exclude zone',57,'change_buildingexcludezone'),(171,'Can delete building exclude zone',57,'delete_buildingexcludezone'),(172,'Can add floor exclude zone',58,'add_floorexcludezone'),(173,'Can change floor exclude zone',58,'change_floorexcludezone'),(174,'Can delete floor exclude zone',58,'delete_floorexcludezone'),(175,'Can add kabinet exclude zone',59,'add_kabinetexcludezone'),(176,'Can change kabinet exclude zone',59,'change_kabinetexcludezone'),(177,'Can delete kabinet exclude zone',59,'delete_kabinetexcludezone');
/*!40000 ALTER TABLE `auth_permission` ENABLE KEYS */;
UNLOCK TABLES;

--
-- Table structure for table `auth_user`
--

DROP TABLE IF EXISTS `auth_user`;
/*!40101 SET @saved_cs_client     = @@character_set_client */;
/*!40101 SET character_set_client = utf8 */;
CREATE TABLE `auth_user` (
  `id` int(11) NOT NULL AUTO_INCREMENT,
  `password` varchar(128) COLLATE utf8_unicode_ci NOT NULL,
  `last_login` datetime DEFAULT NULL,
  `is_superuser` tinyint(1) NOT NULL,
  `username` varchar(30) COLLATE utf8_unicode_ci NOT NULL,
  `first_name` varchar(30) COLLATE utf8_unicode_ci NOT NULL,
  `last_name` varchar(30) COLLATE utf8_unicode_ci NOT NULL,
  `email` varchar(254) COLLATE utf8_unicode_ci NOT NULL,
  `is_staff` tinyint(1) NOT NULL,
  `is_active` tinyint(1) NOT NULL,
  `date_joined` datetime NOT NULL,
  PRIMARY KEY (`id`),
  UNIQUE KEY `username` (`username`)
) ENGINE=InnoDB AUTO_INCREMENT=4 DEFAULT CHARSET=utf8 COLLATE=utf8_unicode_ci;
/*!40101 SET character_set_client = @saved_cs_client */;

--
-- Dumping data for table `auth_user`
--

LOCK TABLES `auth_user` WRITE;
/*!40000 ALTER TABLE `auth_user` DISABLE KEYS */;
INSERT INTO `auth_user` VALUES (1,'pbkdf2_sha256$24000$PfcTBp3IxYfc$wo9hsLj95kNQ+Owq4bSRtbuNSW8gnXw81vdkedkgzwQ=','2016-03-17 11:51:00',1,'ancel','','','ancelada-music@gmail.com',1,1,'2015-12-25 05:44:49'),(2,'pbkdf2_sha256$24000$r8O0ExFewoBy$Sf2m5wExktgP77a/vySonlqwj1nR+K7o4NidPemn6bk=','2016-03-09 11:57:11',0,'user','','','',0,1,'2016-02-01 05:28:59'),(3,'pbkdf2_sha256$24000$sDFMvsjVLFws$pnPbsv25ul+P2fQeWa4e81Fvt6kX2Uhf2ShthFj2oXk=','2016-02-01 13:20:11',0,'user2','','','',0,1,'2016-02-01 12:02:12');
/*!40000 ALTER TABLE `auth_user` ENABLE KEYS */;
UNLOCK TABLES;

--
-- Table structure for table `auth_user_groups`
--

DROP TABLE IF EXISTS `auth_user_groups`;
/*!40101 SET @saved_cs_client     = @@character_set_client */;
/*!40101 SET character_set_client = utf8 */;
CREATE TABLE `auth_user_groups` (
  `id` int(11) NOT NULL AUTO_INCREMENT,
  `user_id` int(11) NOT NULL,
  `group_id` int(11) NOT NULL,
  PRIMARY KEY (`id`),
  UNIQUE KEY `auth_user_groups_user_id_94350c0c_uniq` (`user_id`,`group_id`),
  KEY `auth_user_groups_group_id_97559544_fk_auth_group_id` (`group_id`),
  CONSTRAINT `auth_user_groups_group_id_97559544_fk_auth_group_id` FOREIGN KEY (`group_id`) REFERENCES `auth_group` (`id`),
  CONSTRAINT `auth_user_groups_user_id_6a12ed8b_fk_auth_user_id` FOREIGN KEY (`user_id`) REFERENCES `auth_user` (`id`)
) ENGINE=InnoDB DEFAULT CHARSET=utf8 COLLATE=utf8_unicode_ci;
/*!40101 SET character_set_client = @saved_cs_client */;

--
-- Dumping data for table `auth_user_groups`
--

LOCK TABLES `auth_user_groups` WRITE;
/*!40000 ALTER TABLE `auth_user_groups` DISABLE KEYS */;
/*!40000 ALTER TABLE `auth_user_groups` ENABLE KEYS */;
UNLOCK TABLES;

--
-- Table structure for table `auth_user_user_permissions`
--

DROP TABLE IF EXISTS `auth_user_user_permissions`;
/*!40101 SET @saved_cs_client     = @@character_set_client */;
/*!40101 SET character_set_client = utf8 */;
CREATE TABLE `auth_user_user_permissions` (
  `id` int(11) NOT NULL AUTO_INCREMENT,
  `user_id` int(11) NOT NULL,
  `permission_id` int(11) NOT NULL,
  PRIMARY KEY (`id`),
  UNIQUE KEY `auth_user_user_permissions_user_id_14a6b632_uniq` (`user_id`,`permission_id`),
  KEY `auth_user_user_perm_permission_id_1fbb5f2c_fk_auth_permission_id` (`permission_id`),
  CONSTRAINT `auth_user_user_permissions_user_id_a95ead1b_fk_auth_user_id` FOREIGN KEY (`user_id`) REFERENCES `auth_user` (`id`),
  CONSTRAINT `auth_user_user_perm_permission_id_1fbb5f2c_fk_auth_permission_id` FOREIGN KEY (`permission_id`) REFERENCES `auth_permission` (`id`)
) ENGINE=InnoDB DEFAULT CHARSET=utf8 COLLATE=utf8_unicode_ci;
/*!40101 SET character_set_client = @saved_cs_client */;

--
-- Dumping data for table `auth_user_user_permissions`
--

LOCK TABLES `auth_user_user_permissions` WRITE;
/*!40000 ALTER TABLE `auth_user_user_permissions` DISABLE KEYS */;
/*!40000 ALTER TABLE `auth_user_user_permissions` ENABLE KEYS */;
UNLOCK TABLES;

--
-- Table structure for table `django_admin_log`
--

DROP TABLE IF EXISTS `django_admin_log`;
/*!40101 SET @saved_cs_client     = @@character_set_client */;
/*!40101 SET character_set_client = utf8 */;
CREATE TABLE `django_admin_log` (
  `id` int(11) NOT NULL AUTO_INCREMENT,
  `action_time` datetime NOT NULL,
  `object_id` longtext COLLATE utf8_unicode_ci,
  `object_repr` varchar(200) COLLATE utf8_unicode_ci NOT NULL,
  `action_flag` smallint(5) unsigned NOT NULL,
  `change_message` longtext COLLATE utf8_unicode_ci NOT NULL,
  `content_type_id` int(11) DEFAULT NULL,
  `user_id` int(11) NOT NULL,
  PRIMARY KEY (`id`),
  KEY `django_admin__content_type_id_c4bce8eb_fk_django_content_type_id` (`content_type_id`),
  KEY `django_admin_log_user_id_c564eba6_fk_auth_user_id` (`user_id`),
  CONSTRAINT `django_admin_log_user_id_c564eba6_fk_auth_user_id` FOREIGN KEY (`user_id`) REFERENCES `auth_user` (`id`),
  CONSTRAINT `django_admin__content_type_id_c4bce8eb_fk_django_content_type_id` FOREIGN KEY (`content_type_id`) REFERENCES `django_content_type` (`id`)
) ENGINE=InnoDB AUTO_INCREMENT=30 DEFAULT CHARSET=utf8 COLLATE=utf8_unicode_ci;
/*!40101 SET character_set_client = @saved_cs_client */;

--
-- Dumping data for table `django_admin_log`
--

LOCK TABLES `django_admin_log` WRITE;
/*!40000 ALTER TABLE `django_admin_log` DISABLE KEYS */;
INSERT INTO `django_admin_log` VALUES (1,'2015-12-25 05:52:57','1','Std0',1,'Добавлено.',NULL,1),(2,'2015-12-25 05:53:05','2','Std1',1,'Добавлено.',NULL,1),(3,'2015-12-25 05:54:15','1','Locate_Message_Definition_Message object',1,'Добавлено.',11,1),(4,'2015-12-25 05:57:11','2','LabD',1,'Добавлено.',11,1),(5,'2015-12-25 05:58:23','3','Std2',1,'Добавлено.',NULL,1),(6,'2015-12-25 05:58:35','4','NGLL',1,'Добавлено.',NULL,1),(7,'2016-01-14 11:03:17','10','String',3,'',8,1),(8,'2016-01-14 11:03:17','9','NmeaTime',3,'',8,1),(9,'2016-01-14 11:03:17','8','NmeaLongitude',3,'',8,1),(10,'2016-01-14 11:03:17','7','NmeaLatitude',3,'',8,1),(11,'2016-01-14 11:03:17','6','NmeaAddress',3,'',8,1),(12,'2016-01-14 11:03:17','5','Hex8',3,'',8,1),(13,'2016-01-14 11:03:17','4','Hex4',3,'',8,1),(14,'2016-01-14 11:03:17','3','Hex2',3,'',8,1),(15,'2016-01-14 11:03:17','2','Hex1',3,'',8,1),(16,'2016-01-14 11:03:17','1','DateTime64',3,'',8,1),(17,'2016-02-01 05:29:00','2','user',1,'Добавлено.',4,1),(18,'2016-02-01 05:29:32','2','user',2,'Ни одно поле не изменено.',4,1),(19,'2016-02-01 12:02:12','3','user2',1,'Добавлено.',4,1),(20,'2016-02-01 12:02:31','3','user2',2,'Ни одно поле не изменено.',4,1),(21,'2016-03-03 08:34:40','1','TagGroup object',1,'Добавлено.',43,1),(22,'2016-03-03 11:02:36','2','Тестовая группа 2',1,'Добавлено.',43,1),(23,'2016-03-04 16:33:39','2','Тестовая группа 2',3,'',43,1),(24,'2016-03-04 16:33:59','1','testingGroup',3,'',43,1),(25,'2016-03-04 16:34:40','00000a1','00000a1',1,'Добавлено.',37,1),(26,'2016-03-04 17:09:56','00000074','00000074',1,'Добавлено.',37,1),(27,'2016-03-05 20:01:18','4','',3,'',43,1),(28,'2016-03-09 10:01:40','1','TagType object',1,'Добавлено.',45,1),(29,'2016-03-09 10:03:11','2','товарно-материальная ценность',1,'Добавлено.',45,1);
/*!40000 ALTER TABLE `django_admin_log` ENABLE KEYS */;
UNLOCK TABLES;

--
-- Table structure for table `django_content_type`
--

DROP TABLE IF EXISTS `django_content_type`;
/*!40101 SET @saved_cs_client     = @@character_set_client */;
/*!40101 SET character_set_client = utf8 */;
CREATE TABLE `django_content_type` (
  `id` int(11) NOT NULL AUTO_INCREMENT,
  `app_label` varchar(100) COLLATE utf8_unicode_ci NOT NULL,
  `model` varchar(100) COLLATE utf8_unicode_ci NOT NULL,
  PRIMARY KEY (`id`),
  UNIQUE KEY `django_content_type_app_label_76bd3d3b_uniq` (`app_label`,`model`)
) ENGINE=InnoDB AUTO_INCREMENT=60 DEFAULT CHARSET=utf8 COLLATE=utf8_unicode_ci;
/*!40101 SET character_set_client = @saved_cs_client */;

--
-- Dumping data for table `django_content_type`
--

LOCK TABLES `django_content_type` WRITE;
/*!40000 ALTER TABLE `django_content_type` DISABLE KEYS */;
INSERT INTO `django_content_type` VALUES (1,'admin','logentry'),(3,'auth','group'),(2,'auth','permission'),(4,'auth','user'),(5,'contenttypes','contenttype'),(17,'djcelery','crontabschedule'),(16,'djcelery','intervalschedule'),(19,'djcelery','periodictask'),(18,'djcelery','periodictasks'),(14,'djcelery','taskmeta'),(15,'djcelery','tasksetmeta'),(21,'djcelery','taskstate'),(20,'djcelery','workerstate'),(23,'djkombu','message'),(22,'djkombu','queue'),(25,'kombu_transport_django','message'),(24,'kombu_transport_django','queue'),(39,'mainapp','bldchange'),(28,'mainapp','building'),(47,'mainapp','buildingcolor'),(57,'mainapp','buildingexcludezone'),(50,'mainapp','buildingincomezone'),(8,'mainapp','datatype'),(55,'mainapp','excludezone'),(9,'mainapp','field_definition_message'),(29,'mainapp','floor'),(48,'mainapp','floorcolor'),(58,'mainapp','floorexcludezone'),(51,'mainapp','floorincomezone'),(40,'mainapp','flrchange'),(53,'mainapp','incomezone'),(30,'mainapp','kabinet_n_outer'),(49,'mainapp','kabinetcolor'),(59,'mainapp','kabinetexcludezone'),(52,'mainapp','kabinetincomezone'),(41,'mainapp','kbntchange'),(46,'mainapp','landscapecolor'),(12,'mainapp','lmdmformat'),(27,'mainapp','loadlandscape'),(11,'mainapp','locate_message_definition_message'),(26,'mainapp','logsjournal'),(7,'mainapp','metka'),(13,'mainapp','std0'),(37,'mainapp','tag'),(43,'mainapp','taggroup'),(44,'mainapp','taggroup_tag'),(45,'mainapp','tagtype'),(42,'mainapp','turnonofftag'),(33,'mainapp','verticesbuilding'),(56,'mainapp','verticesexcludezone'),(34,'mainapp','verticesfloor'),(54,'mainapp','verticesincomezone'),(35,'mainapp','verticeskabinet_n_outer'),(31,'mainapp','wall'),(38,'mainapp','zonechange'),(6,'sessions','session');
/*!40000 ALTER TABLE `django_content_type` ENABLE KEYS */;
UNLOCK TABLES;

--
-- Table structure for table `django_migrations`
--

DROP TABLE IF EXISTS `django_migrations`;
/*!40101 SET @saved_cs_client     = @@character_set_client */;
/*!40101 SET character_set_client = utf8 */;
CREATE TABLE `django_migrations` (
  `id` int(11) NOT NULL AUTO_INCREMENT,
  `app` varchar(255) COLLATE utf8_unicode_ci NOT NULL,
  `name` varchar(255) COLLATE utf8_unicode_ci NOT NULL,
  `applied` datetime NOT NULL,
  PRIMARY KEY (`id`)
) ENGINE=InnoDB AUTO_INCREMENT=87 DEFAULT CHARSET=utf8 COLLATE=utf8_unicode_ci;
/*!40101 SET character_set_client = @saved_cs_client */;

--
-- Dumping data for table `django_migrations`
--

LOCK TABLES `django_migrations` WRITE;
/*!40000 ALTER TABLE `django_migrations` DISABLE KEYS */;
INSERT INTO `django_migrations` VALUES (1,'contenttypes','0001_initial','2015-12-25 05:07:38'),(2,'auth','0001_initial','2015-12-25 05:07:42'),(3,'admin','0001_initial','2015-12-25 05:07:43'),(4,'admin','0002_logentry_remove_auto_add','2015-12-25 05:07:43'),(5,'contenttypes','0002_remove_content_type_name','2015-12-25 05:07:44'),(6,'auth','0002_alter_permission_name_max_length','2015-12-25 05:07:44'),(7,'auth','0003_alter_user_email_max_length','2015-12-25 05:07:44'),(8,'auth','0004_alter_user_username_opts','2015-12-25 05:07:45'),(9,'auth','0005_alter_user_last_login_null','2015-12-25 05:07:45'),(10,'auth','0006_require_contenttypes_0002','2015-12-25 05:07:45'),(11,'auth','0007_alter_validators_add_error_messages','2015-12-25 05:07:45'),(12,'mainapp','0001_initial','2015-12-25 05:07:46'),(13,'sessions','0001_initial','2015-12-25 05:07:47'),(14,'mainapp','0002_auto_20151225_0912','2015-12-25 06:12:52'),(15,'mainapp','0003_std0','2015-12-25 11:38:02'),(16,'mainapp','0004_std0_dateimport','2016-01-04 09:29:14'),(17,'mainapp','0005_auto_20160104_1445','2016-01-04 11:45:22'),(18,'mainapp','0006_auto_20160104_1515','2016-01-04 12:16:00'),(19,'mainapp','0007_auto_20160111_0801','2016-01-11 05:01:41'),(20,'mainapp','0008_metka_dateimport','2016-01-12 09:08:58'),(21,'mainapp','0009_auto_20160112_1401','2016-01-12 11:01:53'),(22,'mainapp','0010_metka_readed','2016-01-12 11:51:53'),(23,'djcelery','0001_initial','2016-01-13 11:34:50'),(24,'kombu_transport_django','0001_initial','2016-01-13 11:50:59'),(25,'mainapp','0011_logsjournal','2016-01-14 04:17:57'),(26,'mainapp','0012_std0_timedelta','2016-01-14 06:13:42'),(27,'mainapp','0013_loadlandscape','2016-01-27 11:31:20'),(28,'mainapp','0014_auto_20160127_1435','2016-01-27 11:35:23'),(29,'mainapp','0015_auto_20160127_1438','2016-01-27 11:38:36'),(30,'mainapp','0016_auto_20160127_1452','2016-01-27 11:52:44'),(31,'mainapp','0017_building','2016-01-27 12:09:15'),(32,'mainapp','0018_auto_20160127_1513','2016-01-27 12:13:45'),(33,'mainapp','0019_kabinet_n_outer_wall','2016-01-27 12:18:52'),(34,'mainapp','0013_auto_20160127_1934','2016-01-27 16:34:38'),(35,'mainapp','0013_auto_20160128_0923','2016-01-28 06:23:10'),(36,'mainapp','0014_auto_20160128_1030','2016-01-28 07:30:34'),(37,'mainapp','0013_auto_20160128_1035','2016-01-28 07:36:26'),(38,'mainapp','0014_order','2016-01-30 13:18:51'),(39,'mainapp','0015_auto_20160131_1152','2016-01-31 08:52:22'),(40,'mainapp','0016_auto_20160215_0735','2016-02-15 04:36:09'),(41,'mainapp','0017_auto_20160215_0739','2016-02-15 04:40:11'),(42,'mainapp','0018_auto_20160215_0740','2016-02-15 04:40:34'),(43,'mainapp','0019_auto_20160215_0740','2016-02-15 04:41:26'),(44,'mainapp','0020_auto_20160215_0751','2016-02-15 04:52:17'),(45,'mainapp','0021_remove_loadlandscape_landscape_source','2016-02-15 04:52:18'),(46,'mainapp','0022_loadlandscape_landscape_source','2016-02-15 04:52:44'),(47,'mainapp','0023_auto_20160215_0752','2016-02-15 04:53:50'),(48,'mainapp','0024_auto_20160215_0753','2016-02-15 04:53:50'),(49,'mainapp','0025_auto_20160215_0758','2016-02-15 04:58:42'),(50,'mainapp','0026_auto_20160215_0806','2016-02-15 05:06:37'),(51,'mainapp','0027_auto_20160215_0842','2016-02-15 05:42:34'),(52,'mainapp','0028_auto_20160215_0846','2016-02-15 05:46:44'),(53,'mainapp','0029_auto_20160215_0854','2016-02-15 05:54:52'),(54,'mainapp','0030_tag','2016-02-15 13:01:53'),(55,'mainapp','0031_bldchange_flrchange_kbntchange_zonechange','2016-02-15 13:03:12'),(56,'mainapp','0032_auto_20160224_1617','2016-02-24 16:17:59'),(57,'mainapp','0033_auto_20160225_0953','2016-02-25 09:53:48'),(58,'mainapp','0034_auto_20160225_1617','2016-02-25 16:17:50'),(59,'mainapp','0035_turnonofftag','2016-02-28 15:57:11'),(60,'mainapp','0036_auto_20160303_0815','2016-03-03 08:15:43'),(61,'mainapp','0037_taggroup','2016-03-03 08:31:00'),(62,'mainapp','0038_auto_20160303_0834','2016-03-03 08:34:10'),(63,'mainapp','0039_tag_taggroup','2016-03-03 08:36:46'),(64,'mainapp','0040_auto_20160303_0840','2016-03-03 08:40:23'),(65,'mainapp','0041_remove_tag_group','2016-03-03 08:45:05'),(66,'mainapp','0042_auto_20160303_0953','2016-03-03 09:54:08'),(67,'mainapp','0043_taggroup_user','2016-03-04 14:50:14'),(68,'mainapp','0044_taggroup_tag','2016-03-06 12:41:06'),(69,'mainapp','0045_taggroup_tag_user','2016-03-06 19:18:00'),(70,'mainapp','0046_remove_tag_taggroup','2016-03-08 18:15:00'),(71,'mainapp','0047_remove_turnonofftag_tag','2016-03-08 18:43:11'),(72,'mainapp','0048_turnonofftag_tag','2016-03-08 18:43:32'),(73,'mainapp','0049_tagtype','2016-03-09 10:00:57'),(74,'mainapp','0050_remove_tag_tagtype','2016-03-09 10:09:31'),(75,'mainapp','0051_tag_tagtype','2016-03-09 10:10:47'),(76,'mainapp','0052_auto_20160310_1106','2016-03-10 11:06:38'),(77,'mainapp','0053_auto_20160310_1154','2016-03-10 11:54:58'),(78,'mainapp','0054_buildingcolor_floorcolor_kabinetcolor_landscapecolor','2016-03-10 12:09:42'),(79,'mainapp','0055_buildingincomezone_floorincomezone_kabinetincomezone','2016-03-11 09:35:04'),(80,'mainapp','0056_incomezone_verticesincomezone','2016-03-14 09:25:30'),(81,'mainapp','0057_incomezone_loadlandscape','2016-03-14 11:26:40'),(82,'mainapp','0058_auto_20160315_0912','2016-03-15 09:12:42'),(83,'mainapp','0059_auto_20160316_0853','2016-03-16 08:54:06'),(84,'mainapp','0060_auto_20160316_0937','2016-03-16 09:37:14'),(85,'mainapp','0061_remove_verticesincomezone_zcoord','2016-03-16 10:31:41'),(86,'mainapp','0062_auto_20160317_0852','2016-03-17 08:52:40');
/*!40000 ALTER TABLE `django_migrations` ENABLE KEYS */;
UNLOCK TABLES;

--
-- Table structure for table `django_session`
--

DROP TABLE IF EXISTS `django_session`;
/*!40101 SET @saved_cs_client     = @@character_set_client */;
/*!40101 SET character_set_client = utf8 */;
CREATE TABLE `django_session` (
  `session_key` varchar(40) COLLATE utf8_unicode_ci NOT NULL,
  `session_data` longtext COLLATE utf8_unicode_ci NOT NULL,
  `expire_date` datetime NOT NULL,
  PRIMARY KEY (`session_key`),
  KEY `django_session_de54fa62` (`expire_date`)
) ENGINE=InnoDB DEFAULT CHARSET=utf8 COLLATE=utf8_unicode_ci;
/*!40101 SET character_set_client = @saved_cs_client */;

--
-- Dumping data for table `django_session`
--

LOCK TABLES `django_session` WRITE;
/*!40000 ALTER TABLE `django_session` DISABLE KEYS */;
INSERT INTO `django_session` VALUES ('02skluq4rb2nbt9bz93h7xjr82g5ssb4','YmQzYzFlN2M1OTJhMTMzMGQ0OTkxZjFlNmMxMTUxM2JjZDhmZTI5Yjp7Il9zZXNzaW9uX2V4cGlyeSI6NDAwMCwiX2F1dGhfdXNlcl9oYXNoIjoiY2YyNDBiOWFlODk1NjI1MzU2Mzk5NWU2OGY0NDNjYmUxZWViMmNjOCIsIl9hdXRoX3VzZXJfaWQiOiIxIiwiX2F1dGhfdXNlcl9iYWNrZW5kIjoiZGphbmdvLmNvbnRyaWIuYXV0aC5iYWNrZW5kcy5Nb2RlbEJhY2tlbmQifQ==','2016-02-03 06:07:44'),('03hhpv1ga43zizv5y0bmozcz2f3tfx73','MzA3MTdmMjZjZWFjODkzZWRhZDJkYzJmMTc2ZGFmMmJjNzBlMTM5Yjp7Il9zZXNzaW9uX2V4cGlyeSI6NDAwMCwiX2F1dGhfdXNlcl9oYXNoIjoiZTc3MDk4NmYxMjJjYzQzMzhiZTJiNDBjNTE1NTNkZWYwYzMwOWU5ZCIsIl9hdXRoX3VzZXJfaWQiOiIyIiwiX2F1dGhfdXNlcl9iYWNrZW5kIjoiZGphbmdvLmNvbnRyaWIuYXV0aC5iYWNrZW5kcy5Nb2RlbEJhY2tlbmQifQ==','2016-02-01 13:52:49'),('05x0yptj5s73cxvfs7xmikfwd3skrtbr','NjA0MzJkY2MwNmNlNTY0MmNkYjViY2Y0MTk4ZTYwMzJlMmI3NmM4Njp7Il9hdXRoX3VzZXJfaGFzaCI6ImNmMjQwYjlhZTg5NTYyNTM1NjM5OTVlNjhmNDQzY2JlMWVlYjJjYzgiLCJfYXV0aF91c2VyX2JhY2tlbmQiOiJkamFuZ28uY29udHJpYi5hdXRoLmJhY2tlbmRzLk1vZGVsQmFja2VuZCIsIl9hdXRoX3VzZXJfaWQiOiIxIn0=','2016-03-04 15:17:59'),('064t5rfgc26pmk6lltl5pv4lhtlsgu1r','YmQzYzFlN2M1OTJhMTMzMGQ0OTkxZjFlNmMxMTUxM2JjZDhmZTI5Yjp7Il9zZXNzaW9uX2V4cGlyeSI6NDAwMCwiX2F1dGhfdXNlcl9oYXNoIjoiY2YyNDBiOWFlODk1NjI1MzU2Mzk5NWU2OGY0NDNjYmUxZWViMmNjOCIsIl9hdXRoX3VzZXJfaWQiOiIxIiwiX2F1dGhfdXNlcl9iYWNrZW5kIjoiZGphbmdvLmNvbnRyaWIuYXV0aC5iYWNrZW5kcy5Nb2RlbEJhY2tlbmQifQ==','2016-02-04 08:06:11'),('09u2qqpwcvv7ebmqwrvhyi9pwq54jfc0','NzkyZWIwN2MxOTYwZWI0Nzg2NjEyYmViNWYxM2E2YzBiYzQ4MDhhODp7Il9zZXNzaW9uX2V4cGlyeSI6NjB9','2016-01-31 14:52:34'),('0bantdw77par9fbfhv83ocj4j041zw0j','YmQzYzFlN2M1OTJhMTMzMGQ0OTkxZjFlNmMxMTUxM2JjZDhmZTI5Yjp7Il9zZXNzaW9uX2V4cGlyeSI6NDAwMCwiX2F1dGhfdXNlcl9oYXNoIjoiY2YyNDBiOWFlODk1NjI1MzU2Mzk5NWU2OGY0NDNjYmUxZWViMmNjOCIsIl9hdXRoX3VzZXJfaWQiOiIxIiwiX2F1dGhfdXNlcl9iYWNrZW5kIjoiZGphbmdvLmNvbnRyaWIuYXV0aC5iYWNrZW5kcy5Nb2RlbEJhY2tlbmQifQ==','2016-02-04 07:40:13'),('0h7k4aoai6jqullhzdytjg7qsqx6jz11','YmQzYzFlN2M1OTJhMTMzMGQ0OTkxZjFlNmMxMTUxM2JjZDhmZTI5Yjp7Il9zZXNzaW9uX2V4cGlyeSI6NDAwMCwiX2F1dGhfdXNlcl9oYXNoIjoiY2YyNDBiOWFlODk1NjI1MzU2Mzk5NWU2OGY0NDNjYmUxZWViMmNjOCIsIl9hdXRoX3VzZXJfaWQiOiIxIiwiX2F1dGhfdXNlcl9iYWNrZW5kIjoiZGphbmdvLmNvbnRyaWIuYXV0aC5iYWNrZW5kcy5Nb2RlbEJhY2tlbmQifQ==','2016-02-04 11:30:56'),('0jrihdd6fpuranohq72f6s5fmupb911j','YmQzYzFlN2M1OTJhMTMzMGQ0OTkxZjFlNmMxMTUxM2JjZDhmZTI5Yjp7Il9zZXNzaW9uX2V4cGlyeSI6NDAwMCwiX2F1dGhfdXNlcl9oYXNoIjoiY2YyNDBiOWFlODk1NjI1MzU2Mzk5NWU2OGY0NDNjYmUxZWViMmNjOCIsIl9hdXRoX3VzZXJfaWQiOiIxIiwiX2F1dGhfdXNlcl9iYWNrZW5kIjoiZGphbmdvLmNvbnRyaWIuYXV0aC5iYWNrZW5kcy5Nb2RlbEJhY2tlbmQifQ==','2016-02-09 08:17:32'),('0teurivestmqyi9nmwz7oiv3jzohea2k','YzM1YjhhNzkxYTQ0MTg2YzFlZTRkNmU5NDYyOTRjODk1ZGQ5NDllOTp7Il9hdXRoX3VzZXJfYmFja2VuZCI6ImRqYW5nby5jb250cmliLmF1dGguYmFja2VuZHMuTW9kZWxCYWNrZW5kIiwiX2F1dGhfdXNlcl9oYXNoIjoiNzM4Y2FjN2M0MjYzZmJlMzMwNzIzMGJkYTQ1ZTc4NGYxMTgyZDkwOCIsIl9hdXRoX3VzZXJfaWQiOiIzIiwiX3Nlc3Npb25fZXhwaXJ5Ijo0MDAwfQ==','2016-02-01 14:32:04'),('0vffudy5q95u0vy8nnj5wkn7bqngyonc','YTQ0ZDJmYTc1OWYxODg2ZjljZDMyMmMwMzA3NDY5ZTE2MjljMjVlMDp7Il9hdXRoX3VzZXJfYmFja2VuZCI6ImRqYW5nby5jb250cmliLmF1dGguYmFja2VuZHMuTW9kZWxCYWNrZW5kIiwiX2F1dGhfdXNlcl9oYXNoIjoiY2YyNDBiOWFlODk1NjI1MzU2Mzk5NWU2OGY0NDNjYmUxZWViMmNjOCIsIl9hdXRoX3VzZXJfaWQiOiIxIiwiX3Nlc3Npb25fZXhwaXJ5Ijo0MDAwfQ==','2016-02-01 14:32:12'),('16yqeslrti4xpx0ay26wpj832j237hrd','YmQzYzFlN2M1OTJhMTMzMGQ0OTkxZjFlNmMxMTUxM2JjZDhmZTI5Yjp7Il9zZXNzaW9uX2V4cGlyeSI6NDAwMCwiX2F1dGhfdXNlcl9oYXNoIjoiY2YyNDBiOWFlODk1NjI1MzU2Mzk5NWU2OGY0NDNjYmUxZWViMmNjOCIsIl9hdXRoX3VzZXJfaWQiOiIxIiwiX2F1dGhfdXNlcl9iYWNrZW5kIjoiZGphbmdvLmNvbnRyaWIuYXV0aC5iYWNrZW5kcy5Nb2RlbEJhY2tlbmQifQ==','2016-02-04 05:07:25'),('1k483ykh4wmxv2o6afutd266gy90fbzp','YmQzYzFlN2M1OTJhMTMzMGQ0OTkxZjFlNmMxMTUxM2JjZDhmZTI5Yjp7Il9zZXNzaW9uX2V4cGlyeSI6NDAwMCwiX2F1dGhfdXNlcl9oYXNoIjoiY2YyNDBiOWFlODk1NjI1MzU2Mzk5NWU2OGY0NDNjYmUxZWViMmNjOCIsIl9hdXRoX3VzZXJfaWQiOiIxIiwiX2F1dGhfdXNlcl9iYWNrZW5kIjoiZGphbmdvLmNvbnRyaWIuYXV0aC5iYWNrZW5kcy5Nb2RlbEJhY2tlbmQifQ==','2016-02-02 06:20:28'),('1nior1wpf6c8b6u8ry6bojhyarfug2s6','YmQzYzFlN2M1OTJhMTMzMGQ0OTkxZjFlNmMxMTUxM2JjZDhmZTI5Yjp7Il9zZXNzaW9uX2V4cGlyeSI6NDAwMCwiX2F1dGhfdXNlcl9oYXNoIjoiY2YyNDBiOWFlODk1NjI1MzU2Mzk5NWU2OGY0NDNjYmUxZWViMmNjOCIsIl9hdXRoX3VzZXJfaWQiOiIxIiwiX2F1dGhfdXNlcl9iYWNrZW5kIjoiZGphbmdvLmNvbnRyaWIuYXV0aC5iYWNrZW5kcy5Nb2RlbEJhY2tlbmQifQ==','2016-02-01 09:58:45'),('1ux0hoa8yiiaqaty6y1odi4asxq9j909','YmQzYzFlN2M1OTJhMTMzMGQ0OTkxZjFlNmMxMTUxM2JjZDhmZTI5Yjp7Il9zZXNzaW9uX2V4cGlyeSI6NDAwMCwiX2F1dGhfdXNlcl9oYXNoIjoiY2YyNDBiOWFlODk1NjI1MzU2Mzk5NWU2OGY0NDNjYmUxZWViMmNjOCIsIl9hdXRoX3VzZXJfaWQiOiIxIiwiX2F1dGhfdXNlcl9iYWNrZW5kIjoiZGphbmdvLmNvbnRyaWIuYXV0aC5iYWNrZW5kcy5Nb2RlbEJhY2tlbmQifQ==','2016-02-08 10:07:01'),('26tui588nnvn18t9v6z77unhyz3alzjj','YmQzYzFlN2M1OTJhMTMzMGQ0OTkxZjFlNmMxMTUxM2JjZDhmZTI5Yjp7Il9zZXNzaW9uX2V4cGlyeSI6NDAwMCwiX2F1dGhfdXNlcl9oYXNoIjoiY2YyNDBiOWFlODk1NjI1MzU2Mzk5NWU2OGY0NDNjYmUxZWViMmNjOCIsIl9hdXRoX3VzZXJfaWQiOiIxIiwiX2F1dGhfdXNlcl9iYWNrZW5kIjoiZGphbmdvLmNvbnRyaWIuYXV0aC5iYWNrZW5kcy5Nb2RlbEJhY2tlbmQifQ==','2016-02-03 13:11:31'),('27p72imqqo5439ukmtqxfjltaoedoa8h','NzkyZWIwN2MxOTYwZWI0Nzg2NjEyYmViNWYxM2E2YzBiYzQ4MDhhODp7Il9zZXNzaW9uX2V4cGlyeSI6NjB9','2016-01-31 15:14:22'),('2dj698f15ir4xdkn2evc5hsun39x19cu','YmQzYzFlN2M1OTJhMTMzMGQ0OTkxZjFlNmMxMTUxM2JjZDhmZTI5Yjp7Il9zZXNzaW9uX2V4cGlyeSI6NDAwMCwiX2F1dGhfdXNlcl9oYXNoIjoiY2YyNDBiOWFlODk1NjI1MzU2Mzk5NWU2OGY0NDNjYmUxZWViMmNjOCIsIl9hdXRoX3VzZXJfaWQiOiIxIiwiX2F1dGhfdXNlcl9iYWNrZW5kIjoiZGphbmdvLmNvbnRyaWIuYXV0aC5iYWNrZW5kcy5Nb2RlbEJhY2tlbmQifQ==','2016-02-10 05:24:03'),('2hqq5e8fkknw7rwq9i9z8ju38xabh8ej','YmQzYzFlN2M1OTJhMTMzMGQ0OTkxZjFlNmMxMTUxM2JjZDhmZTI5Yjp7Il9zZXNzaW9uX2V4cGlyeSI6NDAwMCwiX2F1dGhfdXNlcl9oYXNoIjoiY2YyNDBiOWFlODk1NjI1MzU2Mzk5NWU2OGY0NDNjYmUxZWViMmNjOCIsIl9hdXRoX3VzZXJfaWQiOiIxIiwiX2F1dGhfdXNlcl9iYWNrZW5kIjoiZGphbmdvLmNvbnRyaWIuYXV0aC5iYWNrZW5kcy5Nb2RlbEJhY2tlbmQifQ==','2016-02-02 11:50:26'),('2y6x9ljp37bblji7b4yp4747mex6ge1i','ZjYzNjFiODRhNTBlOTYyNzJmMDA2MzRkZWVhMzAzNDIwNDIxMTRkZDp7Il9hdXRoX3VzZXJfaGFzaCI6ImNmMjQwYjlhZTg5NTYyNTM1NjM5OTVlNjhmNDQzY2JlMWVlYjJjYzgiLCJfYXV0aF91c2VyX2lkIjoiMSIsIl9hdXRoX3VzZXJfYmFja2VuZCI6ImRqYW5nby5jb250cmliLmF1dGguYmFja2VuZHMuTW9kZWxCYWNrZW5kIn0=','2016-03-16 13:57:07'),('3al291fhrc0kedcgrd435z3t7j5wahgq','YmQzYzFlN2M1OTJhMTMzMGQ0OTkxZjFlNmMxMTUxM2JjZDhmZTI5Yjp7Il9zZXNzaW9uX2V4cGlyeSI6NDAwMCwiX2F1dGhfdXNlcl9oYXNoIjoiY2YyNDBiOWFlODk1NjI1MzU2Mzk5NWU2OGY0NDNjYmUxZWViMmNjOCIsIl9hdXRoX3VzZXJfaWQiOiIxIiwiX2F1dGhfdXNlcl9iYWNrZW5kIjoiZGphbmdvLmNvbnRyaWIuYXV0aC5iYWNrZW5kcy5Nb2RlbEJhY2tlbmQifQ==','2016-02-11 10:03:03'),('3jv0e5u19cb1mej9kbwl4hqouvadxhwg','YmQzYzFlN2M1OTJhMTMzMGQ0OTkxZjFlNmMxMTUxM2JjZDhmZTI5Yjp7Il9zZXNzaW9uX2V4cGlyeSI6NDAwMCwiX2F1dGhfdXNlcl9oYXNoIjoiY2YyNDBiOWFlODk1NjI1MzU2Mzk5NWU2OGY0NDNjYmUxZWViMmNjOCIsIl9hdXRoX3VzZXJfaWQiOiIxIiwiX2F1dGhfdXNlcl9iYWNrZW5kIjoiZGphbmdvLmNvbnRyaWIuYXV0aC5iYWNrZW5kcy5Nb2RlbEJhY2tlbmQifQ==','2016-02-02 18:10:51'),('3ko5404hj62lu5z4tm018j03dilrn3e3','YmQzYzFlN2M1OTJhMTMzMGQ0OTkxZjFlNmMxMTUxM2JjZDhmZTI5Yjp7Il9zZXNzaW9uX2V4cGlyeSI6NDAwMCwiX2F1dGhfdXNlcl9oYXNoIjoiY2YyNDBiOWFlODk1NjI1MzU2Mzk5NWU2OGY0NDNjYmUxZWViMmNjOCIsIl9hdXRoX3VzZXJfaWQiOiIxIiwiX2F1dGhfdXNlcl9iYWNrZW5kIjoiZGphbmdvLmNvbnRyaWIuYXV0aC5iYWNrZW5kcy5Nb2RlbEJhY2tlbmQifQ==','2016-02-07 17:45:29'),('3nx5zs2u6hrilfkjo8duvbat9iltwktz','NzkyZWIwN2MxOTYwZWI0Nzg2NjEyYmViNWYxM2E2YzBiYzQ4MDhhODp7Il9zZXNzaW9uX2V4cGlyeSI6NjB9','2016-01-31 14:49:48'),('4si07lmbhysjpajhirsy4l79u0h48w48','YmQzYzFlN2M1OTJhMTMzMGQ0OTkxZjFlNmMxMTUxM2JjZDhmZTI5Yjp7Il9zZXNzaW9uX2V4cGlyeSI6NDAwMCwiX2F1dGhfdXNlcl9oYXNoIjoiY2YyNDBiOWFlODk1NjI1MzU2Mzk5NWU2OGY0NDNjYmUxZWViMmNjOCIsIl9hdXRoX3VzZXJfaWQiOiIxIiwiX2F1dGhfdXNlcl9iYWNrZW5kIjoiZGphbmdvLmNvbnRyaWIuYXV0aC5iYWNrZW5kcy5Nb2RlbEJhY2tlbmQifQ==','2016-02-01 12:09:32'),('534i8fq90plib2nla68iuoxbpuueerxn','YmQzYzFlN2M1OTJhMTMzMGQ0OTkxZjFlNmMxMTUxM2JjZDhmZTI5Yjp7Il9zZXNzaW9uX2V4cGlyeSI6NDAwMCwiX2F1dGhfdXNlcl9oYXNoIjoiY2YyNDBiOWFlODk1NjI1MzU2Mzk5NWU2OGY0NDNjYmUxZWViMmNjOCIsIl9hdXRoX3VzZXJfaWQiOiIxIiwiX2F1dGhfdXNlcl9iYWNrZW5kIjoiZGphbmdvLmNvbnRyaWIuYXV0aC5iYWNrZW5kcy5Nb2RlbEJhY2tlbmQifQ==','2016-02-06 13:17:41'),('57m1jc1hcpqc384zagzm8t548f6r1mu1','NzkyZWIwN2MxOTYwZWI0Nzg2NjEyYmViNWYxM2E2YzBiYzQ4MDhhODp7Il9zZXNzaW9uX2V4cGlyeSI6NjB9','2016-01-31 14:04:26'),('5kvnbdf05bt07u2b5281d3qgngjo1a6g','YmQzYzFlN2M1OTJhMTMzMGQ0OTkxZjFlNmMxMTUxM2JjZDhmZTI5Yjp7Il9zZXNzaW9uX2V4cGlyeSI6NDAwMCwiX2F1dGhfdXNlcl9oYXNoIjoiY2YyNDBiOWFlODk1NjI1MzU2Mzk5NWU2OGY0NDNjYmUxZWViMmNjOCIsIl9hdXRoX3VzZXJfaWQiOiIxIiwiX2F1dGhfdXNlcl9iYWNrZW5kIjoiZGphbmdvLmNvbnRyaWIuYXV0aC5iYWNrZW5kcy5Nb2RlbEJhY2tlbmQifQ==','2016-02-05 07:18:07'),('5pbk58ywn6px6oshtftytbbflkjni01s','YmQzYzFlN2M1OTJhMTMzMGQ0OTkxZjFlNmMxMTUxM2JjZDhmZTI5Yjp7Il9zZXNzaW9uX2V4cGlyeSI6NDAwMCwiX2F1dGhfdXNlcl9oYXNoIjoiY2YyNDBiOWFlODk1NjI1MzU2Mzk5NWU2OGY0NDNjYmUxZWViMmNjOCIsIl9hdXRoX3VzZXJfaWQiOiIxIiwiX2F1dGhfdXNlcl9iYWNrZW5kIjoiZGphbmdvLmNvbnRyaWIuYXV0aC5iYWNrZW5kcy5Nb2RlbEJhY2tlbmQifQ==','2016-02-08 11:16:19'),('6naad1pws338i7qgznrugngteq56ecpp','YmQzYzFlN2M1OTJhMTMzMGQ0OTkxZjFlNmMxMTUxM2JjZDhmZTI5Yjp7Il9zZXNzaW9uX2V4cGlyeSI6NDAwMCwiX2F1dGhfdXNlcl9oYXNoIjoiY2YyNDBiOWFlODk1NjI1MzU2Mzk5NWU2OGY0NDNjYmUxZWViMmNjOCIsIl9hdXRoX3VzZXJfaWQiOiIxIiwiX2F1dGhfdXNlcl9iYWNrZW5kIjoiZGphbmdvLmNvbnRyaWIuYXV0aC5iYWNrZW5kcy5Nb2RlbEJhY2tlbmQifQ==','2016-02-09 11:02:32'),('6oxx99k5rc8wej3ooxrmf45nt0pm1gzl','YmQzYzFlN2M1OTJhMTMzMGQ0OTkxZjFlNmMxMTUxM2JjZDhmZTI5Yjp7Il9zZXNzaW9uX2V4cGlyeSI6NDAwMCwiX2F1dGhfdXNlcl9oYXNoIjoiY2YyNDBiOWFlODk1NjI1MzU2Mzk5NWU2OGY0NDNjYmUxZWViMmNjOCIsIl9hdXRoX3VzZXJfaWQiOiIxIiwiX2F1dGhfdXNlcl9iYWNrZW5kIjoiZGphbmdvLmNvbnRyaWIuYXV0aC5iYWNrZW5kcy5Nb2RlbEJhY2tlbmQifQ==','2016-02-07 16:05:26'),('722acll6cgu4g566ensawvbwo03nq9r4','NzkyZWIwN2MxOTYwZWI0Nzg2NjEyYmViNWYxM2E2YzBiYzQ4MDhhODp7Il9zZXNzaW9uX2V4cGlyeSI6NjB9','2016-01-31 14:18:36'),('7j5o1sf4zorhxn1eoho8gsba72954d8l','YmQzYzFlN2M1OTJhMTMzMGQ0OTkxZjFlNmMxMTUxM2JjZDhmZTI5Yjp7Il9zZXNzaW9uX2V4cGlyeSI6NDAwMCwiX2F1dGhfdXNlcl9oYXNoIjoiY2YyNDBiOWFlODk1NjI1MzU2Mzk5NWU2OGY0NDNjYmUxZWViMmNjOCIsIl9hdXRoX3VzZXJfaWQiOiIxIiwiX2F1dGhfdXNlcl9iYWNrZW5kIjoiZGphbmdvLmNvbnRyaWIuYXV0aC5iYWNrZW5kcy5Nb2RlbEJhY2tlbmQifQ==','2016-02-09 13:26:03'),('85tl3jm8ryf5vcdl0butmsdlb2jenyib','NjA0MzJkY2MwNmNlNTY0MmNkYjViY2Y0MTk4ZTYwMzJlMmI3NmM4Njp7Il9hdXRoX3VzZXJfaGFzaCI6ImNmMjQwYjlhZTg5NTYyNTM1NjM5OTVlNjhmNDQzY2JlMWVlYjJjYzgiLCJfYXV0aF91c2VyX2JhY2tlbmQiOiJkamFuZ28uY29udHJpYi5hdXRoLmJhY2tlbmRzLk1vZGVsQmFja2VuZCIsIl9hdXRoX3VzZXJfaWQiOiIxIn0=','2016-01-08 05:45:12'),('8c1xjb05rf6gm66hipvm2pgf8xwqe7sn','OTE5YjMzZDQ0NjlkMzhiNjNhOTIzODRhNWZjNTk0MzEwZTI3NmRjMjp7Il9zZXNzaW9uX2V4cGlyeSI6NDAwMH0=','2016-02-17 17:36:22'),('8ce5gzicx21vg2eyf3fqztk2g7mdmd69','YmQzYzFlN2M1OTJhMTMzMGQ0OTkxZjFlNmMxMTUxM2JjZDhmZTI5Yjp7Il9zZXNzaW9uX2V4cGlyeSI6NDAwMCwiX2F1dGhfdXNlcl9oYXNoIjoiY2YyNDBiOWFlODk1NjI1MzU2Mzk5NWU2OGY0NDNjYmUxZWViMmNjOCIsIl9hdXRoX3VzZXJfaWQiOiIxIiwiX2F1dGhfdXNlcl9iYWNrZW5kIjoiZGphbmdvLmNvbnRyaWIuYXV0aC5iYWNrZW5kcy5Nb2RlbEJhY2tlbmQifQ==','2016-02-01 13:28:22'),('8n3pns6kitpycvyutyvrtjh22ofzcym3','YmQzYzFlN2M1OTJhMTMzMGQ0OTkxZjFlNmMxMTUxM2JjZDhmZTI5Yjp7Il9zZXNzaW9uX2V4cGlyeSI6NDAwMCwiX2F1dGhfdXNlcl9oYXNoIjoiY2YyNDBiOWFlODk1NjI1MzU2Mzk5NWU2OGY0NDNjYmUxZWViMmNjOCIsIl9hdXRoX3VzZXJfaWQiOiIxIiwiX2F1dGhfdXNlcl9iYWNrZW5kIjoiZGphbmdvLmNvbnRyaWIuYXV0aC5iYWNrZW5kcy5Nb2RlbEJhY2tlbmQifQ==','2016-02-04 13:46:56'),('8nexxat7jume5o2yw61w05n5r86esbfg','OTg4ZDQ0Y2M1NTgwN2Q1NWRiNDEyYzQzNGU3ODljNmVkOTMxYzMzODp7Il9hdXRoX3VzZXJfYmFja2VuZCI6ImRqYW5nby5jb250cmliLmF1dGguYmFja2VuZHMuTW9kZWxCYWNrZW5kIiwiX2F1dGhfdXNlcl9oYXNoIjoiZTc3MDk4NmYxMjJjYzQzMzhiZTJiNDBjNTE1NTNkZWYwYzMwOWU5ZCIsIl9hdXRoX3VzZXJfaWQiOiIyIiwiX3Nlc3Npb25fZXhwaXJ5Ijo0MDAwfQ==','2016-03-09 11:56:12'),('9279l2m9kcbskgjod5z7v0ixwrwck09n','YmQzYzFlN2M1OTJhMTMzMGQ0OTkxZjFlNmMxMTUxM2JjZDhmZTI5Yjp7Il9zZXNzaW9uX2V4cGlyeSI6NDAwMCwiX2F1dGhfdXNlcl9oYXNoIjoiY2YyNDBiOWFlODk1NjI1MzU2Mzk5NWU2OGY0NDNjYmUxZWViMmNjOCIsIl9hdXRoX3VzZXJfaWQiOiIxIiwiX2F1dGhfdXNlcl9iYWNrZW5kIjoiZGphbmdvLmNvbnRyaWIuYXV0aC5iYWNrZW5kcy5Nb2RlbEJhY2tlbmQifQ==','2016-02-04 05:49:07'),('928xo87b8d3k9lqco7n3tbdgoc8g32tl','YmQzYzFlN2M1OTJhMTMzMGQ0OTkxZjFlNmMxMTUxM2JjZDhmZTI5Yjp7Il9zZXNzaW9uX2V4cGlyeSI6NDAwMCwiX2F1dGhfdXNlcl9oYXNoIjoiY2YyNDBiOWFlODk1NjI1MzU2Mzk5NWU2OGY0NDNjYmUxZWViMmNjOCIsIl9hdXRoX3VzZXJfaWQiOiIxIiwiX2F1dGhfdXNlcl9iYWNrZW5kIjoiZGphbmdvLmNvbnRyaWIuYXV0aC5iYWNrZW5kcy5Nb2RlbEJhY2tlbmQifQ==','2016-02-02 05:13:17'),('9f86igu44uklgy7xbizbm9y0r430o776','YmQzYzFlN2M1OTJhMTMzMGQ0OTkxZjFlNmMxMTUxM2JjZDhmZTI5Yjp7Il9zZXNzaW9uX2V4cGlyeSI6NDAwMCwiX2F1dGhfdXNlcl9oYXNoIjoiY2YyNDBiOWFlODk1NjI1MzU2Mzk5NWU2OGY0NDNjYmUxZWViMmNjOCIsIl9hdXRoX3VzZXJfaWQiOiIxIiwiX2F1dGhfdXNlcl9iYWNrZW5kIjoiZGphbmdvLmNvbnRyaWIuYXV0aC5iYWNrZW5kcy5Nb2RlbEJhY2tlbmQifQ==','2016-02-03 10:21:47'),('9q9uhelmpmz88nz6ubjyolec0b3x24vw','YmQzYzFlN2M1OTJhMTMzMGQ0OTkxZjFlNmMxMTUxM2JjZDhmZTI5Yjp7Il9zZXNzaW9uX2V4cGlyeSI6NDAwMCwiX2F1dGhfdXNlcl9oYXNoIjoiY2YyNDBiOWFlODk1NjI1MzU2Mzk5NWU2OGY0NDNjYmUxZWViMmNjOCIsIl9hdXRoX3VzZXJfaWQiOiIxIiwiX2F1dGhfdXNlcl9iYWNrZW5kIjoiZGphbmdvLmNvbnRyaWIuYXV0aC5iYWNrZW5kcy5Nb2RlbEJhY2tlbmQifQ==','2016-02-02 09:11:37'),('9uuthxumlk3t2gblque47o5bi5k2u16e','YWZiNjQ3ODcxYWJjYmM3ZDI2NDMyZGU5MDhjYTcwMDYzNjM1OWQ3MTp7Il9hdXRoX3VzZXJfYmFja2VuZCI6ImRqYW5nby5jb250cmliLmF1dGguYmFja2VuZHMuTW9kZWxCYWNrZW5kIiwiX2F1dGhfdXNlcl9oYXNoIjoiY2YyNDBiOWFlODk1NjI1MzU2Mzk5NWU2OGY0NDNjYmUxZWViMmNjOCIsIl9hdXRoX3VzZXJfaWQiOiIxIiwiX3Nlc3Npb25fZXhwaXJ5Ijo2MH0=','2016-01-31 15:47:47'),('9wmmsu2fwbetq0j49ujjep4m2t9rxabh','NjA0MzJkY2MwNmNlNTY0MmNkYjViY2Y0MTk4ZTYwMzJlMmI3NmM4Njp7Il9hdXRoX3VzZXJfaGFzaCI6ImNmMjQwYjlhZTg5NTYyNTM1NjM5OTVlNjhmNDQzY2JlMWVlYjJjYzgiLCJfYXV0aF91c2VyX2JhY2tlbmQiOiJkamFuZ28uY29udHJpYi5hdXRoLmJhY2tlbmRzLk1vZGVsQmFja2VuZCIsIl9hdXRoX3VzZXJfaWQiOiIxIn0=','2016-03-26 16:40:35'),('a3xkkgklaxh3vqziqaxxll8oot1echn5','YmQzYzFlN2M1OTJhMTMzMGQ0OTkxZjFlNmMxMTUxM2JjZDhmZTI5Yjp7Il9zZXNzaW9uX2V4cGlyeSI6NDAwMCwiX2F1dGhfdXNlcl9oYXNoIjoiY2YyNDBiOWFlODk1NjI1MzU2Mzk5NWU2OGY0NDNjYmUxZWViMmNjOCIsIl9hdXRoX3VzZXJfaWQiOiIxIiwiX2F1dGhfdXNlcl9iYWNrZW5kIjoiZGphbmdvLmNvbnRyaWIuYXV0aC5iYWNrZW5kcy5Nb2RlbEJhY2tlbmQifQ==','2016-02-09 07:08:39'),('akxcqnrbsinkly8e8x6cu0bwavvacf6l','NzkyZWIwN2MxOTYwZWI0Nzg2NjEyYmViNWYxM2E2YzBiYzQ4MDhhODp7Il9zZXNzaW9uX2V4cGlyeSI6NjB9','2016-01-31 14:05:43'),('amxp9ukhjslfr70agk3pnyx2ur9vbi3t','YmQzYzFlN2M1OTJhMTMzMGQ0OTkxZjFlNmMxMTUxM2JjZDhmZTI5Yjp7Il9zZXNzaW9uX2V4cGlyeSI6NDAwMCwiX2F1dGhfdXNlcl9oYXNoIjoiY2YyNDBiOWFlODk1NjI1MzU2Mzk5NWU2OGY0NDNjYmUxZWViMmNjOCIsIl9hdXRoX3VzZXJfaWQiOiIxIiwiX2F1dGhfdXNlcl9iYWNrZW5kIjoiZGphbmdvLmNvbnRyaWIuYXV0aC5iYWNrZW5kcy5Nb2RlbEJhY2tlbmQifQ==','2016-02-02 14:27:42'),('ap3pstuqipm3btf9g6krnf3bo3zyblx7','YmQzYzFlN2M1OTJhMTMzMGQ0OTkxZjFlNmMxMTUxM2JjZDhmZTI5Yjp7Il9zZXNzaW9uX2V4cGlyeSI6NDAwMCwiX2F1dGhfdXNlcl9oYXNoIjoiY2YyNDBiOWFlODk1NjI1MzU2Mzk5NWU2OGY0NDNjYmUxZWViMmNjOCIsIl9hdXRoX3VzZXJfaWQiOiIxIiwiX2F1dGhfdXNlcl9iYWNrZW5kIjoiZGphbmdvLmNvbnRyaWIuYXV0aC5iYWNrZW5kcy5Nb2RlbEJhY2tlbmQifQ==','2016-02-03 07:22:35'),('b74jrkphbfw7fbkqhvh559rjksdz01cu','MzA3MTdmMjZjZWFjODkzZWRhZDJkYzJmMTc2ZGFmMmJjNzBlMTM5Yjp7Il9zZXNzaW9uX2V4cGlyeSI6NDAwMCwiX2F1dGhfdXNlcl9oYXNoIjoiZTc3MDk4NmYxMjJjYzQzMzhiZTJiNDBjNTE1NTNkZWYwYzMwOWU5ZCIsIl9hdXRoX3VzZXJfaWQiOiIyIiwiX2F1dGhfdXNlcl9iYWNrZW5kIjoiZGphbmdvLmNvbnRyaWIuYXV0aC5iYWNrZW5kcy5Nb2RlbEJhY2tlbmQifQ==','2016-02-10 12:48:15'),('b9fz07pzm5at5wmzwiz250yjvoijfur4','MzA3MTdmMjZjZWFjODkzZWRhZDJkYzJmMTc2ZGFmMmJjNzBlMTM5Yjp7Il9zZXNzaW9uX2V4cGlyeSI6NDAwMCwiX2F1dGhfdXNlcl9oYXNoIjoiZTc3MDk4NmYxMjJjYzQzMzhiZTJiNDBjNTE1NTNkZWYwYzMwOWU5ZCIsIl9hdXRoX3VzZXJfaWQiOiIyIiwiX2F1dGhfdXNlcl9iYWNrZW5kIjoiZGphbmdvLmNvbnRyaWIuYXV0aC5iYWNrZW5kcy5Nb2RlbEJhY2tlbmQifQ==','2016-02-10 12:42:56'),('blbltj102xlot2bvhmfj7qwz5ui7egdq','YmQzYzFlN2M1OTJhMTMzMGQ0OTkxZjFlNmMxMTUxM2JjZDhmZTI5Yjp7Il9zZXNzaW9uX2V4cGlyeSI6NDAwMCwiX2F1dGhfdXNlcl9oYXNoIjoiY2YyNDBiOWFlODk1NjI1MzU2Mzk5NWU2OGY0NDNjYmUxZWViMmNjOCIsIl9hdXRoX3VzZXJfaWQiOiIxIiwiX2F1dGhfdXNlcl9iYWNrZW5kIjoiZGphbmdvLmNvbnRyaWIuYXV0aC5iYWNrZW5kcy5Nb2RlbEJhY2tlbmQifQ==','2016-02-03 12:03:31'),('bma2ln9klyy11eivrk0y5g37u93afci1','YmQzYzFlN2M1OTJhMTMzMGQ0OTkxZjFlNmMxMTUxM2JjZDhmZTI5Yjp7Il9zZXNzaW9uX2V4cGlyeSI6NDAwMCwiX2F1dGhfdXNlcl9oYXNoIjoiY2YyNDBiOWFlODk1NjI1MzU2Mzk5NWU2OGY0NDNjYmUxZWViMmNjOCIsIl9hdXRoX3VzZXJfaWQiOiIxIiwiX2F1dGhfdXNlcl9iYWNrZW5kIjoiZGphbmdvLmNvbnRyaWIuYXV0aC5iYWNrZW5kcy5Nb2RlbEJhY2tlbmQifQ==','2016-02-04 16:47:32'),('brfbwrt0tbo850doug5e33bu48bguqqq','NjA0MzJkY2MwNmNlNTY0MmNkYjViY2Y0MTk4ZTYwMzJlMmI3NmM4Njp7Il9hdXRoX3VzZXJfaGFzaCI6ImNmMjQwYjlhZTg5NTYyNTM1NjM5OTVlNjhmNDQzY2JlMWVlYjJjYzgiLCJfYXV0aF91c2VyX2JhY2tlbmQiOiJkamFuZ28uY29udHJpYi5hdXRoLmJhY2tlbmRzLk1vZGVsQmFja2VuZCIsIl9hdXRoX3VzZXJfaWQiOiIxIn0=','2016-02-27 09:10:25'),('buk3lbfn2d02se1a0oarj3zubotx8b43','OTg4ZDQ0Y2M1NTgwN2Q1NWRiNDEyYzQzNGU3ODljNmVkOTMxYzMzODp7Il9hdXRoX3VzZXJfYmFja2VuZCI6ImRqYW5nby5jb250cmliLmF1dGguYmFja2VuZHMuTW9kZWxCYWNrZW5kIiwiX2F1dGhfdXNlcl9oYXNoIjoiZTc3MDk4NmYxMjJjYzQzMzhiZTJiNDBjNTE1NTNkZWYwYzMwOWU5ZCIsIl9hdXRoX3VzZXJfaWQiOiIyIiwiX3Nlc3Npb25fZXhwaXJ5Ijo0MDAwfQ==','2016-03-07 20:20:42'),('c02uvvm4s7pfhynaecvk2rsunpj58g37','YmQzYzFlN2M1OTJhMTMzMGQ0OTkxZjFlNmMxMTUxM2JjZDhmZTI5Yjp7Il9zZXNzaW9uX2V4cGlyeSI6NDAwMCwiX2F1dGhfdXNlcl9oYXNoIjoiY2YyNDBiOWFlODk1NjI1MzU2Mzk5NWU2OGY0NDNjYmUxZWViMmNjOCIsIl9hdXRoX3VzZXJfaWQiOiIxIiwiX2F1dGhfdXNlcl9iYWNrZW5kIjoiZGphbmdvLmNvbnRyaWIuYXV0aC5iYWNrZW5kcy5Nb2RlbEJhY2tlbmQifQ==','2016-02-04 06:56:49'),('c0x25cq3a79v7iu7e08y1wiyy6f652tu','YmQzYzFlN2M1OTJhMTMzMGQ0OTkxZjFlNmMxMTUxM2JjZDhmZTI5Yjp7Il9zZXNzaW9uX2V4cGlyeSI6NDAwMCwiX2F1dGhfdXNlcl9oYXNoIjoiY2YyNDBiOWFlODk1NjI1MzU2Mzk5NWU2OGY0NDNjYmUxZWViMmNjOCIsIl9hdXRoX3VzZXJfaWQiOiIxIiwiX2F1dGhfdXNlcl9iYWNrZW5kIjoiZGphbmdvLmNvbnRyaWIuYXV0aC5iYWNrZW5kcy5Nb2RlbEJhY2tlbmQifQ==','2016-02-11 11:13:22'),('c7n7svmfrinvdbtcb7c1agpjoqixfqbm','YmQzYzFlN2M1OTJhMTMzMGQ0OTkxZjFlNmMxMTUxM2JjZDhmZTI5Yjp7Il9zZXNzaW9uX2V4cGlyeSI6NDAwMCwiX2F1dGhfdXNlcl9oYXNoIjoiY2YyNDBiOWFlODk1NjI1MzU2Mzk5NWU2OGY0NDNjYmUxZWViMmNjOCIsIl9hdXRoX3VzZXJfaWQiOiIxIiwiX2F1dGhfdXNlcl9iYWNrZW5kIjoiZGphbmdvLmNvbnRyaWIuYXV0aC5iYWNrZW5kcy5Nb2RlbEJhY2tlbmQifQ==','2016-02-08 08:33:12'),('c98d6720psiia06cqsf9d923zbydztnk','NzkyZWIwN2MxOTYwZWI0Nzg2NjEyYmViNWYxM2E2YzBiYzQ4MDhhODp7Il9zZXNzaW9uX2V4cGlyeSI6NjB9','2016-01-31 14:47:14'),('ckftp2wjak11prerrruovl3nqfxbpkbf','YmQzYzFlN2M1OTJhMTMzMGQ0OTkxZjFlNmMxMTUxM2JjZDhmZTI5Yjp7Il9zZXNzaW9uX2V4cGlyeSI6NDAwMCwiX2F1dGhfdXNlcl9oYXNoIjoiY2YyNDBiOWFlODk1NjI1MzU2Mzk5NWU2OGY0NDNjYmUxZWViMmNjOCIsIl9hdXRoX3VzZXJfaWQiOiIxIiwiX2F1dGhfdXNlcl9iYWNrZW5kIjoiZGphbmdvLmNvbnRyaWIuYXV0aC5iYWNrZW5kcy5Nb2RlbEJhY2tlbmQifQ==','2016-02-02 13:12:42'),('cwkm94q5q9blzab3x622qzqib7seu6ug','NjA0MzJkY2MwNmNlNTY0MmNkYjViY2Y0MTk4ZTYwMzJlMmI3NmM4Njp7Il9hdXRoX3VzZXJfaGFzaCI6ImNmMjQwYjlhZTg5NTYyNTM1NjM5OTVlNjhmNDQzY2JlMWVlYjJjYzgiLCJfYXV0aF91c2VyX2JhY2tlbmQiOiJkamFuZ28uY29udHJpYi5hdXRoLmJhY2tlbmRzLk1vZGVsQmFja2VuZCIsIl9hdXRoX3VzZXJfaWQiOiIxIn0=','2016-03-23 14:51:44'),('czdk4wniqx92m2kicz5c5g697vodndlo','NzEyOWM0ZmIzN2EwOTBjMTU5YjcyMDVlNjRmYzE5ZTQxN2M3MmVjMTp7Il9hdXRoX3VzZXJfaGFzaCI6ImU3NzA5ODZmMTIyY2M0MzM4YmUyYjQwYzUxNTUzZGVmMGMzMDllOWQiLCJfYXV0aF91c2VyX2JhY2tlbmQiOiJkamFuZ28uY29udHJpYi5hdXRoLmJhY2tlbmRzLk1vZGVsQmFja2VuZCIsIl9hdXRoX3VzZXJfaWQiOiIyIn0=','2016-03-23 11:57:11'),('dagsmt2kas0bs7vmu3fzwhycanvz56mv','YmQzYzFlN2M1OTJhMTMzMGQ0OTkxZjFlNmMxMTUxM2JjZDhmZTI5Yjp7Il9zZXNzaW9uX2V4cGlyeSI6NDAwMCwiX2F1dGhfdXNlcl9oYXNoIjoiY2YyNDBiOWFlODk1NjI1MzU2Mzk5NWU2OGY0NDNjYmUxZWViMmNjOCIsIl9hdXRoX3VzZXJfaWQiOiIxIiwiX2F1dGhfdXNlcl9iYWNrZW5kIjoiZGphbmdvLmNvbnRyaWIuYXV0aC5iYWNrZW5kcy5Nb2RlbEJhY2tlbmQifQ==','2016-02-09 05:14:36'),('do4nzsrrt79l1yqferxi0b83e4bk9qx0','YmQzYzFlN2M1OTJhMTMzMGQ0OTkxZjFlNmMxMTUxM2JjZDhmZTI5Yjp7Il9zZXNzaW9uX2V4cGlyeSI6NDAwMCwiX2F1dGhfdXNlcl9oYXNoIjoiY2YyNDBiOWFlODk1NjI1MzU2Mzk5NWU2OGY0NDNjYmUxZWViMmNjOCIsIl9hdXRoX3VzZXJfaWQiOiIxIiwiX2F1dGhfdXNlcl9iYWNrZW5kIjoiZGphbmdvLmNvbnRyaWIuYXV0aC5iYWNrZW5kcy5Nb2RlbEJhY2tlbmQifQ==','2016-02-03 16:54:00'),('dw7ddmu35biz99f04861a032ys5vg7uq','YmQzYzFlN2M1OTJhMTMzMGQ0OTkxZjFlNmMxMTUxM2JjZDhmZTI5Yjp7Il9zZXNzaW9uX2V4cGlyeSI6NDAwMCwiX2F1dGhfdXNlcl9oYXNoIjoiY2YyNDBiOWFlODk1NjI1MzU2Mzk5NWU2OGY0NDNjYmUxZWViMmNjOCIsIl9hdXRoX3VzZXJfaWQiOiIxIiwiX2F1dGhfdXNlcl9iYWNrZW5kIjoiZGphbmdvLmNvbnRyaWIuYXV0aC5iYWNrZW5kcy5Nb2RlbEJhY2tlbmQifQ==','2016-02-03 09:01:43'),('ewos6q2fbkoxd84ai4cpy0uzkrsenl0r','YmQzYzFlN2M1OTJhMTMzMGQ0OTkxZjFlNmMxMTUxM2JjZDhmZTI5Yjp7Il9zZXNzaW9uX2V4cGlyeSI6NDAwMCwiX2F1dGhfdXNlcl9oYXNoIjoiY2YyNDBiOWFlODk1NjI1MzU2Mzk5NWU2OGY0NDNjYmUxZWViMmNjOCIsIl9hdXRoX3VzZXJfaWQiOiIxIiwiX2F1dGhfdXNlcl9iYWNrZW5kIjoiZGphbmdvLmNvbnRyaWIuYXV0aC5iYWNrZW5kcy5Nb2RlbEJhY2tlbmQifQ==','2016-02-08 17:27:38'),('fh2sd8xhdol4xyp4qod8npr9rc5lp4qa','NjA0MzJkY2MwNmNlNTY0MmNkYjViY2Y0MTk4ZTYwMzJlMmI3NmM4Njp7Il9hdXRoX3VzZXJfaGFzaCI6ImNmMjQwYjlhZTg5NTYyNTM1NjM5OTVlNjhmNDQzY2JlMWVlYjJjYzgiLCJfYXV0aF91c2VyX2JhY2tlbmQiOiJkamFuZ28uY29udHJpYi5hdXRoLmJhY2tlbmRzLk1vZGVsQmFja2VuZCIsIl9hdXRoX3VzZXJfaWQiOiIxIn0=','2016-01-27 11:55:31'),('g93v8gx6oxvasy1g2t4yyot1ldkzmn44','NjA0MzJkY2MwNmNlNTY0MmNkYjViY2Y0MTk4ZTYwMzJlMmI3NmM4Njp7Il9hdXRoX3VzZXJfaGFzaCI6ImNmMjQwYjlhZTg5NTYyNTM1NjM5OTVlNjhmNDQzY2JlMWVlYjJjYzgiLCJfYXV0aF91c2VyX2JhY2tlbmQiOiJkamFuZ28uY29udHJpYi5hdXRoLmJhY2tlbmRzLk1vZGVsQmFja2VuZCIsIl9hdXRoX3VzZXJfaWQiOiIxIn0=','2016-03-17 08:29:29'),('gyqdc11mk7pyu15mbo9v9c2113s88n5j','NzkyZWIwN2MxOTYwZWI0Nzg2NjEyYmViNWYxM2E2YzBiYzQ4MDhhODp7Il9zZXNzaW9uX2V4cGlyeSI6NjB9','2016-01-31 13:56:14'),('gzy03on7v12gy11o5ggz93wdbshkxj16','NzkyZWIwN2MxOTYwZWI0Nzg2NjEyYmViNWYxM2E2YzBiYzQ4MDhhODp7Il9zZXNzaW9uX2V4cGlyeSI6NjB9','2016-01-31 14:48:43'),('hbooxl3pl6dl570u05hqegg8usydllgq','NjA0MzJkY2MwNmNlNTY0MmNkYjViY2Y0MTk4ZTYwMzJlMmI3NmM4Njp7Il9hdXRoX3VzZXJfaGFzaCI6ImNmMjQwYjlhZTg5NTYyNTM1NjM5OTVlNjhmNDQzY2JlMWVlYjJjYzgiLCJfYXV0aF91c2VyX2JhY2tlbmQiOiJkamFuZ28uY29udHJpYi5hdXRoLmJhY2tlbmRzLk1vZGVsQmFja2VuZCIsIl9hdXRoX3VzZXJfaWQiOiIxIn0=','2016-03-17 16:39:05'),('hmqa9vhd3o567jc65idz8b8l80svly7a','YmQzYzFlN2M1OTJhMTMzMGQ0OTkxZjFlNmMxMTUxM2JjZDhmZTI5Yjp7Il9zZXNzaW9uX2V4cGlyeSI6NDAwMCwiX2F1dGhfdXNlcl9oYXNoIjoiY2YyNDBiOWFlODk1NjI1MzU2Mzk5NWU2OGY0NDNjYmUxZWViMmNjOCIsIl9hdXRoX3VzZXJfaWQiOiIxIiwiX2F1dGhfdXNlcl9iYWNrZW5kIjoiZGphbmdvLmNvbnRyaWIuYXV0aC5iYWNrZW5kcy5Nb2RlbEJhY2tlbmQifQ==','2016-02-04 10:23:53'),('htp6e7ruvrktnjskouxgqghdghlfe7vw','YmQzYzFlN2M1OTJhMTMzMGQ0OTkxZjFlNmMxMTUxM2JjZDhmZTI5Yjp7Il9zZXNzaW9uX2V4cGlyeSI6NDAwMCwiX2F1dGhfdXNlcl9oYXNoIjoiY2YyNDBiOWFlODk1NjI1MzU2Mzk5NWU2OGY0NDNjYmUxZWViMmNjOCIsIl9hdXRoX3VzZXJfaWQiOiIxIiwiX2F1dGhfdXNlcl9iYWNrZW5kIjoiZGphbmdvLmNvbnRyaWIuYXV0aC5iYWNrZW5kcy5Nb2RlbEJhY2tlbmQifQ==','2016-02-06 17:37:54'),('i73v8uhnocfapbsh7sryo2g4n27q9dw8','MzA3MTdmMjZjZWFjODkzZWRhZDJkYzJmMTc2ZGFmMmJjNzBlMTM5Yjp7Il9zZXNzaW9uX2V4cGlyeSI6NDAwMCwiX2F1dGhfdXNlcl9oYXNoIjoiZTc3MDk4NmYxMjJjYzQzMzhiZTJiNDBjNTE1NTNkZWYwYzMwOWU5ZCIsIl9hdXRoX3VzZXJfaWQiOiIyIiwiX2F1dGhfdXNlcl9iYWNrZW5kIjoiZGphbmdvLmNvbnRyaWIuYXV0aC5iYWNrZW5kcy5Nb2RlbEJhY2tlbmQifQ==','2016-02-03 17:02:09'),('iculg13xextj8exaf5fd21w1htwbjznc','YmQzYzFlN2M1OTJhMTMzMGQ0OTkxZjFlNmMxMTUxM2JjZDhmZTI5Yjp7Il9zZXNzaW9uX2V4cGlyeSI6NDAwMCwiX2F1dGhfdXNlcl9oYXNoIjoiY2YyNDBiOWFlODk1NjI1MzU2Mzk5NWU2OGY0NDNjYmUxZWViMmNjOCIsIl9hdXRoX3VzZXJfaWQiOiIxIiwiX2F1dGhfdXNlcl9iYWNrZW5kIjoiZGphbmdvLmNvbnRyaWIuYXV0aC5iYWNrZW5kcy5Nb2RlbEJhY2tlbmQifQ==','2016-02-06 16:21:58'),('idn5ltnhwr2vm39l2o1u7rmk9k3khm2v','NzkyZWIwN2MxOTYwZWI0Nzg2NjEyYmViNWYxM2E2YzBiYzQ4MDhhODp7Il9zZXNzaW9uX2V4cGlyeSI6NjB9','2016-01-31 14:01:56'),('if3vxvv70hvcu77g6iu2x7lt6o9tv52o','YmQzYzFlN2M1OTJhMTMzMGQ0OTkxZjFlNmMxMTUxM2JjZDhmZTI5Yjp7Il9zZXNzaW9uX2V4cGlyeSI6NDAwMCwiX2F1dGhfdXNlcl9oYXNoIjoiY2YyNDBiOWFlODk1NjI1MzU2Mzk5NWU2OGY0NDNjYmUxZWViMmNjOCIsIl9hdXRoX3VzZXJfaWQiOiIxIiwiX2F1dGhfdXNlcl9iYWNrZW5kIjoiZGphbmdvLmNvbnRyaWIuYXV0aC5iYWNrZW5kcy5Nb2RlbEJhY2tlbmQifQ==','2016-02-07 14:03:37'),('iiopctmyrf1s4afkqmg7lbn4ln2n4e0h','YmQzYzFlN2M1OTJhMTMzMGQ0OTkxZjFlNmMxMTUxM2JjZDhmZTI5Yjp7Il9zZXNzaW9uX2V4cGlyeSI6NDAwMCwiX2F1dGhfdXNlcl9oYXNoIjoiY2YyNDBiOWFlODk1NjI1MzU2Mzk5NWU2OGY0NDNjYmUxZWViMmNjOCIsIl9hdXRoX3VzZXJfaWQiOiIxIiwiX2F1dGhfdXNlcl9iYWNrZW5kIjoiZGphbmdvLmNvbnRyaWIuYXV0aC5iYWNrZW5kcy5Nb2RlbEJhY2tlbmQifQ==','2016-02-05 06:10:59'),('ip8g6bseeghdheu7i3o9x672rl7uaxzb','YmQzYzFlN2M1OTJhMTMzMGQ0OTkxZjFlNmMxMTUxM2JjZDhmZTI5Yjp7Il9zZXNzaW9uX2V4cGlyeSI6NDAwMCwiX2F1dGhfdXNlcl9oYXNoIjoiY2YyNDBiOWFlODk1NjI1MzU2Mzk5NWU2OGY0NDNjYmUxZWViMmNjOCIsIl9hdXRoX3VzZXJfaWQiOiIxIiwiX2F1dGhfdXNlcl9iYWNrZW5kIjoiZGphbmdvLmNvbnRyaWIuYXV0aC5iYWNrZW5kcy5Nb2RlbEJhY2tlbmQifQ==','2016-02-10 16:30:14'),('jat7vvspq9j52e8t0i0djg84y4w5qy8l','YWQ2YjVkMTgyNzE4NjA4MzUwMzNkZTYyYmU4OGQwNzdjYmY5OTNlMzp7Il9zZXNzaW9uX2V4cGlyeSI6NjAsIl9hdXRoX3VzZXJfaGFzaCI6ImNmMjQwYjlhZTg5NTYyNTM1NjM5OTVlNjhmNDQzY2JlMWVlYjJjYzgiLCJfYXV0aF91c2VyX2lkIjoiMSIsIl9hdXRoX3VzZXJfYmFja2VuZCI6ImRqYW5nby5jb250cmliLmF1dGguYmFja2VuZHMuTW9kZWxCYWNrZW5kIn0=','2016-01-31 15:12:35'),('jbrxxytn9wvefessf42nqnhgz8uwkwp9','NzkyZWIwN2MxOTYwZWI0Nzg2NjEyYmViNWYxM2E2YzBiYzQ4MDhhODp7Il9zZXNzaW9uX2V4cGlyeSI6NjB9','2016-01-31 14:10:23'),('jqntsal1l03o3500lfpzexgontbfh3c4','NjA0MzJkY2MwNmNlNTY0MmNkYjViY2Y0MTk4ZTYwMzJlMmI3NmM4Njp7Il9hdXRoX3VzZXJfaGFzaCI6ImNmMjQwYjlhZTg5NTYyNTM1NjM5OTVlNjhmNDQzY2JlMWVlYjJjYzgiLCJfYXV0aF91c2VyX2JhY2tlbmQiOiJkamFuZ28uY29udHJpYi5hdXRoLmJhY2tlbmRzLk1vZGVsQmFja2VuZCIsIl9hdXRoX3VzZXJfaWQiOiIxIn0=','2016-03-24 17:18:33'),('jykv673e674kwrs2k75aubuzyhsjenm1','YmQzYzFlN2M1OTJhMTMzMGQ0OTkxZjFlNmMxMTUxM2JjZDhmZTI5Yjp7Il9zZXNzaW9uX2V4cGlyeSI6NDAwMCwiX2F1dGhfdXNlcl9oYXNoIjoiY2YyNDBiOWFlODk1NjI1MzU2Mzk5NWU2OGY0NDNjYmUxZWViMmNjOCIsIl9hdXRoX3VzZXJfaWQiOiIxIiwiX2F1dGhfdXNlcl9iYWNrZW5kIjoiZGphbmdvLmNvbnRyaWIuYXV0aC5iYWNrZW5kcy5Nb2RlbEJhY2tlbmQifQ==','2016-02-08 12:43:07'),('k3y8p6918o279d2mxkdyx0ywg0n4yjxx','Mjg0ZjFmOTIzY2JmNmQzYjQwNTc2MDYzY2M0Nzg4NDA0ZDhiMTdhNzp7Il9zZXNzaW9uX2V4cGlyeSI6NjAwMDB9','2016-02-01 09:31:22'),('k767vo3qgvs8babfcxs5r2sgrlzioh1w','YmQzYzFlN2M1OTJhMTMzMGQ0OTkxZjFlNmMxMTUxM2JjZDhmZTI5Yjp7Il9zZXNzaW9uX2V4cGlyeSI6NDAwMCwiX2F1dGhfdXNlcl9oYXNoIjoiY2YyNDBiOWFlODk1NjI1MzU2Mzk5NWU2OGY0NDNjYmUxZWViMmNjOCIsIl9hdXRoX3VzZXJfaWQiOiIxIiwiX2F1dGhfdXNlcl9iYWNrZW5kIjoiZGphbmdvLmNvbnRyaWIuYXV0aC5iYWNrZW5kcy5Nb2RlbEJhY2tlbmQifQ==','2016-02-11 08:19:23'),('kaz6zbs0qac1o3jbx12vy7a4xxscyz0j','YmQzYzFlN2M1OTJhMTMzMGQ0OTkxZjFlNmMxMTUxM2JjZDhmZTI5Yjp7Il9zZXNzaW9uX2V4cGlyeSI6NDAwMCwiX2F1dGhfdXNlcl9oYXNoIjoiY2YyNDBiOWFlODk1NjI1MzU2Mzk5NWU2OGY0NDNjYmUxZWViMmNjOCIsIl9hdXRoX3VzZXJfaWQiOiIxIiwiX2F1dGhfdXNlcl9iYWNrZW5kIjoiZGphbmdvLmNvbnRyaWIuYXV0aC5iYWNrZW5kcy5Nb2RlbEJhY2tlbmQifQ==','2016-02-04 09:14:02'),('kdhzvj5fsxh3t0ralc69ec0jyo47fdvx','YmQzYzFlN2M1OTJhMTMzMGQ0OTkxZjFlNmMxMTUxM2JjZDhmZTI5Yjp7Il9zZXNzaW9uX2V4cGlyeSI6NDAwMCwiX2F1dGhfdXNlcl9oYXNoIjoiY2YyNDBiOWFlODk1NjI1MzU2Mzk5NWU2OGY0NDNjYmUxZWViMmNjOCIsIl9hdXRoX3VzZXJfaWQiOiIxIiwiX2F1dGhfdXNlcl9iYWNrZW5kIjoiZGphbmdvLmNvbnRyaWIuYXV0aC5iYWNrZW5kcy5Nb2RlbEJhY2tlbmQifQ==','2016-02-06 10:05:56'),('ke2wsantrpquq1xwi4ejevwwytiobqqh','YTQ0ZDJmYTc1OWYxODg2ZjljZDMyMmMwMzA3NDY5ZTE2MjljMjVlMDp7Il9hdXRoX3VzZXJfYmFja2VuZCI6ImRqYW5nby5jb250cmliLmF1dGguYmFja2VuZHMuTW9kZWxCYWNrZW5kIiwiX2F1dGhfdXNlcl9oYXNoIjoiY2YyNDBiOWFlODk1NjI1MzU2Mzk5NWU2OGY0NDNjYmUxZWViMmNjOCIsIl9hdXRoX3VzZXJfaWQiOiIxIiwiX3Nlc3Npb25fZXhwaXJ5Ijo0MDAwfQ==','2016-02-01 08:38:51'),('ken3po4gs9hx75vmfu0o39xemdn573bc','YmQzYzFlN2M1OTJhMTMzMGQ0OTkxZjFlNmMxMTUxM2JjZDhmZTI5Yjp7Il9zZXNzaW9uX2V4cGlyeSI6NDAwMCwiX2F1dGhfdXNlcl9oYXNoIjoiY2YyNDBiOWFlODk1NjI1MzU2Mzk5NWU2OGY0NDNjYmUxZWViMmNjOCIsIl9hdXRoX3VzZXJfaWQiOiIxIiwiX2F1dGhfdXNlcl9iYWNrZW5kIjoiZGphbmdvLmNvbnRyaWIuYXV0aC5iYWNrZW5kcy5Nb2RlbEJhY2tlbmQifQ==','2016-02-03 07:06:35'),('kfkiqsvqcrelws8fkuw3bgf76kfr5qp9','YmQzYzFlN2M1OTJhMTMzMGQ0OTkxZjFlNmMxMTUxM2JjZDhmZTI5Yjp7Il9zZXNzaW9uX2V4cGlyeSI6NDAwMCwiX2F1dGhfdXNlcl9oYXNoIjoiY2YyNDBiOWFlODk1NjI1MzU2Mzk5NWU2OGY0NDNjYmUxZWViMmNjOCIsIl9hdXRoX3VzZXJfaWQiOiIxIiwiX2F1dGhfdXNlcl9iYWNrZW5kIjoiZGphbmdvLmNvbnRyaWIuYXV0aC5iYWNrZW5kcy5Nb2RlbEJhY2tlbmQifQ==','2016-02-07 12:55:44'),('kgr4is5s89ya9az5qeuhgnegz75rfiqg','YmQzYzFlN2M1OTJhMTMzMGQ0OTkxZjFlNmMxMTUxM2JjZDhmZTI5Yjp7Il9zZXNzaW9uX2V4cGlyeSI6NDAwMCwiX2F1dGhfdXNlcl9oYXNoIjoiY2YyNDBiOWFlODk1NjI1MzU2Mzk5NWU2OGY0NDNjYmUxZWViMmNjOCIsIl9hdXRoX3VzZXJfaWQiOiIxIiwiX2F1dGhfdXNlcl9iYWNrZW5kIjoiZGphbmdvLmNvbnRyaWIuYXV0aC5iYWNrZW5kcy5Nb2RlbEJhY2tlbmQifQ==','2016-02-10 06:35:50'),('kod0xiy0c8xh262303oe9csm8uup73mp','YmQzYzFlN2M1OTJhMTMzMGQ0OTkxZjFlNmMxMTUxM2JjZDhmZTI5Yjp7Il9zZXNzaW9uX2V4cGlyeSI6NDAwMCwiX2F1dGhfdXNlcl9oYXNoIjoiY2YyNDBiOWFlODk1NjI1MzU2Mzk5NWU2OGY0NDNjYmUxZWViMmNjOCIsIl9hdXRoX3VzZXJfaWQiOiIxIiwiX2F1dGhfdXNlcl9iYWNrZW5kIjoiZGphbmdvLmNvbnRyaWIuYXV0aC5iYWNrZW5kcy5Nb2RlbEJhY2tlbmQifQ==','2016-02-05 05:04:03'),('lb2bkigrtl171ii9u8jgpscgxl173gtu','YmQzYzFlN2M1OTJhMTMzMGQ0OTkxZjFlNmMxMTUxM2JjZDhmZTI5Yjp7Il9zZXNzaW9uX2V4cGlyeSI6NDAwMCwiX2F1dGhfdXNlcl9oYXNoIjoiY2YyNDBiOWFlODk1NjI1MzU2Mzk5NWU2OGY0NDNjYmUxZWViMmNjOCIsIl9hdXRoX3VzZXJfaWQiOiIxIiwiX2F1dGhfdXNlcl9iYWNrZW5kIjoiZGphbmdvLmNvbnRyaWIuYXV0aC5iYWNrZW5kcy5Nb2RlbEJhY2tlbmQifQ==','2016-02-08 10:08:39'),('lbbuq3p13t4wt0xfi0tzyvgij9nmxk9h','YmQzYzFlN2M1OTJhMTMzMGQ0OTkxZjFlNmMxMTUxM2JjZDhmZTI5Yjp7Il9zZXNzaW9uX2V4cGlyeSI6NDAwMCwiX2F1dGhfdXNlcl9oYXNoIjoiY2YyNDBiOWFlODk1NjI1MzU2Mzk5NWU2OGY0NDNjYmUxZWViMmNjOCIsIl9hdXRoX3VzZXJfaWQiOiIxIiwiX2F1dGhfdXNlcl9iYWNrZW5kIjoiZGphbmdvLmNvbnRyaWIuYXV0aC5iYWNrZW5kcy5Nb2RlbEJhY2tlbmQifQ==','2016-02-05 10:10:53'),('loxt0ycvtbrweri519xpo3tkuhkgn17s','YmQzYzFlN2M1OTJhMTMzMGQ0OTkxZjFlNmMxMTUxM2JjZDhmZTI5Yjp7Il9zZXNzaW9uX2V4cGlyeSI6NDAwMCwiX2F1dGhfdXNlcl9oYXNoIjoiY2YyNDBiOWFlODk1NjI1MzU2Mzk5NWU2OGY0NDNjYmUxZWViMmNjOCIsIl9hdXRoX3VzZXJfaWQiOiIxIiwiX2F1dGhfdXNlcl9iYWNrZW5kIjoiZGphbmdvLmNvbnRyaWIuYXV0aC5iYWNrZW5kcy5Nb2RlbEJhY2tlbmQifQ==','2016-02-08 06:18:37'),('lqiar0uk1p6uixnp7135zq36p6npv4uv','NzEyOWM0ZmIzN2EwOTBjMTU5YjcyMDVlNjRmYzE5ZTQxN2M3MmVjMTp7Il9hdXRoX3VzZXJfaGFzaCI6ImU3NzA5ODZmMTIyY2M0MzM4YmUyYjQwYzUxNTUzZGVmMGMzMDllOWQiLCJfYXV0aF91c2VyX2JhY2tlbmQiOiJkamFuZ28uY29udHJpYi5hdXRoLmJhY2tlbmRzLk1vZGVsQmFja2VuZCIsIl9hdXRoX3VzZXJfaWQiOiIyIn0=','2016-03-22 11:48:18'),('m1x7hliezx1msbe92jeu42w6vdwlnq1t','MzA3MTdmMjZjZWFjODkzZWRhZDJkYzJmMTc2ZGFmMmJjNzBlMTM5Yjp7Il9zZXNzaW9uX2V4cGlyeSI6NDAwMCwiX2F1dGhfdXNlcl9oYXNoIjoiZTc3MDk4NmYxMjJjYzQzMzhiZTJiNDBjNTE1NTNkZWYwYzMwOWU5ZCIsIl9hdXRoX3VzZXJfaWQiOiIyIiwiX2F1dGhfdXNlcl9iYWNrZW5kIjoiZGphbmdvLmNvbnRyaWIuYXV0aC5iYWNrZW5kcy5Nb2RlbEJhY2tlbmQifQ==','2016-02-03 09:09:51'),('ml0b62dina8h27c8st37s3t6ljjtqaqy','YmQzYzFlN2M1OTJhMTMzMGQ0OTkxZjFlNmMxMTUxM2JjZDhmZTI5Yjp7Il9zZXNzaW9uX2V4cGlyeSI6NDAwMCwiX2F1dGhfdXNlcl9oYXNoIjoiY2YyNDBiOWFlODk1NjI1MzU2Mzk5NWU2OGY0NDNjYmUxZWViMmNjOCIsIl9hdXRoX3VzZXJfaWQiOiIxIiwiX2F1dGhfdXNlcl9iYWNrZW5kIjoiZGphbmdvLmNvbnRyaWIuYXV0aC5iYWNrZW5kcy5Nb2RlbEJhY2tlbmQifQ==','2016-02-09 09:55:27'),('mx1rgq76xf2jzupdbhup1e89llo66z2m','YmQzYzFlN2M1OTJhMTMzMGQ0OTkxZjFlNmMxMTUxM2JjZDhmZTI5Yjp7Il9zZXNzaW9uX2V4cGlyeSI6NDAwMCwiX2F1dGhfdXNlcl9oYXNoIjoiY2YyNDBiOWFlODk1NjI1MzU2Mzk5NWU2OGY0NDNjYmUxZWViMmNjOCIsIl9hdXRoX3VzZXJfaWQiOiIxIiwiX2F1dGhfdXNlcl9iYWNrZW5kIjoiZGphbmdvLmNvbnRyaWIuYXV0aC5iYWNrZW5kcy5Nb2RlbEJhY2tlbmQifQ==','2016-02-06 15:13:23'),('naefx8dgkgotd4fjcrs0bb5ahn3agrnm','YmQzYzFlN2M1OTJhMTMzMGQ0OTkxZjFlNmMxMTUxM2JjZDhmZTI5Yjp7Il9zZXNzaW9uX2V4cGlyeSI6NDAwMCwiX2F1dGhfdXNlcl9oYXNoIjoiY2YyNDBiOWFlODk1NjI1MzU2Mzk5NWU2OGY0NDNjYmUxZWViMmNjOCIsIl9hdXRoX3VzZXJfaWQiOiIxIiwiX2F1dGhfdXNlcl9iYWNrZW5kIjoiZGphbmdvLmNvbnRyaWIuYXV0aC5iYWNrZW5kcy5Nb2RlbEJhY2tlbmQifQ==','2016-02-06 11:13:21'),('ncr4m4bjza76pswatqk8phaczklawowz','MzA3MTdmMjZjZWFjODkzZWRhZDJkYzJmMTc2ZGFmMmJjNzBlMTM5Yjp7Il9zZXNzaW9uX2V4cGlyeSI6NDAwMCwiX2F1dGhfdXNlcl9oYXNoIjoiZTc3MDk4NmYxMjJjYzQzMzhiZTJiNDBjNTE1NTNkZWYwYzMwOWU5ZCIsIl9hdXRoX3VzZXJfaWQiOiIyIiwiX2F1dGhfdXNlcl9iYWNrZW5kIjoiZGphbmdvLmNvbnRyaWIuYXV0aC5iYWNrZW5kcy5Nb2RlbEJhY2tlbmQifQ==','2016-02-03 10:44:31'),('ndqi181k4l3qxuivsz0y3h22r33clibz','YmQzYzFlN2M1OTJhMTMzMGQ0OTkxZjFlNmMxMTUxM2JjZDhmZTI5Yjp7Il9zZXNzaW9uX2V4cGlyeSI6NDAwMCwiX2F1dGhfdXNlcl9oYXNoIjoiY2YyNDBiOWFlODk1NjI1MzU2Mzk5NWU2OGY0NDNjYmUxZWViMmNjOCIsIl9hdXRoX3VzZXJfaWQiOiIxIiwiX2F1dGhfdXNlcl9iYWNrZW5kIjoiZGphbmdvLmNvbnRyaWIuYXV0aC5iYWNrZW5kcy5Nb2RlbEJhY2tlbmQifQ==','2016-02-05 12:50:10'),('nkr1ykkxr30vu2r4lvxg581temoewyd6','YmQzYzFlN2M1OTJhMTMzMGQ0OTkxZjFlNmMxMTUxM2JjZDhmZTI5Yjp7Il9zZXNzaW9uX2V4cGlyeSI6NDAwMCwiX2F1dGhfdXNlcl9oYXNoIjoiY2YyNDBiOWFlODk1NjI1MzU2Mzk5NWU2OGY0NDNjYmUxZWViMmNjOCIsIl9hdXRoX3VzZXJfaWQiOiIxIiwiX2F1dGhfdXNlcl9iYWNrZW5kIjoiZGphbmdvLmNvbnRyaWIuYXV0aC5iYWNrZW5kcy5Nb2RlbEJhY2tlbmQifQ==','2016-02-01 13:16:49'),('nq1dungt28l3ezbvv60e92te14zeihit','MzA3MTdmMjZjZWFjODkzZWRhZDJkYzJmMTc2ZGFmMmJjNzBlMTM5Yjp7Il9zZXNzaW9uX2V4cGlyeSI6NDAwMCwiX2F1dGhfdXNlcl9oYXNoIjoiZTc3MDk4NmYxMjJjYzQzMzhiZTJiNDBjNTE1NTNkZWYwYzMwOWU5ZCIsIl9hdXRoX3VzZXJfaWQiOiIyIiwiX2F1dGhfdXNlcl9iYWNrZW5kIjoiZGphbmdvLmNvbnRyaWIuYXV0aC5iYWNrZW5kcy5Nb2RlbEJhY2tlbmQifQ==','2016-02-01 10:00:53'),('ojtv2yqz677krp7xwtnikarhvmxxnivx','YmQzYzFlN2M1OTJhMTMzMGQ0OTkxZjFlNmMxMTUxM2JjZDhmZTI5Yjp7Il9zZXNzaW9uX2V4cGlyeSI6NDAwMCwiX2F1dGhfdXNlcl9oYXNoIjoiY2YyNDBiOWFlODk1NjI1MzU2Mzk5NWU2OGY0NDNjYmUxZWViMmNjOCIsIl9hdXRoX3VzZXJfaWQiOiIxIiwiX2F1dGhfdXNlcl9iYWNrZW5kIjoiZGphbmdvLmNvbnRyaWIuYXV0aC5iYWNrZW5kcy5Nb2RlbEJhY2tlbmQifQ==','2016-02-04 12:38:42'),('owd9rpbu2c7y0mf3oos9e3g044bkhyxo','YmQzYzFlN2M1OTJhMTMzMGQ0OTkxZjFlNmMxMTUxM2JjZDhmZTI5Yjp7Il9zZXNzaW9uX2V4cGlyeSI6NDAwMCwiX2F1dGhfdXNlcl9oYXNoIjoiY2YyNDBiOWFlODk1NjI1MzU2Mzk5NWU2OGY0NDNjYmUxZWViMmNjOCIsIl9hdXRoX3VzZXJfaWQiOiIxIiwiX2F1dGhfdXNlcl9iYWNrZW5kIjoiZGphbmdvLmNvbnRyaWIuYXV0aC5iYWNrZW5kcy5Nb2RlbEJhY2tlbmQifQ==','2016-02-03 14:19:28'),('pcwhby006sg3pifrfhypddscye431iuz','NzkyZWIwN2MxOTYwZWI0Nzg2NjEyYmViNWYxM2E2YzBiYzQ4MDhhODp7Il9zZXNzaW9uX2V4cGlyeSI6NjB9','2016-01-31 13:58:01'),('pi54vxjzcc3jkpy34qc6vd4o6k232iyk','YmQzYzFlN2M1OTJhMTMzMGQ0OTkxZjFlNmMxMTUxM2JjZDhmZTI5Yjp7Il9zZXNzaW9uX2V4cGlyeSI6NDAwMCwiX2F1dGhfdXNlcl9oYXNoIjoiY2YyNDBiOWFlODk1NjI1MzU2Mzk5NWU2OGY0NDNjYmUxZWViMmNjOCIsIl9hdXRoX3VzZXJfaWQiOiIxIiwiX2F1dGhfdXNlcl9iYWNrZW5kIjoiZGphbmdvLmNvbnRyaWIuYXV0aC5iYWNrZW5kcy5Nb2RlbEJhY2tlbmQifQ==','2016-02-07 11:38:40'),('psis3l0re18mbskfgvdv005i09mnt6zk','YmQzYzFlN2M1OTJhMTMzMGQ0OTkxZjFlNmMxMTUxM2JjZDhmZTI5Yjp7Il9zZXNzaW9uX2V4cGlyeSI6NDAwMCwiX2F1dGhfdXNlcl9oYXNoIjoiY2YyNDBiOWFlODk1NjI1MzU2Mzk5NWU2OGY0NDNjYmUxZWViMmNjOCIsIl9hdXRoX3VzZXJfaWQiOiIxIiwiX2F1dGhfdXNlcl9iYWNrZW5kIjoiZGphbmdvLmNvbnRyaWIuYXV0aC5iYWNrZW5kcy5Nb2RlbEJhY2tlbmQifQ==','2016-02-05 13:59:23'),('pwbff5pb5nho4wr4fpc19e2q8ryt2cut','YWQ2YjVkMTgyNzE4NjA4MzUwMzNkZTYyYmU4OGQwNzdjYmY5OTNlMzp7Il9zZXNzaW9uX2V4cGlyeSI6NjAsIl9hdXRoX3VzZXJfaGFzaCI6ImNmMjQwYjlhZTg5NTYyNTM1NjM5OTVlNjhmNDQzY2JlMWVlYjJjYzgiLCJfYXV0aF91c2VyX2lkIjoiMSIsIl9hdXRoX3VzZXJfYmFja2VuZCI6ImRqYW5nby5jb250cmliLmF1dGguYmFja2VuZHMuTW9kZWxCYWNrZW5kIn0=','2016-01-31 15:16:45'),('q73fdfkdzru2lmio4nrw54r5innhzuo8','YWQ2YjVkMTgyNzE4NjA4MzUwMzNkZTYyYmU4OGQwNzdjYmY5OTNlMzp7Il9zZXNzaW9uX2V4cGlyeSI6NjAsIl9hdXRoX3VzZXJfaGFzaCI6ImNmMjQwYjlhZTg5NTYyNTM1NjM5OTVlNjhmNDQzY2JlMWVlYjJjYzgiLCJfYXV0aF91c2VyX2lkIjoiMSIsIl9hdXRoX3VzZXJfYmFja2VuZCI6ImRqYW5nby5jb250cmliLmF1dGguYmFja2VuZHMuTW9kZWxCYWNrZW5kIn0=','2016-01-31 15:49:58'),('qdy6nh7gxpzipq6jyc47o0cqnezu90x8','YmQzYzFlN2M1OTJhMTMzMGQ0OTkxZjFlNmMxMTUxM2JjZDhmZTI5Yjp7Il9zZXNzaW9uX2V4cGlyeSI6NDAwMCwiX2F1dGhfdXNlcl9oYXNoIjoiY2YyNDBiOWFlODk1NjI1MzU2Mzk5NWU2OGY0NDNjYmUxZWViMmNjOCIsIl9hdXRoX3VzZXJfaWQiOiIxIiwiX2F1dGhfdXNlcl9iYWNrZW5kIjoiZGphbmdvLmNvbnRyaWIuYXV0aC5iYWNrZW5kcy5Nb2RlbEJhY2tlbmQifQ==','2016-02-03 17:00:21'),('qm9wfx2rjdedlk4n8jlw4tq6rwa8xu2b','YmQzYzFlN2M1OTJhMTMzMGQ0OTkxZjFlNmMxMTUxM2JjZDhmZTI5Yjp7Il9zZXNzaW9uX2V4cGlyeSI6NDAwMCwiX2F1dGhfdXNlcl9oYXNoIjoiY2YyNDBiOWFlODk1NjI1MzU2Mzk5NWU2OGY0NDNjYmUxZWViMmNjOCIsIl9hdXRoX3VzZXJfaWQiOiIxIiwiX2F1dGhfdXNlcl9iYWNrZW5kIjoiZGphbmdvLmNvbnRyaWIuYXV0aC5iYWNrZW5kcy5Nb2RlbEJhY2tlbmQifQ==','2016-02-11 05:33:41'),('r4nvre5cq4rpbxnka691kur49cumdkqa','YmQzYzFlN2M1OTJhMTMzMGQ0OTkxZjFlNmMxMTUxM2JjZDhmZTI5Yjp7Il9zZXNzaW9uX2V4cGlyeSI6NDAwMCwiX2F1dGhfdXNlcl9oYXNoIjoiY2YyNDBiOWFlODk1NjI1MzU2Mzk5NWU2OGY0NDNjYmUxZWViMmNjOCIsIl9hdXRoX3VzZXJfaWQiOiIxIiwiX2F1dGhfdXNlcl9iYWNrZW5kIjoiZGphbmdvLmNvbnRyaWIuYXV0aC5iYWNrZW5kcy5Nb2RlbEJhY2tlbmQifQ==','2016-02-04 06:20:49'),('re6e9sawzujxf07wptbzhvikokz9jnga','YmQzYzFlN2M1OTJhMTMzMGQ0OTkxZjFlNmMxMTUxM2JjZDhmZTI5Yjp7Il9zZXNzaW9uX2V4cGlyeSI6NDAwMCwiX2F1dGhfdXNlcl9oYXNoIjoiY2YyNDBiOWFlODk1NjI1MzU2Mzk5NWU2OGY0NDNjYmUxZWViMmNjOCIsIl9hdXRoX3VzZXJfaWQiOiIxIiwiX2F1dGhfdXNlcl9iYWNrZW5kIjoiZGphbmdvLmNvbnRyaWIuYXV0aC5iYWNrZW5kcy5Nb2RlbEJhY2tlbmQifQ==','2016-02-05 11:18:53'),('rfk79jmmq3j8nwbeoeq0p7mrmukjmxtw','YTQ0ZDJmYTc1OWYxODg2ZjljZDMyMmMwMzA3NDY5ZTE2MjljMjVlMDp7Il9hdXRoX3VzZXJfYmFja2VuZCI6ImRqYW5nby5jb250cmliLmF1dGguYmFja2VuZHMuTW9kZWxCYWNrZW5kIiwiX2F1dGhfdXNlcl9oYXNoIjoiY2YyNDBiOWFlODk1NjI1MzU2Mzk5NWU2OGY0NDNjYmUxZWViMmNjOCIsIl9hdXRoX3VzZXJfaWQiOiIxIiwiX3Nlc3Npb25fZXhwaXJ5Ijo0MDAwfQ==','2016-03-06 14:09:01'),('rkzmp5qg0dik0t4tcjw86pe3r7tacef0','MzA3MTdmMjZjZWFjODkzZWRhZDJkYzJmMTc2ZGFmMmJjNzBlMTM5Yjp7Il9zZXNzaW9uX2V4cGlyeSI6NDAwMCwiX2F1dGhfdXNlcl9oYXNoIjoiZTc3MDk4NmYxMjJjYzQzMzhiZTJiNDBjNTE1NTNkZWYwYzMwOWU5ZCIsIl9hdXRoX3VzZXJfaWQiOiIyIiwiX2F1dGhfdXNlcl9iYWNrZW5kIjoiZGphbmdvLmNvbnRyaWIuYXV0aC5iYWNrZW5kcy5Nb2RlbEJhY2tlbmQifQ==','2016-02-03 09:11:03'),('rpuh6fuas51gl94nwczd7z3gel93fj1w','NzkyZWIwN2MxOTYwZWI0Nzg2NjEyYmViNWYxM2E2YzBiYzQ4MDhhODp7Il9zZXNzaW9uX2V4cGlyeSI6NjB9','2016-01-31 14:40:16'),('rqtskgy7zdcl9do25zz2dqqcebsgq3yp','YmQzYzFlN2M1OTJhMTMzMGQ0OTkxZjFlNmMxMTUxM2JjZDhmZTI5Yjp7Il9zZXNzaW9uX2V4cGlyeSI6NDAwMCwiX2F1dGhfdXNlcl9oYXNoIjoiY2YyNDBiOWFlODk1NjI1MzU2Mzk5NWU2OGY0NDNjYmUxZWViMmNjOCIsIl9hdXRoX3VzZXJfaWQiOiIxIiwiX2F1dGhfdXNlcl9iYWNrZW5kIjoiZGphbmdvLmNvbnRyaWIuYXV0aC5iYWNrZW5kcy5Nb2RlbEJhY2tlbmQifQ==','2016-02-08 07:26:01'),('rujd7uqphu4zm124v71v1a30ayl2xk8c','NjA0MzJkY2MwNmNlNTY0MmNkYjViY2Y0MTk4ZTYwMzJlMmI3NmM4Njp7Il9hdXRoX3VzZXJfaGFzaCI6ImNmMjQwYjlhZTg5NTYyNTM1NjM5OTVlNjhmNDQzY2JlMWVlYjJjYzgiLCJfYXV0aF91c2VyX2JhY2tlbmQiOiJkamFuZ28uY29udHJpYi5hdXRoLmJhY2tlbmRzLk1vZGVsQmFja2VuZCIsIl9hdXRoX3VzZXJfaWQiOiIxIn0=','2016-03-18 13:48:03'),('sn88q13kjrntfq862c9m2beugl4gw38k','YmQzYzFlN2M1OTJhMTMzMGQ0OTkxZjFlNmMxMTUxM2JjZDhmZTI5Yjp7Il9zZXNzaW9uX2V4cGlyeSI6NDAwMCwiX2F1dGhfdXNlcl9oYXNoIjoiY2YyNDBiOWFlODk1NjI1MzU2Mzk5NWU2OGY0NDNjYmUxZWViMmNjOCIsIl9hdXRoX3VzZXJfaWQiOiIxIiwiX2F1dGhfdXNlcl9iYWNrZW5kIjoiZGphbmdvLmNvbnRyaWIuYXV0aC5iYWNrZW5kcy5Nb2RlbEJhY2tlbmQifQ==','2016-02-03 04:59:57'),('sszrx7gw4ip29k9f2k1e3izgee0sj7dw','YmQzYzFlN2M1OTJhMTMzMGQ0OTkxZjFlNmMxMTUxM2JjZDhmZTI5Yjp7Il9zZXNzaW9uX2V4cGlyeSI6NDAwMCwiX2F1dGhfdXNlcl9oYXNoIjoiY2YyNDBiOWFlODk1NjI1MzU2Mzk5NWU2OGY0NDNjYmUxZWViMmNjOCIsIl9hdXRoX3VzZXJfaWQiOiIxIiwiX2F1dGhfdXNlcl9iYWNrZW5kIjoiZGphbmdvLmNvbnRyaWIuYXV0aC5iYWNrZW5kcy5Nb2RlbEJhY2tlbmQifQ==','2016-02-09 12:09:55'),('sv604bkh1iu1f6128spbsd6izucp3par','ZThhNzNiMWQ1YjE5NTVlOGFjNzM4NmEzMGI3ODZiOGI5YTExNzA2NTp7Il9zZXNzaW9uX2V4cGlyeSI6NjAwMDAsIl9hdXRoX3VzZXJfaGFzaCI6ImNmMjQwYjlhZTg5NTYyNTM1NjM5OTVlNjhmNDQzY2JlMWVlYjJjYzgiLCJfYXV0aF91c2VyX2lkIjoiMSIsIl9hdXRoX3VzZXJfYmFja2VuZCI6ImRqYW5nby5jb250cmliLmF1dGguYmFja2VuZHMuTW9kZWxCYWNrZW5kIn0=','2016-02-01 08:42:02'),('t8oisfeszbyixb6f90fte73tycge8bi3','ZjYzNjFiODRhNTBlOTYyNzJmMDA2MzRkZWVhMzAzNDIwNDIxMTRkZDp7Il9hdXRoX3VzZXJfaGFzaCI6ImNmMjQwYjlhZTg5NTYyNTM1NjM5OTVlNjhmNDQzY2JlMWVlYjJjYzgiLCJfYXV0aF91c2VyX2lkIjoiMSIsIl9hdXRoX3VzZXJfYmFja2VuZCI6ImRqYW5nby5jb250cmliLmF1dGguYmFja2VuZHMuTW9kZWxCYWNrZW5kIn0=','2016-03-02 15:46:07'),('tdf8pib15fg5ycc7kjam50guzbq8xt4g','YmQzYzFlN2M1OTJhMTMzMGQ0OTkxZjFlNmMxMTUxM2JjZDhmZTI5Yjp7Il9zZXNzaW9uX2V4cGlyeSI6NDAwMCwiX2F1dGhfdXNlcl9oYXNoIjoiY2YyNDBiOWFlODk1NjI1MzU2Mzk5NWU2OGY0NDNjYmUxZWViMmNjOCIsIl9hdXRoX3VzZXJfaWQiOiIxIiwiX2F1dGhfdXNlcl9iYWNrZW5kIjoiZGphbmdvLmNvbnRyaWIuYXV0aC5iYWNrZW5kcy5Nb2RlbEJhY2tlbmQifQ==','2016-02-08 05:12:41'),('tw9qsemceb1a5kh5spheorscawirujja','YmQzYzFlN2M1OTJhMTMzMGQ0OTkxZjFlNmMxMTUxM2JjZDhmZTI5Yjp7Il9zZXNzaW9uX2V4cGlyeSI6NDAwMCwiX2F1dGhfdXNlcl9oYXNoIjoiY2YyNDBiOWFlODk1NjI1MzU2Mzk5NWU2OGY0NDNjYmUxZWViMmNjOCIsIl9hdXRoX3VzZXJfaWQiOiIxIiwiX2F1dGhfdXNlcl9iYWNrZW5kIjoiZGphbmdvLmNvbnRyaWIuYXV0aC5iYWNrZW5kcy5Nb2RlbEJhY2tlbmQifQ==','2016-02-10 12:33:17'),('u2op5dqckibzpakb78xnuvk25401xsl5','YmQzYzFlN2M1OTJhMTMzMGQ0OTkxZjFlNmMxMTUxM2JjZDhmZTI5Yjp7Il9zZXNzaW9uX2V4cGlyeSI6NDAwMCwiX2F1dGhfdXNlcl9oYXNoIjoiY2YyNDBiOWFlODk1NjI1MzU2Mzk5NWU2OGY0NDNjYmUxZWViMmNjOCIsIl9hdXRoX3VzZXJfaWQiOiIxIiwiX2F1dGhfdXNlcl9iYWNrZW5kIjoiZGphbmdvLmNvbnRyaWIuYXV0aC5iYWNrZW5kcy5Nb2RlbEJhY2tlbmQifQ==','2016-02-07 10:26:21'),('ufc49bnbpb2wrnbvihwkvixw7wiaoxq6','YWQ2YjVkMTgyNzE4NjA4MzUwMzNkZTYyYmU4OGQwNzdjYmY5OTNlMzp7Il9zZXNzaW9uX2V4cGlyeSI6NjAsIl9hdXRoX3VzZXJfaGFzaCI6ImNmMjQwYjlhZTg5NTYyNTM1NjM5OTVlNjhmNDQzY2JlMWVlYjJjYzgiLCJfYXV0aF91c2VyX2lkIjoiMSIsIl9hdXRoX3VzZXJfYmFja2VuZCI6ImRqYW5nby5jb250cmliLmF1dGguYmFja2VuZHMuTW9kZWxCYWNrZW5kIn0=','2016-01-31 13:54:25'),('uptsh753tcxmdnwsqx532dwom0mja16j','YmQzYzFlN2M1OTJhMTMzMGQ0OTkxZjFlNmMxMTUxM2JjZDhmZTI5Yjp7Il9zZXNzaW9uX2V4cGlyeSI6NDAwMCwiX2F1dGhfdXNlcl9oYXNoIjoiY2YyNDBiOWFlODk1NjI1MzU2Mzk5NWU2OGY0NDNjYmUxZWViMmNjOCIsIl9hdXRoX3VzZXJfaWQiOiIxIiwiX2F1dGhfdXNlcl9iYWNrZW5kIjoiZGphbmdvLmNvbnRyaWIuYXV0aC5iYWNrZW5kcy5Nb2RlbEJhY2tlbmQifQ==','2016-02-11 07:11:29'),('uxyr58wtntc5yaoor6n3oap5fvwh1gwq','YmQzYzFlN2M1OTJhMTMzMGQ0OTkxZjFlNmMxMTUxM2JjZDhmZTI5Yjp7Il9zZXNzaW9uX2V4cGlyeSI6NDAwMCwiX2F1dGhfdXNlcl9oYXNoIjoiY2YyNDBiOWFlODk1NjI1MzU2Mzk5NWU2OGY0NDNjYmUxZWViMmNjOCIsIl9hdXRoX3VzZXJfaWQiOiIxIiwiX2F1dGhfdXNlcl9iYWNrZW5kIjoiZGphbmdvLmNvbnRyaWIuYXV0aC5iYWNrZW5kcy5Nb2RlbEJhY2tlbmQifQ==','2016-02-11 12:22:02'),('v7y6zby6801pw7d8qzcsx9b738zg20fg','NjA0MzJkY2MwNmNlNTY0MmNkYjViY2Y0MTk4ZTYwMzJlMmI3NmM4Njp7Il9hdXRoX3VzZXJfaGFzaCI6ImNmMjQwYjlhZTg5NTYyNTM1NjM5OTVlNjhmNDQzY2JlMWVlYjJjYzgiLCJfYXV0aF91c2VyX2JhY2tlbmQiOiJkamFuZ28uY29udHJpYi5hdXRoLmJhY2tlbmRzLk1vZGVsQmFja2VuZCIsIl9hdXRoX3VzZXJfaWQiOiIxIn0=','2016-03-12 19:40:16'),('vb3qzi60gtw1n0kibwiyh6yxsihthhit','YmQzYzFlN2M1OTJhMTMzMGQ0OTkxZjFlNmMxMTUxM2JjZDhmZTI5Yjp7Il9zZXNzaW9uX2V4cGlyeSI6NDAwMCwiX2F1dGhfdXNlcl9oYXNoIjoiY2YyNDBiOWFlODk1NjI1MzU2Mzk5NWU2OGY0NDNjYmUxZWViMmNjOCIsIl9hdXRoX3VzZXJfaWQiOiIxIiwiX2F1dGhfdXNlcl9iYWNrZW5kIjoiZGphbmdvLmNvbnRyaWIuYXV0aC5iYWNrZW5kcy5Nb2RlbEJhY2tlbmQifQ==','2016-02-10 13:43:35'),('w14g0k7h0n8pfsmf3cxraxww2zm7xhce','YTQ0ZDJmYTc1OWYxODg2ZjljZDMyMmMwMzA3NDY5ZTE2MjljMjVlMDp7Il9hdXRoX3VzZXJfYmFja2VuZCI6ImRqYW5nby5jb250cmliLmF1dGguYmFja2VuZHMuTW9kZWxCYWNrZW5kIiwiX2F1dGhfdXNlcl9oYXNoIjoiY2YyNDBiOWFlODk1NjI1MzU2Mzk5NWU2OGY0NDNjYmUxZWViMmNjOCIsIl9hdXRoX3VzZXJfaWQiOiIxIiwiX3Nlc3Npb25fZXhwaXJ5Ijo0MDAwfQ==','2016-02-06 11:05:36'),('whwgkjear9eb891nusfrd9u8hsivdi1n','YmQzYzFlN2M1OTJhMTMzMGQ0OTkxZjFlNmMxMTUxM2JjZDhmZTI5Yjp7Il9zZXNzaW9uX2V4cGlyeSI6NDAwMCwiX2F1dGhfdXNlcl9oYXNoIjoiY2YyNDBiOWFlODk1NjI1MzU2Mzk5NWU2OGY0NDNjYmUxZWViMmNjOCIsIl9hdXRoX3VzZXJfaWQiOiIxIiwiX2F1dGhfdXNlcl9iYWNrZW5kIjoiZGphbmdvLmNvbnRyaWIuYXV0aC5iYWNrZW5kcy5Nb2RlbEJhY2tlbmQifQ==','2016-02-08 12:00:27'),('wrswcztdws1ftbmizlgog03kfhk1tmam','NzkyZWIwN2MxOTYwZWI0Nzg2NjEyYmViNWYxM2E2YzBiYzQ4MDhhODp7Il9zZXNzaW9uX2V4cGlyeSI6NjB9','2016-01-31 14:08:53'),('x2ng3l24x0ffjghtb0tac558jl8xdbhn','NjA0MzJkY2MwNmNlNTY0MmNkYjViY2Y0MTk4ZTYwMzJlMmI3NmM4Njp7Il9hdXRoX3VzZXJfaGFzaCI6ImNmMjQwYjlhZTg5NTYyNTM1NjM5OTVlNjhmNDQzY2JlMWVlYjJjYzgiLCJfYXV0aF91c2VyX2JhY2tlbmQiOiJkamFuZ28uY29udHJpYi5hdXRoLmJhY2tlbmRzLk1vZGVsQmFja2VuZCIsIl9hdXRoX3VzZXJfaWQiOiIxIn0=','2016-03-16 16:16:08'),('x6miquvqoax8hjpps5o70tcty3p053rw','YmQzYzFlN2M1OTJhMTMzMGQ0OTkxZjFlNmMxMTUxM2JjZDhmZTI5Yjp7Il9zZXNzaW9uX2V4cGlyeSI6NDAwMCwiX2F1dGhfdXNlcl9oYXNoIjoiY2YyNDBiOWFlODk1NjI1MzU2Mzk5NWU2OGY0NDNjYmUxZWViMmNjOCIsIl9hdXRoX3VzZXJfaWQiOiIxIiwiX2F1dGhfdXNlcl9iYWNrZW5kIjoiZGphbmdvLmNvbnRyaWIuYXV0aC5iYWNrZW5kcy5Nb2RlbEJhY2tlbmQifQ==','2016-02-08 13:51:21'),('xsx3oyuvzyz7obcb58yp59jkmpo76tfb','NjA0MzJkY2MwNmNlNTY0MmNkYjViY2Y0MTk4ZTYwMzJlMmI3NmM4Njp7Il9hdXRoX3VzZXJfaGFzaCI6ImNmMjQwYjlhZTg5NTYyNTM1NjM5OTVlNjhmNDQzY2JlMWVlYjJjYzgiLCJfYXV0aF91c2VyX2JhY2tlbmQiOiJkamFuZ28uY29udHJpYi5hdXRoLmJhY2tlbmRzLk1vZGVsQmFja2VuZCIsIl9hdXRoX3VzZXJfaWQiOiIxIn0=','2016-03-31 11:51:00'),('y62xbvqew2g63kvd0anqfrxrpp3iheg0','ZThhNzNiMWQ1YjE5NTVlOGFjNzM4NmEzMGI3ODZiOGI5YTExNzA2NTp7Il9zZXNzaW9uX2V4cGlyeSI6NjAwMDAsIl9hdXRoX3VzZXJfaGFzaCI6ImNmMjQwYjlhZTg5NTYyNTM1NjM5OTVlNjhmNDQzY2JlMWVlYjJjYzgiLCJfYXV0aF91c2VyX2lkIjoiMSIsIl9hdXRoX3VzZXJfYmFja2VuZCI6ImRqYW5nby5jb250cmliLmF1dGguYmFja2VuZHMuTW9kZWxCYWNrZW5kIn0=','2016-02-01 09:31:20'),('ymoh42j8wi2n86qv0f1nh7cearrqfk7e','YmQzYzFlN2M1OTJhMTMzMGQ0OTkxZjFlNmMxMTUxM2JjZDhmZTI5Yjp7Il9zZXNzaW9uX2V4cGlyeSI6NDAwMCwiX2F1dGhfdXNlcl9oYXNoIjoiY2YyNDBiOWFlODk1NjI1MzU2Mzk5NWU2OGY0NDNjYmUxZWViMmNjOCIsIl9hdXRoX3VzZXJfaWQiOiIxIiwiX2F1dGhfdXNlcl9iYWNrZW5kIjoiZGphbmdvLmNvbnRyaWIuYXV0aC5iYWNrZW5kcy5Nb2RlbEJhY2tlbmQifQ==','2016-02-11 06:13:30'),('ys99uh9ke08y3qppu7i8rh69rm573avy','YmQzYzFlN2M1OTJhMTMzMGQ0OTkxZjFlNmMxMTUxM2JjZDhmZTI5Yjp7Il9zZXNzaW9uX2V4cGlyeSI6NDAwMCwiX2F1dGhfdXNlcl9oYXNoIjoiY2YyNDBiOWFlODk1NjI1MzU2Mzk5NWU2OGY0NDNjYmUxZWViMmNjOCIsIl9hdXRoX3VzZXJfaWQiOiIxIiwiX2F1dGhfdXNlcl9iYWNrZW5kIjoiZGphbmdvLmNvbnRyaWIuYXV0aC5iYWNrZW5kcy5Nb2RlbEJhY2tlbmQifQ==','2016-02-05 08:25:22'),('z44lxqft4s4kigkmugaxepxodsig41ep','YmQzYzFlN2M1OTJhMTMzMGQ0OTkxZjFlNmMxMTUxM2JjZDhmZTI5Yjp7Il9zZXNzaW9uX2V4cGlyeSI6NDAwMCwiX2F1dGhfdXNlcl9oYXNoIjoiY2YyNDBiOWFlODk1NjI1MzU2Mzk5NWU2OGY0NDNjYmUxZWViMmNjOCIsIl9hdXRoX3VzZXJfaWQiOiIxIiwiX2F1dGhfdXNlcl9iYWNrZW5kIjoiZGphbmdvLmNvbnRyaWIuYXV0aC5iYWNrZW5kcy5Nb2RlbEJhY2tlbmQifQ==','2016-02-02 10:19:39'),('zrmhhoy2njgwj0z85917201j5wj9esnn','NjA0MzJkY2MwNmNlNTY0MmNkYjViY2Y0MTk4ZTYwMzJlMmI3NmM4Njp7Il9hdXRoX3VzZXJfaGFzaCI6ImNmMjQwYjlhZTg5NTYyNTM1NjM5OTVlNjhmNDQzY2JlMWVlYjJjYzgiLCJfYXV0aF91c2VyX2JhY2tlbmQiOiJkamFuZ28uY29udHJpYi5hdXRoLmJhY2tlbmRzLk1vZGVsQmFja2VuZCIsIl9hdXRoX3VzZXJfaWQiOiIxIn0=','2016-01-08 11:08:28'),('zs38fp1dds036fy2leuu2kv0lplyl95s','YmQzYzFlN2M1OTJhMTMzMGQ0OTkxZjFlNmMxMTUxM2JjZDhmZTI5Yjp7Il9zZXNzaW9uX2V4cGlyeSI6NDAwMCwiX2F1dGhfdXNlcl9oYXNoIjoiY2YyNDBiOWFlODk1NjI1MzU2Mzk5NWU2OGY0NDNjYmUxZWViMmNjOCIsIl9hdXRoX3VzZXJfaWQiOiIxIiwiX2F1dGhfdXNlcl9iYWNrZW5kIjoiZGphbmdvLmNvbnRyaWIuYXV0aC5iYWNrZW5kcy5Nb2RlbEJhY2tlbmQifQ==','2016-02-11 06:33:54');
/*!40000 ALTER TABLE `django_session` ENABLE KEYS */;
UNLOCK TABLES;
/*!40103 SET TIME_ZONE=@OLD_TIME_ZONE */;

/*!40101 SET SQL_MODE=@OLD_SQL_MODE */;
/*!40014 SET FOREIGN_KEY_CHECKS=@OLD_FOREIGN_KEY_CHECKS */;
/*!40014 SET UNIQUE_CHECKS=@OLD_UNIQUE_CHECKS */;
/*!40101 SET CHARACTER_SET_CLIENT=@OLD_CHARACTER_SET_CLIENT */;
/*!40101 SET CHARACTER_SET_RESULTS=@OLD_CHARACTER_SET_RESULTS */;
/*!40101 SET COLLATION_CONNECTION=@OLD_COLLATION_CONNECTION */;
/*!40111 SET SQL_NOTES=@OLD_SQL_NOTES */;

-- Dump completed on 2016-03-21 16:00:17
